{
  "templateMinVersion": "15.0.0",
  "deviceType": [
    "vedge-C1111X-8P"
  ],
  "templateType": "cisco_vpn",
  "lastUpdatedBy": "admin",
  "editedTemplateDefinition": {
    "vpn-id": {
      "vipObjectType": "object",
      "vipType": "constant",
      "vipValue": 50
    },
    "name": {
      "vipObjectType": "object",
      "vipType": "constant",
      "vipValue": "IoT",
      "vipVariableName": "vpn_name"
    },
    "ecmp-hash-key": {
      "layer4": {
        "vipObjectType": "object",
        "vipType": "ignore",
        "vipValue": "false",
        "vipVariableName": "vpn_layer4"
      }
    },
    "nat64-global": {
      "prefix": {
        "stateful": {}
      }
    },
    "nat64": {
      "v4": {
        "pool": {
          "vipType": "ignore",
          "vipValue": [],
          "vipObjectType": "tree",
          "vipPrimaryKey": [
            "name"
          ]
        }
      }
    },
    "host": {
      "vipType": "ignore",
      "vipValue": [],
      "vipObjectType": "tree",
      "vipPrimaryKey": [
        "hostname"
      ]
    },
    "service": {
      "vipType": "ignore",
      "vipValue": [],
      "vipObjectType": "tree",
      "vipPrimaryKey": [
        "svc-type"
      ]
    },
    "ip": {
      "gre-route": {},
      "ipsec-route": {},
      "service-route": {}
    },
    "ipv6": {},
    "omp": {
      "advertise": {
        "vipType": "constant",
        "vipValue": [
          {
            "priority-order": [
              "protocol"
            ],
            "protocol": {
              "vipType": "constant",
              "vipValue": "bgp",
              "vipObjectType": "object"
            }
          },
          {
            "priority-order": [
              "protocol"
            ],
            "protocol": {
              "vipType": "constant",
              "vipValue": "static",
              "vipObjectType": "object"
            }
          },
          {
            "priority-order": [
              "protocol"
            ],
            "protocol": {
              "vipType": "constant",
              "vipValue": "connected",
              "vipObjectType": "object"
            }
          },
          {
            "priority-order": [
              "protocol",
              "protocol-sub-type"
            ],
            "protocol": {
              "vipType": "constant",
              "vipValue": "ospf",
              "vipObjectType": "object"
            },
            "protocol-sub-type": {
              "vipType": "constant",
              "vipValue": "external",
              "vipObjectType": "object"
            }
          },
          {
            "priority-order": [
              "protocol"
            ],
            "protocol": {
              "vipType": "constant",
              "vipValue": "eigrp",
              "vipObjectType": "object"
            }
          }
        ],
        "vipObjectType": "tree",
        "vipPrimaryKey": [
          "protocol"
        ]
      },
      "ipv6-advertise": {
        "vipType": "ignore",
        "vipValue": [],
        "vipObjectType": "tree",
        "vipPrimaryKey": [
          "protocol"
        ]
      }
    }
  },
  "gTemplateClass": "cedge",
  "templateDefinition": {
    "vpn-id": {
      "vipObjectType": "object",
      "vipType": "constant",
      "vipValue": 50
    },
    "name": {
      "vipObjectType": "object",
      "vipType": "constant",
      "vipValue": "IoT",
      "vipVariableName": "vpn_name"
    },
    "ecmp-hash-key": {
      "layer4": {
        "vipObjectType": "object",
        "vipType": "ignore",
        "vipValue": "false",
        "vipVariableName": "vpn_layer4"
      }
    },
    "nat64-global": {
      "prefix": {
        "stateful": {}
      }
    },
    "nat64": {
      "v4": {
        "pool": {
          "vipType": "ignore",
          "vipValue": [],
          "vipObjectType": "tree",
          "vipPrimaryKey": [
            "name"
          ]
        }
      }
    },
    "host": {
      "vipType": "ignore",
      "vipValue": [],
      "vipObjectType": "tree",
      "vipPrimaryKey": [
        "hostname"
      ]
    },
    "service": {
      "vipType": "ignore",
      "vipValue": [],
      "vipObjectType": "tree",
      "vipPrimaryKey": [
        "svc-type"
      ]
    },
    "ip": {
      "gre-route": {},
      "ipsec-route": {},
      "service-route": {}
    },
    "ipv6": {},
    "omp": {
      "advertise": {
        "vipType": "constant",
        "vipValue": [
          {
            "priority-order": [
              "protocol"
            ],
            "protocol": {
              "vipType": "constant",
              "vipValue": "bgp",
              "vipObjectType": "object"
            }
          },
          {
            "priority-order": [
              "protocol"
            ],
            "protocol": {
              "vipType": "constant",
              "vipValue": "static",
              "vipObjectType": "object"
            }
          },
          {
            "priority-order": [
              "protocol"
            ],
            "protocol": {
              "vipType": "constant",
              "vipValue": "connected",
              "vipObjectType": "object"
            }
          },
          {
            "priority-order": [
              "protocol",
              "protocol-sub-type"
            ],
            "protocol": {
              "vipType": "constant",
              "vipValue": "ospf",
              "vipObjectType": "object"
            },
            "protocol-sub-type": {
              "vipType": "constant",
              "vipValue": "external",
              "vipObjectType": "object"
            }
          },
          {
            "priority-order": [
              "protocol"
            ],
            "protocol": {
              "vipType": "constant",
              "vipValue": "eigrp",
              "vipObjectType": "object"
            }
          }
        ],
        "vipObjectType": "tree",
        "vipPrimaryKey": [
          "protocol"
        ]
      },
      "ipv6-advertise": {
        "vipType": "ignore",
        "vipValue": [],
        "vipObjectType": "tree",
        "vipPrimaryKey": [
          "protocol"
        ]
      }
    }
  },
  "templateId": "a6d1da32-3cbe-4169-9821-2f2b68a768f4",
  "configType": "xml",
  "attachedMastersCount": 0,
  "createdOn": 1605917951223,
  "@rid": 380,
  "feature": "vmanage-default",
  "factoryDefault": false,
  "templateName": "c1111x-8p-vpn50",
  "createdBy": "admin",
  "devicesAttached": 0,
  "templateDescription": "c1111x-8p-vpn50",
  "lastUpdatedOn": 1605917951223
}