{
  "templateMinVersion": "15.0.0",
  "deviceType": [
    "vedge-C1111X-8P"
  ],
  "templateType": "vpn-interface-svi",
  "lastUpdatedBy": "admin",
  "editedTemplateDefinition": {
    "if-name": {
      "vipObjectType": "object",
      "vipType": "constant",
      "vipValue": "Vlan55",
      "vipVariableName": "vpn_if_svi_if_name"
    },
    "description": {
      "vipObjectType": "object",
      "vipType": "ignore",
      "vipVariableName": "vpn_if_svi_description"
    },
    "ip": {
      "address": {
        "vipObjectType": "object",
        "vipType": "constant",
        "vipValue": "10.5.50.3/24",
        "vipVariableName": "vpn_if_svi_if_ipv4_prefix"
      },
      "secondary-address": {
        "vipType": "ignore",
        "vipValue": [],
        "vipObjectType": "tree",
        "vipPrimaryKey": [
          "address"
        ]
      }
    },
    "ipv6": {
      "address": {
        "vipObjectType": "object",
        "vipType": "ignore",
        "vipVariableName": "vpn_if_svi_ipv6_ipv6_address"
      },
      "secondary-address": {
        "vipType": "ignore",
        "vipValue": [],
        "vipObjectType": "tree",
        "vipPrimaryKey": [
          "address"
        ]
      },
      "access-list": {
        "vipType": "ignore",
        "vipValue": [],
        "vipObjectType": "tree",
        "vipPrimaryKey": [
          "direction"
        ]
      },
      "dhcp-helper-v6": {
        "vipType": "ignore",
        "vipValue": [],
        "vipObjectType": "tree",
        "vipPrimaryKey": [
          "address"
        ]
      }
    },
    "dhcp-helper": {
      "vipObjectType": "list",
      "vipType": "ignore",
      "vipVariableName": "vpn_if_svi_dhcp_helper"
    },
    "mtu": {
      "vipObjectType": "object",
      "vipType": "ignore",
      "vipValue": 1500,
      "vipVariableName": "vpn_if_svi_ip_mtu"
    },
    "tcp-mss-adjust": {
      "vipObjectType": "object",
      "vipType": "ignore",
      "vipVariableName": "vpn_if_svi_tcp_mss_adjust"
    },
    "shutdown": {
      "vipObjectType": "object",
      "vipType": "constant",
      "vipValue": "false",
      "vipVariableName": "vpn_if_svi_shutdown"
    },
    "arp-timeout": {
      "vipObjectType": "object",
      "vipType": "ignore",
      "vipValue": 1200,
      "vipVariableName": "vpn_if_svi_arp_timeout"
    },
    "access-list": {
      "vipType": "ignore",
      "vipValue": [],
      "vipObjectType": "tree",
      "vipPrimaryKey": [
        "direction"
      ]
    },
    "ip-directed-broadcast": {
      "vipObjectType": "object",
      "vipType": "ignore",
      "vipValue": "false",
      "vipVariableName": "vpn_if_ip-directed-broadcast"
    },
    "vrrp": {
      "vipType": "constant",
      "vipValue": [
        {
          "grp-id": {
            "vipObjectType": "object",
            "vipType": "constant",
            "vipValue": 1,
            "vipVariableName": "vpn_if_vrrp_grpid"
          },
          "priority": {
            "vipObjectType": "object",
            "vipType": "constant",
            "vipValue": 105,
            "vipVariableName": "vpn_if_vrrp_priority"
          },
          "timer": {
            "vipObjectType": "object",
            "vipType": "ignore",
            "vipValue": 1,
            "vipVariableName": "vpn_if_vrrp_timer"
          },
          "track-omp": {
            "vipObjectType": "node-only",
            "vipType": "ignore",
            "vipValue": "false",
            "vipVariableName": "vpn_if_vrrp_track_omp"
          },
          "track-prefix-list": {
            "vipObjectType": "object",
            "vipType": "ignore",
            "vipVariableName": "vpn_if_vrrp_track_prefix_list"
          },
          "ipv4": {
            "address": {
              "vipObjectType": "object",
              "vipType": "constant",
              "vipValue": "10.5.50.1",
              "vipVariableName": "vpn_if_vrrp_vrrp_ipaddress"
            }
          },
          "ipv4-secondary": {
            "vipType": "ignore",
            "vipValue": [],
            "vipPrimaryKey": [
              "address"
            ]
          },
          "priority-order": [
            "grp-id",
            "priority",
            "timer",
            "track-omp",
            "track-prefix-list",
            "ipv4",
            "ipv4-secondary"
          ]
        }
      ],
      "vipObjectType": "tree",
      "vipPrimaryKey": [
        "grp-id"
      ]
    },
    "ipv6-vrrp": {
      "vipType": "ignore",
      "vipValue": [],
      "vipObjectType": "tree",
      "vipPrimaryKey": [
        "grp-id"
      ]
    }
  },
  "gTemplateClass": "cedge",
  "templateDefinition": {
    "if-name": {
      "vipObjectType": "object",
      "vipType": "constant",
      "vipValue": "Vlan55",
      "vipVariableName": "vpn_if_svi_if_name"
    },
    "description": {
      "vipObjectType": "object",
      "vipType": "ignore",
      "vipVariableName": "vpn_if_svi_description"
    },
    "ip": {
      "address": {
        "vipObjectType": "object",
        "vipType": "constant",
        "vipValue": "10.5.50.3/24",
        "vipVariableName": "vpn_if_svi_if_ipv4_prefix"
      },
      "secondary-address": {
        "vipType": "ignore",
        "vipValue": [],
        "vipObjectType": "tree",
        "vipPrimaryKey": [
          "address"
        ]
      }
    },
    "ipv6": {
      "address": {
        "vipObjectType": "object",
        "vipType": "ignore",
        "vipVariableName": "vpn_if_svi_ipv6_ipv6_address"
      },
      "secondary-address": {
        "vipType": "ignore",
        "vipValue": [],
        "vipObjectType": "tree",
        "vipPrimaryKey": [
          "address"
        ]
      },
      "access-list": {
        "vipType": "ignore",
        "vipValue": [],
        "vipObjectType": "tree",
        "vipPrimaryKey": [
          "direction"
        ]
      },
      "dhcp-helper-v6": {
        "vipType": "ignore",
        "vipValue": [],
        "vipObjectType": "tree",
        "vipPrimaryKey": [
          "address"
        ]
      }
    },
    "dhcp-helper": {
      "vipObjectType": "list",
      "vipType": "ignore",
      "vipVariableName": "vpn_if_svi_dhcp_helper"
    },
    "mtu": {
      "vipObjectType": "object",
      "vipType": "ignore",
      "vipValue": 1500,
      "vipVariableName": "vpn_if_svi_ip_mtu"
    },
    "tcp-mss-adjust": {
      "vipObjectType": "object",
      "vipType": "ignore",
      "vipVariableName": "vpn_if_svi_tcp_mss_adjust"
    },
    "shutdown": {
      "vipObjectType": "object",
      "vipType": "constant",
      "vipValue": "false",
      "vipVariableName": "vpn_if_svi_shutdown"
    },
    "arp-timeout": {
      "vipObjectType": "object",
      "vipType": "ignore",
      "vipValue": 1200,
      "vipVariableName": "vpn_if_svi_arp_timeout"
    },
    "access-list": {
      "vipType": "ignore",
      "vipValue": [],
      "vipObjectType": "tree",
      "vipPrimaryKey": [
        "direction"
      ]
    },
    "ip-directed-broadcast": {
      "vipObjectType": "object",
      "vipType": "ignore",
      "vipValue": "false",
      "vipVariableName": "vpn_if_ip-directed-broadcast"
    },
    "vrrp": {
      "vipType": "constant",
      "vipValue": [
        {
          "grp-id": {
            "vipObjectType": "object",
            "vipType": "constant",
            "vipValue": 1,
            "vipVariableName": "vpn_if_vrrp_grpid"
          },
          "priority": {
            "vipObjectType": "object",
            "vipType": "constant",
            "vipValue": 105,
            "vipVariableName": "vpn_if_vrrp_priority"
          },
          "timer": {
            "vipObjectType": "object",
            "vipType": "ignore",
            "vipValue": 1,
            "vipVariableName": "vpn_if_vrrp_timer"
          },
          "track-omp": {
            "vipObjectType": "node-only",
            "vipType": "ignore",
            "vipValue": "false",
            "vipVariableName": "vpn_if_vrrp_track_omp"
          },
          "track-prefix-list": {
            "vipObjectType": "object",
            "vipType": "ignore",
            "vipVariableName": "vpn_if_vrrp_track_prefix_list"
          },
          "ipv4": {
            "address": {
              "vipObjectType": "object",
              "vipType": "constant",
              "vipValue": "10.5.50.1",
              "vipVariableName": "vpn_if_vrrp_vrrp_ipaddress"
            }
          },
          "ipv4-secondary": {
            "vipType": "ignore",
            "vipValue": [],
            "vipPrimaryKey": [
              "address"
            ]
          },
          "priority-order": [
            "grp-id",
            "priority",
            "timer",
            "track-omp",
            "track-prefix-list",
            "ipv4",
            "ipv4-secondary"
          ]
        }
      ],
      "vipObjectType": "tree",
      "vipPrimaryKey": [
        "grp-id"
      ]
    },
    "ipv6-vrrp": {
      "vipType": "ignore",
      "vipValue": [],
      "vipObjectType": "tree",
      "vipPrimaryKey": [
        "grp-id"
      ]
    }
  },
  "templateId": "a03f0b54-12b6-4842-9076-22f3225ab7a5",
  "configType": "xml",
  "attachedMastersCount": 0,
  "createdOn": 1605917951916,
  "@rid": 389,
  "feature": "vmanage-default",
  "factoryDefault": false,
  "templateName": "c1111x-8p-vpn50-vlan-svi-mia1",
  "createdBy": "admin",
  "devicesAttached": 0,
  "templateDescription": "c1111x-8p-vpn50-vlan-svi-mia1",
  "lastUpdatedOn": 1605917951916
}