{
  "templateMinVersion": "15.0.0",
  "templateType": "cisco_security",
  "deviceType": [
    "vedge-C8000V",
    "vedge-C1111-8PLTELA",
    "vedge-CSR-1000v",
    "vedge-ISR-4331"
  ],
  "lastUpdatedBy": "system",
  "editedTemplateDefinition": {
    "ipsec": {
      "rekey": {
        "vipValue": "",
        "vipObjectType": "object",
        "vipType": "ignore"
      },
      "replay-window": {
        "vipValue": "",
        "vipObjectType": "object",
        "vipType": "ignore"
      },
      "authentication-type": {
        "vipValue": [
          "ah-sha1-hmac",
          "sha1-hmac"
        ],
        "vipObjectType": "list",
        "vipType": "constant"
      },
      "pairwise-keying": {
        "vipValue": "",
        "vipObjectType": "object",
        "vipType": "ignore"
      }
    }
  },
  "gTemplateClass": "cedge",
  "templateDefinition": {
    "ipsec": {
      "rekey": {
        "vipValue": "",
        "vipObjectType": "object",
        "vipType": "ignore"
      },
      "replay-window": {
        "vipValue": "",
        "vipObjectType": "object",
        "vipType": "ignore"
      },
      "authentication-type": {
        "vipValue": [
          "ah-sha1-hmac",
          "sha1-hmac"
        ],
        "vipObjectType": "list",
        "vipType": "constant"
      },
      "pairwise-keying": {
        "vipValue": "",
        "vipObjectType": "object",
        "vipType": "ignore"
      }
    }
  },
  "templateId": "5c270815-bc17-4afe-b177-39e24fb3f3ef",
  "configType": "xml",
  "attachedMastersCount": 11,
  "createdOn": 1605914005947,
  "@rid": 145,
  "feature": "vmanage-default",
  "factoryDefault": true,
  "createdBy": "system",
  "templateName": "Default_Security_Cisco_V01",
  "devicesAttached": 0,
  "templateDescription": "Factory Default template for Security Cisco",
  "lastUpdatedOn": 1605914005947
}