{
  "templateMinVersion": "15.0.0",
  "templateType": "cisco_bfd",
  "deviceType": [
    "vedge-C8000V",
    "vedge-C1111-8PLTELA",
    "vedge-CSR-1000v",
    "vedge-ISR-4331"
  ],
  "lastUpdatedBy": "system",
  "editedTemplateDefinition": {
    "app-route": {
      "multiplier": {
        "vipValue": 2,
        "vipObjectType": "object",
        "vipType": "constant",
        "vipVariableName": ""
      },
      "poll-interval": {
        "vipValue": 123400,
        "vipObjectType": "object",
        "vipType": "constant",
        "vipVariableName": ""
      }
    },
    "color": {
      "vipValue": [
        {
          "color": {
            "vipValue": "lte",
            "vipObjectType": "object",
            "vipType": "constant",
            "vipVariableName": ""
          },
          "hello-interval": {
            "vipValue": 1000,
            "vipObjectType": "object",
            "vipType": "constant",
            "vipVariableName": ""
          },
          "multiplier": {
            "vipValue": 1,
            "vipObjectType": "object",
            "vipType": "constant",
            "vipVariableName": ""
          },
          "pmtu-discovery": {
            "vipValue": "false",
            "vipObjectType": "object",
            "vipType": "constant",
            "vipVariableName": ""
          },
          "priority-order": [
            "color",
            "hello-interval",
            "multiplier",
            "pmtu-discovery"
          ]
        }
      ],
      "vipObjectType": "tree",
      "vipType": "constant",
      "vipPrimaryKey": [
        "color"
      ]
    }
  },
  "gTemplateClass": "cedge",
  "templateDefinition": {
    "app-route": {
      "multiplier": {
        "vipValue": 2,
        "vipObjectType": "object",
        "vipType": "constant",
        "vipVariableName": ""
      },
      "poll-interval": {
        "vipValue": 123400,
        "vipObjectType": "object",
        "vipType": "constant",
        "vipVariableName": ""
      }
    },
    "color": {
      "vipValue": [
        {
          "color": {
            "vipValue": "lte",
            "vipObjectType": "object",
            "vipType": "constant",
            "vipVariableName": ""
          },
          "hello-interval": {
            "vipValue": 1000,
            "vipObjectType": "object",
            "vipType": "constant",
            "vipVariableName": ""
          },
          "multiplier": {
            "vipValue": 1,
            "vipObjectType": "object",
            "vipType": "constant",
            "vipVariableName": ""
          },
          "pmtu-discovery": {
            "vipValue": "false",
            "vipObjectType": "object",
            "vipType": "constant",
            "vipVariableName": ""
          },
          "priority-order": [
            "color",
            "hello-interval",
            "multiplier",
            "pmtu-discovery"
          ]
        }
      ],
      "vipObjectType": "tree",
      "vipType": "constant",
      "vipPrimaryKey": [
        "color"
      ]
    }
  },
  "templateId": "7f166a3f-e011-4031-bbc4-afaf0e101d0d",
  "configType": "xml",
  "attachedMastersCount": 9,
  "createdOn": 1605914004098,
  "@rid": 110,
  "feature": "vmanage-default",
  "factoryDefault": true,
  "createdBy": "system",
  "templateName": "Default_BFD_Cisco_V01",
  "devicesAttached": 0,
  "templateDescription": "Factory Default template for BFD Cisco",
  "lastUpdatedOn": 1605914004098
}