{
  "templateMinVersion": "15.0.0",
  "deviceType": [
    "vedge-C8000V"
  ],
  "templateType": "cisco_vpn",
  "lastUpdatedBy": "system",
  "editedTemplateDefinition": {
    "vpn-id": {
      "vipObjectType": "object",
      "vipType": "constant",
      "vipValue": 99
    },
    "name": {
      "vipObjectType": "object",
      "vipType": "constant",
      "vipValue": "Guest Wifi",
      "vipVariableName": "vpn_name"
    },
    "ecmp-hash-key": {
      "layer4": {
        "vipObjectType": "object",
        "vipType": "ignore",
        "vipValue": "false",
        "vipVariableName": "vpn_layer4"
      }
    },
    "nat64-global": {
      "prefix": {
        "stateful": {}
      }
    },
    "nat64": {
      "v4": {
        "pool": {
          "vipType": "ignore",
          "vipValue": [],
          "vipObjectType": "tree",
          "vipPrimaryKey": [
            "name"
          ]
        }
      }
    },
    "nat": {
      "natpool": {
        "vipType": "ignore",
        "vipValue": [],
        "vipObjectType": "tree",
        "vipPrimaryKey": [
          "name"
        ]
      },
      "port-forward": {
        "vipType": "ignore",
        "vipValue": [],
        "vipObjectType": "tree",
        "vipPrimaryKey": [
          "source-port",
          "translate-port"
        ]
      },
      "static": {
        "vipType": "ignore",
        "vipValue": [],
        "vipObjectType": "tree",
        "vipPrimaryKey": [
          "source-ip",
          "translate-ip"
        ]
      }
    },
    "route-import": {
      "vipType": "ignore",
      "vipValue": [],
      "vipObjectType": "tree",
      "vipPrimaryKey": [
        "protocol"
      ]
    },
    "route-export": {
      "vipType": "ignore",
      "vipValue": [],
      "vipObjectType": "tree",
      "vipPrimaryKey": [
        "protocol"
      ]
    },
    "host": {
      "vipType": "ignore",
      "vipValue": [],
      "vipObjectType": "tree",
      "vipPrimaryKey": [
        "hostname"
      ]
    },
    "service": {
      "vipType": "ignore",
      "vipValue": [],
      "vipObjectType": "tree",
      "vipPrimaryKey": [
        "svc-type"
      ]
    },
    "ip": {
      "route": {
        "vipType": "constant",
        "vipValue": [
          {
            "prefix": {
              "vipObjectType": "object",
              "vipType": "constant",
              "vipValue": "0.0.0.0/0",
              "vipVariableName": "vpn_ipv4_ip_prefix"
            },
            "vpn": {
              "vipType": "constant",
              "vipObjectType": "object",
              "vipValue": 0
            },
            "priority-order": [
              "prefix",
              "vpn"
            ]
          }
        ],
        "vipObjectType": "tree",
        "vipPrimaryKey": [
          "prefix"
        ]
      },
      "gre-route": {},
      "ipsec-route": {},
      "service-route": {}
    },
    "ipv6": {},
    "omp": {
      "advertise": {
        "vipType": "ignore",
        "vipValue": [],
        "vipObjectType": "tree",
        "vipPrimaryKey": [
          "protocol"
        ]
      },
      "ipv6-advertise": {
        "vipType": "ignore",
        "vipValue": [],
        "vipObjectType": "tree",
        "vipPrimaryKey": [
          "protocol"
        ]
      }
    }
  },
  "gTemplateClass": "cedge",
  "templateDefinition": {
    "vpn-id": {
      "vipObjectType": "object",
      "vipType": "constant",
      "vipValue": 99
    },
    "name": {
      "vipObjectType": "object",
      "vipType": "constant",
      "vipValue": "Guest Wifi",
      "vipVariableName": "vpn_name"
    },
    "ecmp-hash-key": {
      "layer4": {
        "vipObjectType": "object",
        "vipType": "ignore",
        "vipValue": "false",
        "vipVariableName": "vpn_layer4"
      }
    },
    "nat64-global": {
      "prefix": {
        "stateful": {}
      }
    },
    "nat64": {
      "v4": {
        "pool": {
          "vipType": "ignore",
          "vipValue": [],
          "vipObjectType": "tree",
          "vipPrimaryKey": [
            "name"
          ]
        }
      }
    },
    "nat": {
      "natpool": {
        "vipType": "ignore",
        "vipValue": [],
        "vipObjectType": "tree",
        "vipPrimaryKey": [
          "name"
        ]
      },
      "port-forward": {
        "vipType": "ignore",
        "vipValue": [],
        "vipObjectType": "tree",
        "vipPrimaryKey": [
          "source-port",
          "translate-port"
        ]
      },
      "static": {
        "vipType": "ignore",
        "vipValue": [],
        "vipObjectType": "tree",
        "vipPrimaryKey": [
          "source-ip",
          "translate-ip"
        ]
      }
    },
    "route-import": {
      "vipType": "ignore",
      "vipValue": [],
      "vipObjectType": "tree",
      "vipPrimaryKey": [
        "protocol"
      ]
    },
    "route-export": {
      "vipType": "ignore",
      "vipValue": [],
      "vipObjectType": "tree",
      "vipPrimaryKey": [
        "protocol"
      ]
    },
    "host": {
      "vipType": "ignore",
      "vipValue": [],
      "vipObjectType": "tree",
      "vipPrimaryKey": [
        "hostname"
      ]
    },
    "service": {
      "vipType": "ignore",
      "vipValue": [],
      "vipObjectType": "tree",
      "vipPrimaryKey": [
        "svc-type"
      ]
    },
    "ip": {
      "route": {
        "vipType": "constant",
        "vipValue": [
          {
            "prefix": {
              "vipObjectType": "object",
              "vipType": "constant",
              "vipValue": "0.0.0.0/0",
              "vipVariableName": "vpn_ipv4_ip_prefix"
            },
            "vpn": {
              "vipType": "constant",
              "vipObjectType": "object",
              "vipValue": 0
            },
            "priority-order": [
              "prefix",
              "vpn"
            ]
          }
        ],
        "vipObjectType": "tree",
        "vipPrimaryKey": [
          "prefix"
        ]
      },
      "gre-route": {},
      "ipsec-route": {},
      "service-route": {}
    },
    "ipv6": {},
    "omp": {
      "advertise": {
        "vipType": "ignore",
        "vipValue": [],
        "vipObjectType": "tree",
        "vipPrimaryKey": [
          "protocol"
        ]
      },
      "ipv6-advertise": {
        "vipType": "ignore",
        "vipValue": [],
        "vipObjectType": "tree",
        "vipPrimaryKey": [
          "protocol"
        ]
      }
    }
  },
  "templateId": "b21ad24e-e28c-4cf5-875d-8b7ad3b8437d",
  "configType": "xml",
  "attachedMastersCount": 2,
  "createdOn": 1620836766365,
  "@rid": 637,
  "feature": "vmanage-default",
  "factoryDefault": true,
  "createdBy": "system",
  "templateName": "Factory_Default_Retail_Guest_Wifi_NAT_DIA_Route",
  "devicesAttached": 0,
  "templateDescription": "Factory Default Retail Guest Wifi NAT DIA Route",
  "lastUpdatedOn": 1620836766365
}