{
  "templateMinVersion": "15.0.0",
  "deviceType": [
    "vsmart",
    "vmanage"
  ],
  "templateType": "vpn-vsmart",
  "lastUpdatedBy": "system",
  "editedTemplateDefinition": {
    "vpn-id": {
      "vipObjectType": "object",
      "vipType": "constant",
      "vipValue": "512"
    },
    "name": {
      "vipObjectType": "object",
      "vipType": "ignore"
    },
    "host": {
      "vipType": "ignore",
      "vipValue": [],
      "vipObjectType": "tree",
      "vipPrimaryKey": [
        "hostname"
      ]
    },
    "ip": {},
    "ipv6": {}
  },
  "gTemplateClass": "vedge",
  "templateDefinition": {
    "vpn-id": {
      "vipObjectType": "object",
      "vipType": "constant",
      "vipValue": "512"
    },
    "name": {
      "vipObjectType": "object",
      "vipType": "ignore"
    },
    "host": {
      "vipType": "ignore",
      "vipValue": [],
      "vipObjectType": "tree",
      "vipPrimaryKey": [
        "hostname"
      ]
    },
    "ip": {},
    "ipv6": {}
  },
  "templateId": "12327644-ba16-404b-b78a-4b60737e183e",
  "attachedMastersCount": 0,
  "configType": "xml",
  "createdOn": 1605914008602,
  "@rid": 163,
  "feature": "vmanage-default",
  "factoryDefault": true,
  "createdBy": "system",
  "templateName": "Factory_Default_vSmart_vManage_VPN_512_Template",
  "devicesAttached": 0,
  "templateDescription": "Default Management VPN template settings for vSmart and vManage",
  "lastUpdatedOn": 1605914008602
}