{
  "templateType": "cisco_vpn_interface",
  "deviceType": [
    "vedge-C8000V"
  ],
  "templateMinVersion": "15.0.0",
  "lastUpdatedBy": "system",
  "editedTemplateDefinition": {
    "if-name": {
      "vipObjectType": "object",
      "vipType": "variableName",
      "vipValue": "",
      "vipVariableName": "Guest_VLAN_NIC"
    },
    "description": {
      "vipObjectType": "object",
      "vipType": "constant",
      "vipValue": "GUEST VLAN Nic",
      "vipVariableName": "vpn_if_description"
    },
    "ip": {
      "dhcp-client": {
        "vipObjectType": "object",
        "vipType": "constant",
        "vipValue": "true"
      },
      "dhcp-distance": {
        "vipObjectType": "object",
        "vipType": "ignore",
        "vipValue": 1,
        "vipVariableName": "vpn_if_ipv4_dhcp_distance"
      },
      "secondary-address": {
        "vipType": "ignore",
        "vipValue": [],
        "vipObjectType": "tree",
        "vipPrimaryKey": [
          "address"
        ]
      }
    },
    "dhcp-helper": {
      "vipObjectType": "list",
      "vipType": "ignore",
      "vipVariableName": "vpn_if_dhcp_helper"
    },
    "flow-control": {},
    "clear-dont-fragment": {},
    "pmtu": {},
    "mtu": {
      "vipObjectType": "object",
      "vipType": "ignore",
      "vipValue": 1500,
      "vipVariableName": "vpn_if_ip_mtu"
    },
    "static-ingress-qos": {},
    "tcp-mss-adjust": {
      "vipObjectType": "object",
      "vipType": "ignore",
      "vipVariableName": "vpn_if_tcp_mss_adjust"
    },
    "mac-address": {
      "vipObjectType": "object",
      "vipType": "ignore",
      "vipVariableName": "vpn_if_mac_address"
    },
    "speed": {
      "vipObjectType": "object",
      "vipType": "ignore",
      "vipValue": "_empty",
      "vipVariableName": "vpn_if_speed"
    },
    "duplex": {
      "vipObjectType": "object",
      "vipType": "ignore",
      "vipValue": "_empty",
      "vipVariableName": "vpn_if_duplex"
    },
    "shutdown": {
      "vipObjectType": "object",
      "vipType": "ignore",
      "vipValue": "false",
      "vipVariableName": "vpn_if_shutdown"
    },
    "arp-timeout": {
      "vipObjectType": "object",
      "vipType": "ignore",
      "vipValue": 1200,
      "vipVariableName": "vpn_if_arp_timeout"
    },
    "autonegotiate": {
      "vipObjectType": "object",
      "vipType": "ignore",
      "vipValue": "true",
      "vipVariableName": "vpn_if_autonegotiate"
    },
    "shaping-rate": {
      "vipObjectType": "object",
      "vipType": "ignore",
      "vipVariableName": "rewrite_shaping_rate"
    },
    "qos-map": {
      "vipObjectType": "object",
      "vipType": "ignore",
      "vipVariableName": "qos_map"
    },
    "tracker": {
      "vipObjectType": "list",
      "vipType": "ignore",
      "vipVariableName": "vpn_if_tracker"
    },
    "bandwidth-upstream": {
      "vipObjectType": "object",
      "vipType": "ignore",
      "vipVariableName": "vpn_if_bandwidth_upstream"
    },
    "bandwidth-downstream": {
      "vipObjectType": "object",
      "vipType": "ignore",
      "vipVariableName": "vpn_if_bandwidth_downstream"
    },
    "block-non-source-ip": {
      "vipObjectType": "object",
      "vipType": "ignore",
      "vipValue": "false",
      "vipVariableName": "vpn_if_block_non_source_ip"
    },
    "rewrite-rule": {
      "rule-name": {
        "vipObjectType": "object",
        "vipType": "ignore",
        "vipVariableName": "rewrite_rule_name"
      }
    },
    "tloc-extension": {
      "vipObjectType": "object",
      "vipType": "ignore",
      "vipVariableName": "vpn_if_tloc_extension"
    },
    "load-interval": {
      "vipObjectType": "object",
      "vipType": "ignore",
      "vipValue": 30,
      "vipVariableName": "vpn_if_load_interval"
    },
    "icmp-redirect-disable": {
      "vipObjectType": "object",
      "vipType": "ignore",
      "vipValue": "true",
      "vipVariableName": "vpn_if_icmp_redirect_disable"
    },
    "tloc-extension-gre-from": {
      "src-ip": {
        "vipObjectType": "object",
        "vipType": "ignore",
        "vipVariableName": "vpn_if_tloc-ext_gre_from_src_ip"
      },
      "xconnect": {
        "vipObjectType": "object",
        "vipType": "ignore",
        "vipVariableName": "vpn_if_tloc-ext_gre_from_xconnect"
      }
    },
    "access-list": {
      "vipType": "ignore",
      "vipValue": [],
      "vipObjectType": "tree",
      "vipPrimaryKey": [
        "direction"
      ]
    },
    "ip-directed-broadcast": {
      "vipObjectType": "object",
      "vipType": "ignore",
      "vipValue": "false",
      "vipVariableName": "vpn_if_ip-directed-broadcast"
    },
    "ipv6": {
      "access-list": {
        "vipType": "ignore",
        "vipValue": [],
        "vipObjectType": "tree",
        "vipPrimaryKey": [
          "direction"
        ]
      },
      "address": {
        "vipObjectType": "object",
        "vipType": "ignore",
        "vipValue": "",
        "vipVariableName": "vpn_if_ipv6_ipv6_address"
      },
      "dhcp-helper-v6": {
        "vipType": "ignore",
        "vipValue": [],
        "vipObjectType": "tree",
        "vipPrimaryKey": [
          "address"
        ]
      },
      "secondary-address": {
        "vipType": "ignore",
        "vipValue": [],
        "vipObjectType": "tree",
        "vipPrimaryKey": [
          "address"
        ]
      }
    },
    "arp": {
      "ip": {
        "vipType": "ignore",
        "vipValue": [],
        "vipObjectType": "tree",
        "vipPrimaryKey": [
          "addr"
        ]
      }
    },
    "vrrp": {
      "vipType": "ignore",
      "vipValue": [],
      "vipObjectType": "tree",
      "vipPrimaryKey": [
        "grp-id"
      ]
    },
    "ipv6-vrrp": {
      "vipType": "ignore",
      "vipValue": [],
      "vipObjectType": "tree",
      "vipPrimaryKey": [
        "grp-id"
      ]
    }
  },
  "gTemplateClass": "cedge",
  "templateDefinition": {
    "if-name": {
      "vipObjectType": "object",
      "vipType": "variableName",
      "vipValue": "",
      "vipVariableName": "Guest_VLAN_NIC"
    },
    "description": {
      "vipObjectType": "object",
      "vipType": "constant",
      "vipValue": "GUEST VLAN Nic",
      "vipVariableName": "vpn_if_description"
    },
    "ip": {
      "dhcp-client": {
        "vipObjectType": "object",
        "vipType": "constant",
        "vipValue": "true"
      },
      "dhcp-distance": {
        "vipObjectType": "object",
        "vipType": "ignore",
        "vipValue": 1,
        "vipVariableName": "vpn_if_ipv4_dhcp_distance"
      },
      "secondary-address": {
        "vipType": "ignore",
        "vipValue": [],
        "vipObjectType": "tree",
        "vipPrimaryKey": [
          "address"
        ]
      }
    },
    "dhcp-helper": {
      "vipObjectType": "list",
      "vipType": "ignore",
      "vipVariableName": "vpn_if_dhcp_helper"
    },
    "flow-control": {},
    "clear-dont-fragment": {},
    "pmtu": {},
    "mtu": {
      "vipObjectType": "object",
      "vipType": "ignore",
      "vipValue": 1500,
      "vipVariableName": "vpn_if_ip_mtu"
    },
    "static-ingress-qos": {},
    "tcp-mss-adjust": {
      "vipObjectType": "object",
      "vipType": "ignore",
      "vipVariableName": "vpn_if_tcp_mss_adjust"
    },
    "mac-address": {
      "vipObjectType": "object",
      "vipType": "ignore",
      "vipVariableName": "vpn_if_mac_address"
    },
    "speed": {
      "vipObjectType": "object",
      "vipType": "ignore",
      "vipValue": "_empty",
      "vipVariableName": "vpn_if_speed"
    },
    "duplex": {
      "vipObjectType": "object",
      "vipType": "ignore",
      "vipValue": "_empty",
      "vipVariableName": "vpn_if_duplex"
    },
    "shutdown": {
      "vipObjectType": "object",
      "vipType": "ignore",
      "vipValue": "false",
      "vipVariableName": "vpn_if_shutdown"
    },
    "arp-timeout": {
      "vipObjectType": "object",
      "vipType": "ignore",
      "vipValue": 1200,
      "vipVariableName": "vpn_if_arp_timeout"
    },
    "autonegotiate": {
      "vipObjectType": "object",
      "vipType": "ignore",
      "vipValue": "true",
      "vipVariableName": "vpn_if_autonegotiate"
    },
    "shaping-rate": {
      "vipObjectType": "object",
      "vipType": "ignore",
      "vipVariableName": "rewrite_shaping_rate"
    },
    "qos-map": {
      "vipObjectType": "object",
      "vipType": "ignore",
      "vipVariableName": "qos_map"
    },
    "tracker": {
      "vipObjectType": "list",
      "vipType": "ignore",
      "vipVariableName": "vpn_if_tracker"
    },
    "bandwidth-upstream": {
      "vipObjectType": "object",
      "vipType": "ignore",
      "vipVariableName": "vpn_if_bandwidth_upstream"
    },
    "bandwidth-downstream": {
      "vipObjectType": "object",
      "vipType": "ignore",
      "vipVariableName": "vpn_if_bandwidth_downstream"
    },
    "block-non-source-ip": {
      "vipObjectType": "object",
      "vipType": "ignore",
      "vipValue": "false",
      "vipVariableName": "vpn_if_block_non_source_ip"
    },
    "rewrite-rule": {
      "rule-name": {
        "vipObjectType": "object",
        "vipType": "ignore",
        "vipVariableName": "rewrite_rule_name"
      }
    },
    "tloc-extension": {
      "vipObjectType": "object",
      "vipType": "ignore",
      "vipVariableName": "vpn_if_tloc_extension"
    },
    "load-interval": {
      "vipObjectType": "object",
      "vipType": "ignore",
      "vipValue": 30,
      "vipVariableName": "vpn_if_load_interval"
    },
    "icmp-redirect-disable": {
      "vipObjectType": "object",
      "vipType": "ignore",
      "vipValue": "true",
      "vipVariableName": "vpn_if_icmp_redirect_disable"
    },
    "tloc-extension-gre-from": {
      "src-ip": {
        "vipObjectType": "object",
        "vipType": "ignore",
        "vipVariableName": "vpn_if_tloc-ext_gre_from_src_ip"
      },
      "xconnect": {
        "vipObjectType": "object",
        "vipType": "ignore",
        "vipVariableName": "vpn_if_tloc-ext_gre_from_xconnect"
      }
    },
    "access-list": {
      "vipType": "ignore",
      "vipValue": [],
      "vipObjectType": "tree",
      "vipPrimaryKey": [
        "direction"
      ]
    },
    "ip-directed-broadcast": {
      "vipObjectType": "object",
      "vipType": "ignore",
      "vipValue": "false",
      "vipVariableName": "vpn_if_ip-directed-broadcast"
    },
    "ipv6": {
      "access-list": {
        "vipType": "ignore",
        "vipValue": [],
        "vipObjectType": "tree",
        "vipPrimaryKey": [
          "direction"
        ]
      },
      "address": {
        "vipObjectType": "object",
        "vipType": "ignore",
        "vipValue": "",
        "vipVariableName": "vpn_if_ipv6_ipv6_address"
      },
      "dhcp-helper-v6": {
        "vipType": "ignore",
        "vipValue": [],
        "vipObjectType": "tree",
        "vipPrimaryKey": [
          "address"
        ]
      },
      "secondary-address": {
        "vipType": "ignore",
        "vipValue": [],
        "vipObjectType": "tree",
        "vipPrimaryKey": [
          "address"
        ]
      }
    },
    "arp": {
      "ip": {
        "vipType": "ignore",
        "vipValue": [],
        "vipObjectType": "tree",
        "vipPrimaryKey": [
          "addr"
        ]
      }
    },
    "vrrp": {
      "vipType": "ignore",
      "vipValue": [],
      "vipObjectType": "tree",
      "vipPrimaryKey": [
        "grp-id"
      ]
    },
    "ipv6-vrrp": {
      "vipType": "ignore",
      "vipValue": [],
      "vipObjectType": "tree",
      "vipPrimaryKey": [
        "grp-id"
      ]
    }
  },
  "templateId": "8e4ad093-b0ae-482d-b8c5-fd6e70bfc79c",
  "configType": "xml",
  "attachedMastersCount": 2,
  "createdOn": 1620836771815,
  "@rid": 558,
  "feature": "vmanage-default",
  "factoryDefault": true,
  "createdBy": "system",
  "templateName": "Factory_Default_Retail_GUEST_INTF_VPN99",
  "devicesAttached": 0,
  "templateDescription": "Factory Default Retail GUEST INTF VPN99",
  "lastUpdatedOn": 1620836771815
}