{
  "templateMinVersion": "15.0.0",
  "deviceType": [
    "vedge-C8000V"
  ],
  "templateType": "cisco_bfd",
  "lastUpdatedBy": "system",
  "editedTemplateDefinition": {
    "app-route": {
      "multiplier": {
        "vipObjectType": "object",
        "vipType": "ignore",
        "vipValue": 6,
        "vipVariableName": "bfd_multiplier"
      },
      "poll-interval": {
        "vipObjectType": "object",
        "vipType": "ignore",
        "vipValue": 600000,
        "vipVariableName": "bfd_poll_interval"
      }
    },
    "color": {
      "vipType": "constant",
      "vipValue": [
        {
          "color": {
            "vipObjectType": "object",
            "vipType": "constant",
            "vipValue": "lte",
            "vipVariableName": "bfd_color"
          },
          "hello-interval": {
            "vipObjectType": "object",
            "vipType": "constant",
            "vipValue": 300000,
            "vipVariableName": "bfd_hello_interval"
          },
          "multiplier": {
            "vipObjectType": "object",
            "vipType": "ignore",
            "vipValue": 7,
            "vipVariableName": "bfd_color_multiplier"
          },
          "pmtu-discovery": {
            "vipObjectType": "object",
            "vipType": "constant",
            "vipValue": "false",
            "vipVariableName": "bfd_pmtu_discovery"
          },
          "priority-order": [
            "color",
            "hello-interval",
            "multiplier",
            "pmtu-discovery"
          ]
        },
        {
          "color": {
            "vipObjectType": "object",
            "vipType": "constant",
            "vipValue": "mpls",
            "vipVariableName": "bfd_color"
          },
          "hello-interval": {
            "vipObjectType": "object",
            "vipType": "ignore",
            "vipValue": 1000,
            "vipVariableName": "bfd_hello_interval"
          },
          "multiplier": {
            "vipObjectType": "object",
            "vipType": "ignore",
            "vipValue": 7,
            "vipVariableName": "bfd_color_multiplier"
          },
          "pmtu-discovery": {
            "vipObjectType": "object",
            "vipType": "constant",
            "vipValue": "false",
            "vipVariableName": "bfd_pmtu_discovery"
          },
          "priority-order": [
            "color",
            "hello-interval",
            "multiplier",
            "pmtu-discovery"
          ]
        },
        {
          "color": {
            "vipObjectType": "object",
            "vipType": "constant",
            "vipValue": "biz-internet",
            "vipVariableName": "bfd_color"
          },
          "hello-interval": {
            "vipObjectType": "object",
            "vipType": "ignore",
            "vipValue": 1000,
            "vipVariableName": "bfd_hello_interval"
          },
          "multiplier": {
            "vipObjectType": "object",
            "vipType": "ignore",
            "vipValue": 7,
            "vipVariableName": "bfd_color_multiplier"
          },
          "pmtu-discovery": {
            "vipObjectType": "object",
            "vipType": "ignore",
            "vipValue": "true",
            "vipVariableName": "bfd_pmtu_discovery"
          },
          "priority-order": [
            "color",
            "hello-interval",
            "multiplier",
            "pmtu-discovery"
          ]
        },
        {
          "color": {
            "vipObjectType": "object",
            "vipType": "constant",
            "vipValue": "public-internet",
            "vipVariableName": "bfd_color"
          },
          "hello-interval": {
            "vipObjectType": "object",
            "vipType": "ignore",
            "vipValue": 1000,
            "vipVariableName": "bfd_hello_interval"
          },
          "multiplier": {
            "vipObjectType": "object",
            "vipType": "ignore",
            "vipValue": 7,
            "vipVariableName": "bfd_color_multiplier"
          },
          "pmtu-discovery": {
            "vipObjectType": "object",
            "vipType": "ignore",
            "vipValue": "true",
            "vipVariableName": "bfd_pmtu_discovery"
          },
          "priority-order": [
            "color",
            "hello-interval",
            "multiplier",
            "pmtu-discovery"
          ]
        }
      ],
      "vipObjectType": "tree",
      "vipPrimaryKey": [
        "color"
      ]
    }
  },
  "gTemplateClass": "cedge",
  "templateDefinition": {
    "app-route": {
      "multiplier": {
        "vipObjectType": "object",
        "vipType": "ignore",
        "vipValue": 6,
        "vipVariableName": "bfd_multiplier"
      },
      "poll-interval": {
        "vipObjectType": "object",
        "vipType": "ignore",
        "vipValue": 600000,
        "vipVariableName": "bfd_poll_interval"
      }
    },
    "color": {
      "vipType": "constant",
      "vipValue": [
        {
          "color": {
            "vipObjectType": "object",
            "vipType": "constant",
            "vipValue": "lte",
            "vipVariableName": "bfd_color"
          },
          "hello-interval": {
            "vipObjectType": "object",
            "vipType": "constant",
            "vipValue": 300000,
            "vipVariableName": "bfd_hello_interval"
          },
          "multiplier": {
            "vipObjectType": "object",
            "vipType": "ignore",
            "vipValue": 7,
            "vipVariableName": "bfd_color_multiplier"
          },
          "pmtu-discovery": {
            "vipObjectType": "object",
            "vipType": "constant",
            "vipValue": "false",
            "vipVariableName": "bfd_pmtu_discovery"
          },
          "priority-order": [
            "color",
            "hello-interval",
            "multiplier",
            "pmtu-discovery"
          ]
        },
        {
          "color": {
            "vipObjectType": "object",
            "vipType": "constant",
            "vipValue": "mpls",
            "vipVariableName": "bfd_color"
          },
          "hello-interval": {
            "vipObjectType": "object",
            "vipType": "ignore",
            "vipValue": 1000,
            "vipVariableName": "bfd_hello_interval"
          },
          "multiplier": {
            "vipObjectType": "object",
            "vipType": "ignore",
            "vipValue": 7,
            "vipVariableName": "bfd_color_multiplier"
          },
          "pmtu-discovery": {
            "vipObjectType": "object",
            "vipType": "constant",
            "vipValue": "false",
            "vipVariableName": "bfd_pmtu_discovery"
          },
          "priority-order": [
            "color",
            "hello-interval",
            "multiplier",
            "pmtu-discovery"
          ]
        },
        {
          "color": {
            "vipObjectType": "object",
            "vipType": "constant",
            "vipValue": "biz-internet",
            "vipVariableName": "bfd_color"
          },
          "hello-interval": {
            "vipObjectType": "object",
            "vipType": "ignore",
            "vipValue": 1000,
            "vipVariableName": "bfd_hello_interval"
          },
          "multiplier": {
            "vipObjectType": "object",
            "vipType": "ignore",
            "vipValue": 7,
            "vipVariableName": "bfd_color_multiplier"
          },
          "pmtu-discovery": {
            "vipObjectType": "object",
            "vipType": "ignore",
            "vipValue": "true",
            "vipVariableName": "bfd_pmtu_discovery"
          },
          "priority-order": [
            "color",
            "hello-interval",
            "multiplier",
            "pmtu-discovery"
          ]
        },
        {
          "color": {
            "vipObjectType": "object",
            "vipType": "constant",
            "vipValue": "public-internet",
            "vipVariableName": "bfd_color"
          },
          "hello-interval": {
            "vipObjectType": "object",
            "vipType": "ignore",
            "vipValue": 1000,
            "vipVariableName": "bfd_hello_interval"
          },
          "multiplier": {
            "vipObjectType": "object",
            "vipType": "ignore",
            "vipValue": 7,
            "vipVariableName": "bfd_color_multiplier"
          },
          "pmtu-discovery": {
            "vipObjectType": "object",
            "vipType": "ignore",
            "vipValue": "true",
            "vipVariableName": "bfd_pmtu_discovery"
          },
          "priority-order": [
            "color",
            "hello-interval",
            "multiplier",
            "pmtu-discovery"
          ]
        }
      ],
      "vipObjectType": "tree",
      "vipPrimaryKey": [
        "color"
      ]
    }
  },
  "templateId": "ed9d89e0-8f38-4a95-ba7d-b81ec55cf67f",
  "configType": "xml",
  "attachedMastersCount": 2,
  "createdOn": 1620836773341,
  "@rid": 702,
  "feature": "vmanage-default",
  "factoryDefault": true,
  "createdBy": "system",
  "templateName": "Factory_Default_Retail_Regular_BFD",
  "devicesAttached": 0,
  "templateDescription": "Factory Default Retail Regular BFD",
  "lastUpdatedOn": 1620836773341
}