{
  "templateMinVersion": "15.0.0",
  "deviceType": [
    "vsmart",
    "vmanage"
  ],
  "templateType": "security-vsmart",
  "lastUpdatedBy": "system",
  "editedTemplateDefinition": {
    "control": {
      "protocol": {
        "vipObjectType": "object",
        "vipType": "ignore",
        "vipValue": "dtls"
      }
    }
  },
  "gTemplateClass": "vedge",
  "templateDefinition": {
    "control": {
      "protocol": {
        "vipObjectType": "object",
        "vipType": "ignore",
        "vipValue": "dtls"
      }
    }
  },
  "templateId": "49ac8925-6db9-43a0-bd1e-b9818b2faab0",
  "configType": "xml",
  "attachedMastersCount": 1,
  "createdOn": 1605914006867,
  "@rid": 161,
  "feature": "vmanage-default",
  "factoryDefault": true,
  "createdBy": "system",
  "templateName": "Factory_Default_vSmart_vManage_Security_Template",
  "devicesAttached": 1,
  "templateDescription": "Default Security template settings for vSmart and vManage",
  "lastUpdatedOn": 1605914006867
}