{
  "templateMinVersion": "15.0.0",
  "deviceType": [
    "vedge-1000",
    "vedge-2000",
    "vedge-cloud",
    "vedge-5000",
    "vedge-ISR1100-6G",
    "vedge-100-B",
    "vedge-ISR1100-4G",
    "vedge-100",
    "vedge-ISR1100-4GLTE",
    "vedge-100-WM",
    "vedge-100-M",
    "vedge-ISR1100X-6G",
    "vedge-ISR1100X-4G"
  ],
  "templateType": "omp-vedge",
  "lastUpdatedBy": "system",
  "editedTemplateDefinition": {
    "graceful-restart": {
      "vipObjectType": "object",
      "vipType": "ignore",
      "vipValue": "true"
    },
    "send-path-limit": {
      "vipObjectType": "object",
      "vipType": "ignore",
      "vipValue": 4
    },
    "ecmp-limit": {
      "vipObjectType": "object",
      "vipType": "ignore",
      "vipValue": 4
    },
    "shutdown": {
      "vipObjectType": "object",
      "vipType": "ignore",
      "vipValue": "false"
    },
    "timers": {
      "advertisement-interval": {
        "vipObjectType": "object",
        "vipType": "ignore",
        "vipValue": 1
      },
      "graceful-restart-timer": {
        "vipObjectType": "object",
        "vipType": "ignore",
        "vipValue": 43200
      },
      "holdtime": {
        "vipObjectType": "object",
        "vipType": "ignore",
        "vipValue": 60
      }
    },
    "advertise": {
      "vipType": "constant",
      "vipValue": [
        {
          "priority-order": [
            "protocol"
          ],
          "protocol": {
            "vipType": "constant",
            "vipValue": "connected",
            "vipObjectType": "object"
          }
        },
        {
          "priority-order": [
            "protocol"
          ],
          "protocol": {
            "vipType": "constant",
            "vipValue": "static",
            "vipObjectType": "object"
          }
        }
      ],
      "vipObjectType": "tree",
      "vipPrimaryKey": [
        "protocol"
      ]
    },
    "ipv6-advertise": {
      "vipType": "constant",
      "vipValue": [
        {
          "priority-order": [
            "protocol"
          ],
          "protocol": {
            "vipType": "constant",
            "vipValue": "connected",
            "vipObjectType": "object"
          }
        },
        {
          "priority-order": [
            "protocol"
          ],
          "protocol": {
            "vipType": "constant",
            "vipValue": "static",
            "vipObjectType": "object"
          }
        }
      ],
      "vipObjectType": "tree",
      "vipPrimaryKey": [
        "protocol"
      ]
    }
  },
  "gTemplateClass": "vedge",
  "templateDefinition": {
    "graceful-restart": {
      "vipObjectType": "object",
      "vipType": "ignore",
      "vipValue": "true"
    },
    "send-path-limit": {
      "vipObjectType": "object",
      "vipType": "ignore",
      "vipValue": 4
    },
    "ecmp-limit": {
      "vipObjectType": "object",
      "vipType": "ignore",
      "vipValue": 4
    },
    "shutdown": {
      "vipObjectType": "object",
      "vipType": "ignore",
      "vipValue": "false"
    },
    "timers": {
      "advertisement-interval": {
        "vipObjectType": "object",
        "vipType": "ignore",
        "vipValue": 1
      },
      "graceful-restart-timer": {
        "vipObjectType": "object",
        "vipType": "ignore",
        "vipValue": 43200
      },
      "holdtime": {
        "vipObjectType": "object",
        "vipType": "ignore",
        "vipValue": 60
      }
    },
    "advertise": {
      "vipType": "constant",
      "vipValue": [
        {
          "priority-order": [
            "protocol"
          ],
          "protocol": {
            "vipType": "constant",
            "vipValue": "connected",
            "vipObjectType": "object"
          }
        },
        {
          "priority-order": [
            "protocol"
          ],
          "protocol": {
            "vipType": "constant",
            "vipValue": "static",
            "vipObjectType": "object"
          }
        }
      ],
      "vipObjectType": "tree",
      "vipPrimaryKey": [
        "protocol"
      ]
    },
    "ipv6-advertise": {
      "vipType": "constant",
      "vipValue": [
        {
          "priority-order": [
            "protocol"
          ],
          "protocol": {
            "vipType": "constant",
            "vipValue": "connected",
            "vipObjectType": "object"
          }
        },
        {
          "priority-order": [
            "protocol"
          ],
          "protocol": {
            "vipType": "constant",
            "vipValue": "static",
            "vipObjectType": "object"
          }
        }
      ],
      "vipObjectType": "tree",
      "vipPrimaryKey": [
        "protocol"
      ]
    }
  },
  "templateId": "8b0ecc3e-c997-4c59-a979-91641ffe1271",
  "attachedMastersCount": 0,
  "configType": "xml",
  "createdOn": 1605914006213,
  "@rid": 148,
  "feature": "vmanage-default",
  "factoryDefault": true,
  "createdBy": "system",
  "templateName": "Factory_Default_vEdge_OMP_ipv46_Template",
  "devicesAttached": 0,
  "templateDescription": "Default OMP ipv46 template settings for cEdge",
  "lastUpdatedOn": 1605914006213
}