{
  "templateMinVersion": "20.1.0",
  "deviceType": [
    "vedge-1000",
    "vedge-2000",
    "vedge-cloud",
    "vedge-5000",
    "vedge-ISR1100-6G",
    "vedge-100-B",
    "vedge-ISR1100-4G",
    "vedge-100",
    "vsmart",
    "vedge-ISR1100-4GLTE",
    "vedge-100-WM",
    "vmanage",
    "vedge-100-M",
    "vedge-ISR1100X-6G",
    "vedge-ISR1100X-4G"
  ],
  "templateType": "logging",
  "lastUpdatedBy": "system",
  "editedTemplateDefinition": {
    "disk": {
      "enable": {
        "vipObjectType": "object",
        "vipValue": "true",
        "vipType": "ignore"
      },
      "file": {
        "size": {
          "vipObjectType": "object",
          "vipValue": 10,
          "vipType": "ignore"
        },
        "rotate": {
          "vipObjectType": "object",
          "vipValue": 10,
          "vipType": "ignore"
        }
      },
      "priority": {
        "vipObjectType": "object",
        "vipValue": "information",
        "vipType": "ignore"
      }
    }
  },
  "gTemplateClass": "vedge",
  "templateDefinition": {
    "disk": {
      "enable": {
        "vipObjectType": "object",
        "vipValue": "true",
        "vipType": "ignore"
      },
      "file": {
        "size": {
          "vipObjectType": "object",
          "vipValue": 10,
          "vipType": "ignore"
        },
        "rotate": {
          "vipObjectType": "object",
          "vipValue": 10,
          "vipType": "ignore"
        }
      },
      "priority": {
        "vipObjectType": "object",
        "vipValue": "information",
        "vipType": "ignore"
      }
    }
  },
  "templateId": "7d96cb5c-fd67-42f3-8214-1b138fc44c1f",
  "configType": "xml",
  "attachedMastersCount": 2,
  "createdOn": 1605914002392,
  "@rid": 105,
  "feature": "vmanage-default",
  "factoryDefault": true,
  "createdBy": "system",
  "templateName": "Factory_Default_Logging_Template_V01",
  "devicesAttached": 2,
  "templateDescription": "Default Logging template settings Version 01",
  "lastUpdatedOn": 1605914002392
}