{
  "templateType": "cisco_vpn_interface",
  "templateMinVersion": "15.0.0",
  "deviceType": [
    "vedge-C8500-12X4QC",
    "vedge-ASR-1001-X",
    "vedge-ASR-1002-X",
    "vedge-ISR-4461",
    "vedge-ISR-4351",
    "vedge-ISR-4431",
    "vedge-ISR-4321",
    "vedge-ISR-4331",
    "vedge-ISR-4221",
    "vedge-ISR-4221X",
    "vedge-ASR-1006-X",
    "vedge-C8500L-8S4X",
    "vedge-C8500-12X",
    "vedge-ASR-1002-HX",
    "vedge-ASR-1001-HX",
    "vedge-ISR-4451-X"
  ],
  "lastUpdatedBy": "system",
  "editedTemplateDefinition": {
    "if-name": {
      "vipObjectType": "object",
      "vipType": "constant",
      "vipValue": "GigabitEthernet0",
      "vipVariableName": "vpn_if_name"
    },
    "description": {
      "vipObjectType": "object",
      "vipType": "ignore",
      "vipVariableName": "vpn_if_description"
    },
    "ip": {
      "dhcp-client": {
        "vipObjectType": "object",
        "vipType": "constant",
        "vipValue": "true"
      },
      "dhcp-distance": {
        "vipObjectType": "object",
        "vipType": "ignore",
        "vipValue": 1,
        "vipVariableName": "vpn_if_ipv4_dhcp_distance"
      },
      "secondary-address": {
        "vipType": "ignore",
        "vipValue": [],
        "vipObjectType": "tree",
        "vipPrimaryKey": [
          "address"
        ]
      }
    },
    "dhcp-helper": {
      "vipObjectType": "list",
      "vipType": "ignore",
      "vipVariableName": "vpn_if_dhcp_helper"
    },
    "flow-control": {
      "vipObjectType": "object",
      "vipType": "ignore",
      "vipValue": "autoneg",
      "vipVariableName": "vpn_if_flow_control"
    },
    "clear-dont-fragment": {
      "vipObjectType": "object",
      "vipType": "ignore",
      "vipValue": "false",
      "vipVariableName": "vpn_if_clear_dont_fragment"
    },
    "pmtu": {
      "vipObjectType": "object",
      "vipType": "ignore",
      "vipValue": "false",
      "vipVariableName": "vpn_if_pmtu"
    },
    "mtu": {
      "vipObjectType": "object",
      "vipType": "ignore",
      "vipValue": 1500,
      "vipVariableName": "vpn_if_ip_mtu"
    },
    "static-ingress-qos": {
      "vipObjectType": "object",
      "vipType": "ignore",
      "vipVariableName": "vpn_if_static_ingress_qos"
    },
    "tcp-mss-adjust": {
      "vipObjectType": "object",
      "vipType": "ignore",
      "vipVariableName": "vpn_if_tcp_mss_adjust"
    },
    "mac-address": {
      "vipObjectType": "object",
      "vipType": "ignore",
      "vipVariableName": "vpn_if_mac_address"
    },
    "speed": {
      "vipObjectType": "object",
      "vipType": "ignore",
      "vipValue": "_empty",
      "vipVariableName": "vpn_if_speed"
    },
    "duplex": {
      "vipObjectType": "object",
      "vipType": "ignore",
      "vipValue": "_empty",
      "vipVariableName": "vpn_if_duplex"
    },
    "shutdown": {
      "vipObjectType": "object",
      "vipType": "ignore",
      "vipValue": "true",
      "vipVariableName": "vpn_if_shutdown"
    },
    "arp-timeout": {
      "vipObjectType": "object",
      "vipType": "ignore",
      "vipValue": 1200,
      "vipVariableName": "vpn_if_arp_timeout"
    },
    "autonegotiate": {
      "vipObjectType": "object",
      "vipType": "ignore",
      "vipValue": "true",
      "vipVariableName": "vpn_if_autonegotiate"
    },
    "shaping-rate": {
      "vipObjectType": "object",
      "vipType": "ignore",
      "vipVariableName": "qos_shaping_rate"
    },
    "qos-map": {
      "vipObjectType": "object",
      "vipType": "ignore",
      "vipVariableName": "qos_map"
    },
    "tracker": {
      "vipObjectType": "list",
      "vipType": "ignore",
      "vipVariableName": "vpn_if_tracker"
    },
    "bandwidth-upstream": {
      "vipObjectType": "object",
      "vipType": "ignore",
      "vipVariableName": "vpn_if_bandwidth_upstream"
    },
    "bandwidth-downstream": {
      "vipObjectType": "object",
      "vipType": "ignore",
      "vipVariableName": "vpn_if_bandwidth_downstream"
    },
    "block-non-source-ip": {
      "vipObjectType": "object",
      "vipType": "ignore",
      "vipValue": "false",
      "vipVariableName": "vpn_if_block_non_source_ip"
    },
    "rewrite-rule": {
      "rule-name": {
        "vipObjectType": "object",
        "vipType": "ignore",
        "vipVariableName": "rewrite_rule_name"
      }
    },
    "tloc-extension": {
      "vipObjectType": "object",
      "vipType": "ignore",
      "vipVariableName": "vpn_if_tloc_extension"
    },
    "icmp-redirect-disable": {
      "vipObjectType": "object",
      "vipType": "ignore",
      "vipValue": "false",
      "vipVariableName": "vpn_if_icmp_redirect_disable"
    },
    "tloc-extension-gre-from": {
      "src-ip": {
        "vipObjectType": "object",
        "vipType": "ignore",
        "vipVariableName": "vpn_if_tloc-ext_gre_from_src_ip"
      },
      "xconnect": {
        "vipObjectType": "object",
        "vipType": "ignore",
        "vipVariableName": "vpn_if_tloc-ext_gre_from_xconnect"
      }
    },
    "access-list": {
      "vipType": "ignore",
      "vipValue": [],
      "vipObjectType": "tree",
      "vipPrimaryKey": [
        "direction"
      ]
    },
    "policer": {
      "vipType": "ignore",
      "vipValue": [],
      "vipObjectType": "tree",
      "vipPrimaryKey": [
        "policer-name",
        "direction"
      ]
    },
    "ip-directed-broadcast": {
      "vipObjectType": "object",
      "vipType": "ignore",
      "vipValue": "false",
      "vipVariableName": "vpn_if_ip-directed-broadcast"
    },
    "ipv6": {
      "access-list": {
        "vipType": "ignore",
        "vipValue": [],
        "vipObjectType": "tree",
        "vipPrimaryKey": [
          "direction"
        ]
      },
      "address": {
        "vipObjectType": "object",
        "vipType": "ignore",
        "vipValue": "",
        "vipVariableName": "vpn_if_ipv6_ipv6_address"
      },
      "dhcp-helper-v6": {
        "vipType": "ignore",
        "vipValue": [],
        "vipObjectType": "tree",
        "vipPrimaryKey": [
          "address"
        ]
      },
      "secondary-address": {
        "vipType": "ignore",
        "vipValue": [],
        "vipObjectType": "tree",
        "vipPrimaryKey": [
          "address"
        ]
      }
    },
    "arp": {
      "ip": {
        "vipType": "ignore",
        "vipValue": [],
        "vipObjectType": "tree",
        "vipPrimaryKey": [
          "addr"
        ]
      }
    },
    "vrrp": {
      "vipType": "ignore",
      "vipValue": [],
      "vipObjectType": "tree",
      "vipPrimaryKey": [
        "grp-id"
      ]
    },
    "ipv6-vrrp": {
      "vipType": "ignore",
      "vipValue": [],
      "vipObjectType": "tree",
      "vipPrimaryKey": [
        "grp-id"
      ]
    },
    "dot1x": {
      "vipType": "ignore",
      "vipObjectType": "node-only"
    }
  },
  "gTemplateClass": "cedge",
  "templateDefinition": {
    "if-name": {
      "vipObjectType": "object",
      "vipType": "constant",
      "vipValue": "GigabitEthernet0",
      "vipVariableName": "vpn_if_name"
    },
    "description": {
      "vipObjectType": "object",
      "vipType": "ignore",
      "vipVariableName": "vpn_if_description"
    },
    "ip": {
      "dhcp-client": {
        "vipObjectType": "object",
        "vipType": "constant",
        "vipValue": "true"
      },
      "dhcp-distance": {
        "vipObjectType": "object",
        "vipType": "ignore",
        "vipValue": 1,
        "vipVariableName": "vpn_if_ipv4_dhcp_distance"
      },
      "secondary-address": {
        "vipType": "ignore",
        "vipValue": [],
        "vipObjectType": "tree",
        "vipPrimaryKey": [
          "address"
        ]
      }
    },
    "dhcp-helper": {
      "vipObjectType": "list",
      "vipType": "ignore",
      "vipVariableName": "vpn_if_dhcp_helper"
    },
    "flow-control": {
      "vipObjectType": "object",
      "vipType": "ignore",
      "vipValue": "autoneg",
      "vipVariableName": "vpn_if_flow_control"
    },
    "clear-dont-fragment": {
      "vipObjectType": "object",
      "vipType": "ignore",
      "vipValue": "false",
      "vipVariableName": "vpn_if_clear_dont_fragment"
    },
    "pmtu": {
      "vipObjectType": "object",
      "vipType": "ignore",
      "vipValue": "false",
      "vipVariableName": "vpn_if_pmtu"
    },
    "mtu": {
      "vipObjectType": "object",
      "vipType": "ignore",
      "vipValue": 1500,
      "vipVariableName": "vpn_if_ip_mtu"
    },
    "static-ingress-qos": {
      "vipObjectType": "object",
      "vipType": "ignore",
      "vipVariableName": "vpn_if_static_ingress_qos"
    },
    "tcp-mss-adjust": {
      "vipObjectType": "object",
      "vipType": "ignore",
      "vipVariableName": "vpn_if_tcp_mss_adjust"
    },
    "mac-address": {
      "vipObjectType": "object",
      "vipType": "ignore",
      "vipVariableName": "vpn_if_mac_address"
    },
    "speed": {
      "vipObjectType": "object",
      "vipType": "ignore",
      "vipValue": "_empty",
      "vipVariableName": "vpn_if_speed"
    },
    "duplex": {
      "vipObjectType": "object",
      "vipType": "ignore",
      "vipValue": "_empty",
      "vipVariableName": "vpn_if_duplex"
    },
    "shutdown": {
      "vipObjectType": "object",
      "vipType": "ignore",
      "vipValue": "true",
      "vipVariableName": "vpn_if_shutdown"
    },
    "arp-timeout": {
      "vipObjectType": "object",
      "vipType": "ignore",
      "vipValue": 1200,
      "vipVariableName": "vpn_if_arp_timeout"
    },
    "autonegotiate": {
      "vipObjectType": "object",
      "vipType": "ignore",
      "vipValue": "true",
      "vipVariableName": "vpn_if_autonegotiate"
    },
    "shaping-rate": {
      "vipObjectType": "object",
      "vipType": "ignore",
      "vipVariableName": "qos_shaping_rate"
    },
    "qos-map": {
      "vipObjectType": "object",
      "vipType": "ignore",
      "vipVariableName": "qos_map"
    },
    "tracker": {
      "vipObjectType": "list",
      "vipType": "ignore",
      "vipVariableName": "vpn_if_tracker"
    },
    "bandwidth-upstream": {
      "vipObjectType": "object",
      "vipType": "ignore",
      "vipVariableName": "vpn_if_bandwidth_upstream"
    },
    "bandwidth-downstream": {
      "vipObjectType": "object",
      "vipType": "ignore",
      "vipVariableName": "vpn_if_bandwidth_downstream"
    },
    "block-non-source-ip": {
      "vipObjectType": "object",
      "vipType": "ignore",
      "vipValue": "false",
      "vipVariableName": "vpn_if_block_non_source_ip"
    },
    "rewrite-rule": {
      "rule-name": {
        "vipObjectType": "object",
        "vipType": "ignore",
        "vipVariableName": "rewrite_rule_name"
      }
    },
    "tloc-extension": {
      "vipObjectType": "object",
      "vipType": "ignore",
      "vipVariableName": "vpn_if_tloc_extension"
    },
    "icmp-redirect-disable": {
      "vipObjectType": "object",
      "vipType": "ignore",
      "vipValue": "false",
      "vipVariableName": "vpn_if_icmp_redirect_disable"
    },
    "tloc-extension-gre-from": {
      "src-ip": {
        "vipObjectType": "object",
        "vipType": "ignore",
        "vipVariableName": "vpn_if_tloc-ext_gre_from_src_ip"
      },
      "xconnect": {
        "vipObjectType": "object",
        "vipType": "ignore",
        "vipVariableName": "vpn_if_tloc-ext_gre_from_xconnect"
      }
    },
    "access-list": {
      "vipType": "ignore",
      "vipValue": [],
      "vipObjectType": "tree",
      "vipPrimaryKey": [
        "direction"
      ]
    },
    "policer": {
      "vipType": "ignore",
      "vipValue": [],
      "vipObjectType": "tree",
      "vipPrimaryKey": [
        "policer-name",
        "direction"
      ]
    },
    "ip-directed-broadcast": {
      "vipObjectType": "object",
      "vipType": "ignore",
      "vipValue": "false",
      "vipVariableName": "vpn_if_ip-directed-broadcast"
    },
    "ipv6": {
      "access-list": {
        "vipType": "ignore",
        "vipValue": [],
        "vipObjectType": "tree",
        "vipPrimaryKey": [
          "direction"
        ]
      },
      "address": {
        "vipObjectType": "object",
        "vipType": "ignore",
        "vipValue": "",
        "vipVariableName": "vpn_if_ipv6_ipv6_address"
      },
      "dhcp-helper-v6": {
        "vipType": "ignore",
        "vipValue": [],
        "vipObjectType": "tree",
        "vipPrimaryKey": [
          "address"
        ]
      },
      "secondary-address": {
        "vipType": "ignore",
        "vipValue": [],
        "vipObjectType": "tree",
        "vipPrimaryKey": [
          "address"
        ]
      }
    },
    "arp": {
      "ip": {
        "vipType": "ignore",
        "vipValue": [],
        "vipObjectType": "tree",
        "vipPrimaryKey": [
          "addr"
        ]
      }
    },
    "vrrp": {
      "vipType": "ignore",
      "vipValue": [],
      "vipObjectType": "tree",
      "vipPrimaryKey": [
        "grp-id"
      ]
    },
    "ipv6-vrrp": {
      "vipType": "ignore",
      "vipValue": [],
      "vipObjectType": "tree",
      "vipPrimaryKey": [
        "grp-id"
      ]
    },
    "dot1x": {
      "vipType": "ignore",
      "vipObjectType": "node-only"
    }
  },
  "templateId": "338b9d51-7f13-43f5-90a7-827422640744",
  "configType": "xml",
  "attachedMastersCount": 0,
  "createdOn": 1605914003801,
  "@rid": 106,
  "feature": "vmanage-default",
  "factoryDefault": true,
  "createdBy": "system",
  "templateName": "Factory_Default_Cisco_VPN_512_DHCP_Ethernet_Interface_Template",
  "devicesAttached": 0,
  "templateDescription": "Default VPN 512 Ethernet Interface Template Settings",
  "lastUpdatedOn": 1605914003801
}