{
  "templateMinVersion": "15.0.0",
  "deviceType": [
    "vedge-C8000V"
  ],
  "templateType": "cisco_banner",
  "lastUpdatedBy": "system",
  "editedTemplateDefinition": {
    "login": {
      "vipObjectType": "object",
      "vipType": "constant",
      "vipValue": "Un authorised Logins tracked",
      "vipVariableName": "banner_login"
    },
    "motd": {
      "vipObjectType": "object",
      "vipType": "constant",
      "vipValue": "Restricted Use",
      "vipVariableName": "banner_motd"
    }
  },
  "gTemplateClass": "cedge",
  "templateDefinition": {
    "login": {
      "vipObjectType": "object",
      "vipType": "constant",
      "vipValue": "Un authorised Logins tracked",
      "vipVariableName": "banner_login"
    },
    "motd": {
      "vipObjectType": "object",
      "vipType": "constant",
      "vipValue": "Restricted Use",
      "vipVariableName": "banner_motd"
    }
  },
  "templateId": "29005ef0-7f6d-4c40-9f16-01d6e86123eb",
  "configType": "xml",
  "attachedMastersCount": 3,
  "createdOn": 1620836773517,
  "@rid": 746,
  "feature": "vmanage-default",
  "factoryDefault": true,
  "createdBy": "system",
  "templateName": "Factory_Default_Retail_Banner",
  "devicesAttached": 0,
  "templateDescription": "Factory Default Retail Banner",
  "lastUpdatedOn": 1620836773517
}