{
  "templateMinVersion": "15.0.0",
  "deviceType": [
    "vedge-cloud"
  ],
  "templateType": "vpn-vedge",
  "lastUpdatedBy": "admin",
  "editedTemplateDefinition": {
    "vpn-id": {
      "vipObjectType": "object",
      "vipType": "constant",
      "vipValue": 0
    },
    "name": {
      "vipObjectType": "object",
      "vipType": "ignore",
      "vipVariableName": "vpn_name"
    },
    "ecmp-hash-key": {
      "layer4": {
        "vipObjectType": "object",
        "vipType": "ignore",
        "vipValue": "false",
        "vipVariableName": "vpn_layer4"
      }
    },
    "tcp-optimization": {
      "vipObjectType": "node-only",
      "vipType": "ignore",
      "vipValue": "false",
      "vipVariableName": "vpn_tcp_optimization"
    },
    "nat64-global": {
      "prefix": {
        "stateful": {}
      }
    },
    "nat64": {
      "v4": {
        "pool": {
          "vipType": "ignore",
          "vipValue": [],
          "vipObjectType": "tree",
          "vipPrimaryKey": [
            "name"
          ]
        }
      }
    },
    "host": {
      "vipType": "ignore",
      "vipValue": [],
      "vipObjectType": "tree",
      "vipPrimaryKey": [
        "hostname"
      ]
    },
    "service": {
      "vipType": "ignore",
      "vipValue": [],
      "vipObjectType": "tree",
      "vipPrimaryKey": [
        "svc-type"
      ]
    },
    "ip": {
      "gre-route": {},
      "ipsec-route": {},
      "service-route": {}
    },
    "ipv6": {},
    "omp": {
      "advertise": {
        "vipType": "ignore",
        "vipValue": [],
        "vipObjectType": "tree",
        "vipPrimaryKey": [
          "protocol"
        ]
      },
      "ipv6-advertise": {
        "vipType": "ignore",
        "vipValue": [],
        "vipObjectType": "tree",
        "vipPrimaryKey": [
          "protocol"
        ]
      }
    }
  },
  "gTemplateClass": "vedge",
  "templateDefinition": {
    "vpn-id": {
      "vipObjectType": "object",
      "vipType": "constant",
      "vipValue": 0
    },
    "name": {
      "vipObjectType": "object",
      "vipType": "ignore",
      "vipVariableName": "vpn_name"
    },
    "ecmp-hash-key": {
      "layer4": {
        "vipObjectType": "object",
        "vipType": "ignore",
        "vipValue": "false",
        "vipVariableName": "vpn_layer4"
      }
    },
    "tcp-optimization": {
      "vipObjectType": "node-only",
      "vipType": "ignore",
      "vipValue": "false",
      "vipVariableName": "vpn_tcp_optimization"
    },
    "nat64-global": {
      "prefix": {
        "stateful": {}
      }
    },
    "nat64": {
      "v4": {
        "pool": {
          "vipType": "ignore",
          "vipValue": [],
          "vipObjectType": "tree",
          "vipPrimaryKey": [
            "name"
          ]
        }
      }
    },
    "host": {
      "vipType": "ignore",
      "vipValue": [],
      "vipObjectType": "tree",
      "vipPrimaryKey": [
        "hostname"
      ]
    },
    "service": {
      "vipType": "ignore",
      "vipValue": [],
      "vipObjectType": "tree",
      "vipPrimaryKey": [
        "svc-type"
      ]
    },
    "ip": {
      "gre-route": {},
      "ipsec-route": {},
      "service-route": {}
    },
    "ipv6": {},
    "omp": {
      "advertise": {
        "vipType": "ignore",
        "vipValue": [],
        "vipObjectType": "tree",
        "vipPrimaryKey": [
          "protocol"
        ]
      },
      "ipv6-advertise": {
        "vipType": "ignore",
        "vipValue": [],
        "vipObjectType": "tree",
        "vipPrimaryKey": [
          "protocol"
        ]
      }
    }
  },
  "templateId": "973c143a-4f5b-4208-9b3e-b6834a11c994",
  "configType": "xml",
  "attachedMastersCount": 0,
  "createdOn": 1605917951084,
  "@rid": 370,
  "feature": "vmanage-default",
  "factoryDefault": false,
  "templateName": "vedge-cloud-vpn0",
  "createdBy": "admin",
  "devicesAttached": 0,
  "templateDescription": "vedge-cloud-vpn0",
  "lastUpdatedOn": 1605917951084
}