{
  "deviceType": [
    "vedge-cloud"
  ],
  "templateType": "aaa",
  "templateMinVersion": "15.0.0",
  "lastUpdatedBy": "admin",
  "editedTemplateDefinition": {
    "aaa": {
      "auth-order": {
        "vipType": "constant",
        "vipValue": [
          {
            "vipType": "constant",
            "vipValue": "local",
            "vipObjectType": "object"
          },
          {
            "vipType": "constant",
            "vipValue": "radius",
            "vipObjectType": "object"
          },
          {
            "vipType": "constant",
            "vipValue": "tacacs",
            "vipObjectType": "object"
          }
        ],
        "vipObjectType": "list",
        "vipVariableName": "auth_order"
      },
      "auth-fallback": {
        "vipObjectType": "object",
        "vipType": "ignore",
        "vipValue": "false",
        "vipVariableName": "auth_fallback"
      },
      "admin-auth-order": {
        "vipObjectType": "object",
        "vipType": "ignore",
        "vipValue": "false",
        "vipVariableName": "admin_auth_order"
      },
      "logs": {
        "audit-disable": {
          "vipObjectType": "object",
          "vipType": "ignore",
          "vipValue": "false",
          "vipVariableName": "disable_audit_logs"
        },
        "netconf-disable": {
          "vipObjectType": "object",
          "vipType": "ignore",
          "vipValue": "false",
          "vipVariableName": "disable_netconf_logs"
        }
      },
      "radius-servers": {
        "vipObjectType": "list",
        "vipType": "ignore",
        "vipValue": [
          ""
        ],
        "vipVariableName": "radius_servers"
      },
      "usergroup": {
        "vipType": "constant",
        "vipValue": [
          {
            "name": {
              "vipObjectType": "object",
              "vipType": "constant",
              "vipValue": "netadmin"
            },
            "viewMode": "view",
            "priority-order": [
              "name"
            ]
          },
          {
            "name": {
              "vipObjectType": "object",
              "vipType": "constant",
              "vipValue": "basic"
            },
            "priority-order": [
              "name",
              "task"
            ],
            "task": {
              "vipType": "constant",
              "vipValue": [
                {
                  "mode": {
                    "vipType": "constant",
                    "vipValue": "system",
                    "vipObjectType": "object"
                  },
                  "permission": {
                    "vipType": "constant",
                    "vipValue": [
                      {
                        "vipType": "constant",
                        "vipValue": "read",
                        "vipObjectType": "object"
                      },
                      {
                        "vipType": "constant",
                        "vipValue": "write",
                        "vipObjectType": "object"
                      }
                    ],
                    "vipObjectType": "list"
                  },
                  "priority-order": [
                    "mode",
                    "permission"
                  ]
                },
                {
                  "mode": {
                    "vipType": "constant",
                    "vipValue": "interface",
                    "vipObjectType": "object"
                  },
                  "permission": {
                    "vipType": "constant",
                    "vipValue": [
                      {
                        "vipType": "constant",
                        "vipValue": "read",
                        "vipObjectType": "object"
                      },
                      {
                        "vipType": "constant",
                        "vipValue": "write",
                        "vipObjectType": "object"
                      }
                    ],
                    "vipObjectType": "list"
                  },
                  "priority-order": [
                    "mode",
                    "permission"
                  ]
                }
              ],
              "vipObjectType": "tree",
              "vipPrimaryKey": [
                "mode"
              ]
            }
          },
          {
            "name": {
              "vipObjectType": "object",
              "vipType": "constant",
              "vipValue": "operator"
            },
            "priority-order": [
              "name",
              "task"
            ],
            "task": {
              "vipType": "constant",
              "vipValue": [
                {
                  "mode": {
                    "vipType": "constant",
                    "vipValue": "system",
                    "vipObjectType": "object"
                  },
                  "permission": {
                    "vipType": "constant",
                    "vipValue": [
                      {
                        "vipType": "constant",
                        "vipValue": "read",
                        "vipObjectType": "object"
                      }
                    ],
                    "vipObjectType": "list"
                  },
                  "priority-order": [
                    "mode",
                    "permission"
                  ]
                },
                {
                  "mode": {
                    "vipType": "constant",
                    "vipValue": "interface",
                    "vipObjectType": "object"
                  },
                  "permission": {
                    "vipType": "constant",
                    "vipValue": [
                      {
                        "vipType": "constant",
                        "vipValue": "read",
                        "vipObjectType": "object"
                      }
                    ],
                    "vipObjectType": "list"
                  },
                  "priority-order": [
                    "mode",
                    "permission"
                  ]
                },
                {
                  "mode": {
                    "vipType": "constant",
                    "vipValue": "policy",
                    "vipObjectType": "object"
                  },
                  "permission": {
                    "vipType": "constant",
                    "vipValue": [
                      {
                        "vipType": "constant",
                        "vipValue": "read",
                        "vipObjectType": "object"
                      }
                    ],
                    "vipObjectType": "list"
                  },
                  "priority-order": [
                    "mode",
                    "permission"
                  ]
                },
                {
                  "mode": {
                    "vipType": "constant",
                    "vipValue": "routing",
                    "vipObjectType": "object"
                  },
                  "permission": {
                    "vipType": "constant",
                    "vipValue": [
                      {
                        "vipType": "constant",
                        "vipValue": "read",
                        "vipObjectType": "object"
                      }
                    ],
                    "vipObjectType": "list"
                  },
                  "priority-order": [
                    "mode",
                    "permission"
                  ]
                },
                {
                  "mode": {
                    "vipType": "constant",
                    "vipValue": "security",
                    "vipObjectType": "object"
                  },
                  "permission": {
                    "vipType": "constant",
                    "vipValue": [
                      {
                        "vipType": "constant",
                        "vipValue": "read",
                        "vipObjectType": "object"
                      }
                    ],
                    "vipObjectType": "list"
                  },
                  "priority-order": [
                    "mode",
                    "permission"
                  ]
                }
              ],
              "vipObjectType": "tree",
              "vipPrimaryKey": [
                "mode"
              ]
            }
          }
        ],
        "vipObjectType": "tree",
        "vipPrimaryKey": [
          "name"
        ]
      },
      "user": {
        "vipType": "constant",
        "vipValue": [
          {
            "vipOptional": false,
            "name": {
              "vipObjectType": "object",
              "vipType": "constant",
              "vipValue": "admin",
              "vipVariableName": "user_name_0"
            },
            "password": {
              "vipObjectType": "object",
              "vipType": "constant",
              "vipValue": "$6$ZAF8aA==$1oK7NR/tvfkR5kJ4GQ4qhh0RI/vHTnErHiORZH5FaO8oHWMnM1KHoB7y2Wdei7CN7OOSW0G0zHOuFd/AtyYLq0"
            },
            "pubkey-chain": {
              "vipObjectType": "tree",
              "vipType": "ignore",
              "vipValue": [],
              "vipVariableName": "user_pubkey_chain_0",
              "vipPrimaryKey": [
                "usertag"
              ]
            },
            "description": {
              "vipObjectType": "object",
              "vipType": "ignore",
              "vipValue": ""
            },
            "group": {
              "vipType": "constant",
              "vipValue": [],
              "vipObjectType": "list"
            },
            "priority-order": [
              "name",
              "password",
              "secret",
              "description",
              "group",
              "pubkey-chain"
            ]
          }
        ],
        "vipObjectType": "tree",
        "vipPrimaryKey": [
          "name"
        ]
      }
    },
    "tacacs": {
      "timeout": {
        "vipObjectType": "object",
        "vipType": "ignore",
        "vipValue": 5,
        "vipVariableName": "tacacs_timeout"
      },
      "authentication": {
        "vipObjectType": "object",
        "vipType": "ignore",
        "vipValue": "pap",
        "vipVariableName": "tacacs_authentication"
      }
    },
    "radius": {
      "timeout": {
        "vipObjectType": "object",
        "vipType": "ignore",
        "vipValue": 5,
        "vipVariableName": "radius_timeout"
      },
      "retransmit": {
        "vipObjectType": "object",
        "vipType": "ignore",
        "vipValue": 3,
        "vipVariableName": "retransmit"
      }
    }
  },
  "gTemplateClass": "vedge",
  "templateDefinition": {
    "aaa": {
      "auth-order": {
        "vipType": "constant",
        "vipValue": [
          {
            "vipType": "constant",
            "vipValue": "local",
            "vipObjectType": "object"
          },
          {
            "vipType": "constant",
            "vipValue": "radius",
            "vipObjectType": "object"
          },
          {
            "vipType": "constant",
            "vipValue": "tacacs",
            "vipObjectType": "object"
          }
        ],
        "vipObjectType": "list",
        "vipVariableName": "auth_order"
      },
      "auth-fallback": {
        "vipObjectType": "object",
        "vipType": "ignore",
        "vipValue": "false",
        "vipVariableName": "auth_fallback"
      },
      "admin-auth-order": {
        "vipObjectType": "object",
        "vipType": "ignore",
        "vipValue": "false",
        "vipVariableName": "admin_auth_order"
      },
      "logs": {
        "audit-disable": {
          "vipObjectType": "object",
          "vipType": "ignore",
          "vipValue": "false",
          "vipVariableName": "disable_audit_logs"
        },
        "netconf-disable": {
          "vipObjectType": "object",
          "vipType": "ignore",
          "vipValue": "false",
          "vipVariableName": "disable_netconf_logs"
        }
      },
      "radius-servers": {
        "vipObjectType": "list",
        "vipType": "ignore",
        "vipValue": [
          ""
        ],
        "vipVariableName": "radius_servers"
      },
      "usergroup": {
        "vipType": "constant",
        "vipValue": [
          {
            "name": {
              "vipObjectType": "object",
              "vipType": "constant",
              "vipValue": "netadmin"
            },
            "viewMode": "view",
            "priority-order": [
              "name"
            ]
          },
          {
            "name": {
              "vipObjectType": "object",
              "vipType": "constant",
              "vipValue": "basic"
            },
            "priority-order": [
              "name",
              "task"
            ],
            "task": {
              "vipType": "constant",
              "vipValue": [
                {
                  "mode": {
                    "vipType": "constant",
                    "vipValue": "system",
                    "vipObjectType": "object"
                  },
                  "permission": {
                    "vipType": "constant",
                    "vipValue": [
                      {
                        "vipType": "constant",
                        "vipValue": "read",
                        "vipObjectType": "object"
                      },
                      {
                        "vipType": "constant",
                        "vipValue": "write",
                        "vipObjectType": "object"
                      }
                    ],
                    "vipObjectType": "list"
                  },
                  "priority-order": [
                    "mode",
                    "permission"
                  ]
                },
                {
                  "mode": {
                    "vipType": "constant",
                    "vipValue": "interface",
                    "vipObjectType": "object"
                  },
                  "permission": {
                    "vipType": "constant",
                    "vipValue": [
                      {
                        "vipType": "constant",
                        "vipValue": "read",
                        "vipObjectType": "object"
                      },
                      {
                        "vipType": "constant",
                        "vipValue": "write",
                        "vipObjectType": "object"
                      }
                    ],
                    "vipObjectType": "list"
                  },
                  "priority-order": [
                    "mode",
                    "permission"
                  ]
                }
              ],
              "vipObjectType": "tree",
              "vipPrimaryKey": [
                "mode"
              ]
            }
          },
          {
            "name": {
              "vipObjectType": "object",
              "vipType": "constant",
              "vipValue": "operator"
            },
            "priority-order": [
              "name",
              "task"
            ],
            "task": {
              "vipType": "constant",
              "vipValue": [
                {
                  "mode": {
                    "vipType": "constant",
                    "vipValue": "system",
                    "vipObjectType": "object"
                  },
                  "permission": {
                    "vipType": "constant",
                    "vipValue": [
                      {
                        "vipType": "constant",
                        "vipValue": "read",
                        "vipObjectType": "object"
                      }
                    ],
                    "vipObjectType": "list"
                  },
                  "priority-order": [
                    "mode",
                    "permission"
                  ]
                },
                {
                  "mode": {
                    "vipType": "constant",
                    "vipValue": "interface",
                    "vipObjectType": "object"
                  },
                  "permission": {
                    "vipType": "constant",
                    "vipValue": [
                      {
                        "vipType": "constant",
                        "vipValue": "read",
                        "vipObjectType": "object"
                      }
                    ],
                    "vipObjectType": "list"
                  },
                  "priority-order": [
                    "mode",
                    "permission"
                  ]
                },
                {
                  "mode": {
                    "vipType": "constant",
                    "vipValue": "policy",
                    "vipObjectType": "object"
                  },
                  "permission": {
                    "vipType": "constant",
                    "vipValue": [
                      {
                        "vipType": "constant",
                        "vipValue": "read",
                        "vipObjectType": "object"
                      }
                    ],
                    "vipObjectType": "list"
                  },
                  "priority-order": [
                    "mode",
                    "permission"
                  ]
                },
                {
                  "mode": {
                    "vipType": "constant",
                    "vipValue": "routing",
                    "vipObjectType": "object"
                  },
                  "permission": {
                    "vipType": "constant",
                    "vipValue": [
                      {
                        "vipType": "constant",
                        "vipValue": "read",
                        "vipObjectType": "object"
                      }
                    ],
                    "vipObjectType": "list"
                  },
                  "priority-order": [
                    "mode",
                    "permission"
                  ]
                },
                {
                  "mode": {
                    "vipType": "constant",
                    "vipValue": "security",
                    "vipObjectType": "object"
                  },
                  "permission": {
                    "vipType": "constant",
                    "vipValue": [
                      {
                        "vipType": "constant",
                        "vipValue": "read",
                        "vipObjectType": "object"
                      }
                    ],
                    "vipObjectType": "list"
                  },
                  "priority-order": [
                    "mode",
                    "permission"
                  ]
                }
              ],
              "vipObjectType": "tree",
              "vipPrimaryKey": [
                "mode"
              ]
            }
          }
        ],
        "vipObjectType": "tree",
        "vipPrimaryKey": [
          "name"
        ]
      },
      "user": {
        "vipType": "constant",
        "vipValue": [
          {
            "vipOptional": false,
            "name": {
              "vipObjectType": "object",
              "vipType": "constant",
              "vipValue": "admin",
              "vipVariableName": "user_name_0"
            },
            "password": {
              "vipObjectType": "object",
              "vipType": "constant",
              "vipValue": "$6$ZAF8aA==$1oK7NR/tvfkR5kJ4GQ4qhh0RI/vHTnErHiORZH5FaO8oHWMnM1KHoB7y2Wdei7CN7OOSW0G0zHOuFd/AtyYLq0"
            },
            "pubkey-chain": {
              "vipObjectType": "tree",
              "vipType": "ignore",
              "vipValue": [],
              "vipVariableName": "user_pubkey_chain_0",
              "vipPrimaryKey": [
                "usertag"
              ]
            },
            "description": {
              "vipObjectType": "object",
              "vipType": "ignore",
              "vipValue": ""
            },
            "group": {
              "vipType": "constant",
              "vipValue": [],
              "vipObjectType": "list"
            },
            "priority-order": [
              "name",
              "password",
              "secret",
              "description",
              "group",
              "pubkey-chain"
            ]
          }
        ],
        "vipObjectType": "tree",
        "vipPrimaryKey": [
          "name"
        ]
      }
    },
    "tacacs": {
      "timeout": {
        "vipObjectType": "object",
        "vipType": "ignore",
        "vipValue": 5,
        "vipVariableName": "tacacs_timeout"
      },
      "authentication": {
        "vipObjectType": "object",
        "vipType": "ignore",
        "vipValue": "pap",
        "vipVariableName": "tacacs_authentication"
      }
    },
    "radius": {
      "timeout": {
        "vipObjectType": "object",
        "vipType": "ignore",
        "vipValue": 5,
        "vipVariableName": "radius_timeout"
      },
      "retransmit": {
        "vipObjectType": "object",
        "vipType": "ignore",
        "vipValue": 3,
        "vipVariableName": "retransmit"
      }
    }
  },
  "templateId": "c736160b-b596-4c90-a7fd-8279241b374e",
  "configType": "xml",
  "attachedMastersCount": 0,
  "createdOn": 1605917951024,
  "@rid": 369,
  "feature": "vmanage-default",
  "factoryDefault": false,
  "createdBy": "admin",
  "templateName": "vedge-cloud-aaa",
  "devicesAttached": 0,
  "templateDescription": "vedge-cloud-aaa",
  "lastUpdatedOn": 1605917951024
}