{
  "templateMinVersion": "15.0.0",
  "deviceType": [
    "vsmart"
  ],
  "templateType": "system-vsmart",
  "lastUpdatedBy": "admin",
  "editedTemplateDefinition": {
    "clock": {
      "timezone": {
        "vipObjectType": "object",
        "vipType": "constant",
        "vipValue": "America/New_York",
        "vipVariableName": "system_timezone"
      }
    },
    "gps-location": {
      "latitude": {
        "vipObjectType": "object",
        "vipType": "constant",
        "vipValue": 40.034443,
        "vipVariableName": "system_latitude"
      },
      "longitude": {
        "vipObjectType": "object",
        "vipType": "constant",
        "vipValue": -83.142776,
        "vipVariableName": "system_longitude"
      }
    },
    "timer": {
      "dns-cache-timeout": {
        "vipObjectType": "object",
        "vipType": "ignore",
        "vipValue": 2,
        "vipVariableName": "system_dns_cache_timeout"
      }
    },
    "location": {
      "vipObjectType": "object",
      "vipType": "ignore",
      "vipVariableName": "system_location"
    },
    "system-tunnel-mtu": {
      "vipObjectType": "object",
      "vipType": "ignore",
      "vipValue": 1024,
      "vipVariableName": "system_system_tunnel_mtu"
    },
    "track-transport": {
      "vipObjectType": "object",
      "vipType": "ignore",
      "vipValue": "true",
      "vipVariableName": "system_track_transport"
    },
    "port-offset": {
      "vipObjectType": "object",
      "vipType": "ignore",
      "vipValue": 0,
      "vipVariableName": "system_port_offset"
    },
    "port-hop": {
      "vipObjectType": "object",
      "vipType": "ignore",
      "vipValue": "true",
      "vipVariableName": "system_port_hop"
    },
    "control-session-pps": {
      "vipObjectType": "object",
      "vipType": "ignore",
      "vipValue": 300,
      "vipVariableName": "system_control_session_pps"
    },
    "controller-group-id": {
      "vipObjectType": "object",
      "vipType": "ignore",
      "vipValue": 0,
      "vipVariableName": "system_controller_group_id"
    },
    "description": {
      "vipObjectType": "object",
      "vipType": "ignore",
      "vipVariableName": "system_description"
    },
    "device-groups": {
      "vipObjectType": "list",
      "vipType": "ignore",
      "vipVariableName": "system_device_groups"
    },
    "site-id": {
      "vipObjectType": "object",
      "vipType": "variableName",
      "vipValue": "",
      "vipVariableName": "system_site_id"
    },
    "overlay-id": {
      "vipObjectType": "object",
      "vipType": "ignore",
      "vipValue": 1
    },
    "system-ip": {
      "vipObjectType": "object",
      "vipType": "variableName",
      "vipValue": "",
      "vipVariableName": "system_system_ip"
    },
    "host-name": {
      "vipObjectType": "object",
      "vipType": "variableName",
      "vipValue": "",
      "vipVariableName": "system_host_name"
    },
    "track-default-gateway": {
      "vipObjectType": "object",
      "vipType": "ignore",
      "vipValue": "true",
      "vipVariableName": "system_track_default_gateway"
    },
    "host-policer-pps": {},
    "icmp-error-pps": {},
    "iptables-enable": {
      "vipObjectType": "object",
      "vipType": "ignore",
      "vipValue": "true",
      "vipVariableName": "system_iptables_enable"
    },
    "admin-tech-on-failure": {
      "vipObjectType": "object",
      "vipType": "ignore",
      "vipValue": "true",
      "vipVariableName": "system_admin_tech_on_failure"
    },
    "idle-timeout": {
      "vipObjectType": "object",
      "vipType": "ignore",
      "vipVariableName": "system_idle-timeout"
    }
  },
  "gTemplateClass": "vedge",
  "templateDefinition": {
    "clock": {
      "timezone": {
        "vipObjectType": "object",
        "vipType": "constant",
        "vipValue": "America/New_York",
        "vipVariableName": "system_timezone"
      }
    },
    "gps-location": {
      "latitude": {
        "vipObjectType": "object",
        "vipType": "constant",
        "vipValue": 40.034443,
        "vipVariableName": "system_latitude"
      },
      "longitude": {
        "vipObjectType": "object",
        "vipType": "constant",
        "vipValue": -83.142776,
        "vipVariableName": "system_longitude"
      }
    },
    "timer": {
      "dns-cache-timeout": {
        "vipObjectType": "object",
        "vipType": "ignore",
        "vipValue": 2,
        "vipVariableName": "system_dns_cache_timeout"
      }
    },
    "location": {
      "vipObjectType": "object",
      "vipType": "ignore",
      "vipVariableName": "system_location"
    },
    "system-tunnel-mtu": {
      "vipObjectType": "object",
      "vipType": "ignore",
      "vipValue": 1024,
      "vipVariableName": "system_system_tunnel_mtu"
    },
    "track-transport": {
      "vipObjectType": "object",
      "vipType": "ignore",
      "vipValue": "true",
      "vipVariableName": "system_track_transport"
    },
    "port-offset": {
      "vipObjectType": "object",
      "vipType": "ignore",
      "vipValue": 0,
      "vipVariableName": "system_port_offset"
    },
    "port-hop": {
      "vipObjectType": "object",
      "vipType": "ignore",
      "vipValue": "true",
      "vipVariableName": "system_port_hop"
    },
    "control-session-pps": {
      "vipObjectType": "object",
      "vipType": "ignore",
      "vipValue": 300,
      "vipVariableName": "system_control_session_pps"
    },
    "controller-group-id": {
      "vipObjectType": "object",
      "vipType": "ignore",
      "vipValue": 0,
      "vipVariableName": "system_controller_group_id"
    },
    "description": {
      "vipObjectType": "object",
      "vipType": "ignore",
      "vipVariableName": "system_description"
    },
    "device-groups": {
      "vipObjectType": "list",
      "vipType": "ignore",
      "vipVariableName": "system_device_groups"
    },
    "site-id": {
      "vipObjectType": "object",
      "vipType": "variableName",
      "vipValue": "",
      "vipVariableName": "system_site_id"
    },
    "overlay-id": {
      "vipObjectType": "object",
      "vipType": "ignore",
      "vipValue": 1
    },
    "system-ip": {
      "vipObjectType": "object",
      "vipType": "variableName",
      "vipValue": "",
      "vipVariableName": "system_system_ip"
    },
    "host-name": {
      "vipObjectType": "object",
      "vipType": "variableName",
      "vipValue": "",
      "vipVariableName": "system_host_name"
    },
    "track-default-gateway": {
      "vipObjectType": "object",
      "vipType": "ignore",
      "vipValue": "true",
      "vipVariableName": "system_track_default_gateway"
    },
    "host-policer-pps": {},
    "icmp-error-pps": {},
    "iptables-enable": {
      "vipObjectType": "object",
      "vipType": "ignore",
      "vipValue": "true",
      "vipVariableName": "system_iptables_enable"
    },
    "admin-tech-on-failure": {
      "vipObjectType": "object",
      "vipType": "ignore",
      "vipValue": "true",
      "vipVariableName": "system_admin_tech_on_failure"
    },
    "idle-timeout": {
      "vipObjectType": "object",
      "vipType": "ignore",
      "vipVariableName": "system_idle-timeout"
    }
  },
  "templateId": "3ac47c12-bb60-40e4-985a-f135c5429c2f",
  "configType": "xml",
  "attachedMastersCount": 1,
  "createdOn": 1605917952863,
  "@rid": 392,
  "feature": "vmanage-default",
  "factoryDefault": false,
  "templateName": "vsmart-system",
  "createdBy": "admin",
  "devicesAttached": 1,
  "templateDescription": "vsmart-system",
  "lastUpdatedOn": 1605917952863
}