{
  "templateType": "vpn-vsmart-interface",
  "deviceType": [
    "vsmart"
  ],
  "templateMinVersion": "15.0.0",
  "lastUpdatedBy": "admin",
  "editedTemplateDefinition": {
    "if-name": {
      "vipObjectType": "object",
      "vipType": "constant",
      "vipValue": "eth1",
      "vipVariableName": "vpn_if_name"
    },
    "description": {
      "vipObjectType": "object",
      "vipType": "ignore",
      "vipVariableName": "vpn_if_description"
    },
    "ip": {
      "address": {
        "vipObjectType": "object",
        "vipType": "variableName",
        "vipValue": "",
        "vipVariableName": "vpn512_if_ip_address"
      }
    },
    "ipv6": {
      "address": {
        "vipObjectType": "object",
        "vipType": "ignore",
        "vipVariableName": "vpn_if_ipv6_address"
      },
      "dhcp-rapid-commit": {}
    },
    "dhcp-helper": {},
    "flow-control": {
      "vipObjectType": "object",
      "vipType": "ignore",
      "vipValue": "autoneg",
      "vipVariableName": "vpn_if_flow_control"
    },
    "clear-dont-fragment": {
      "vipObjectType": "object",
      "vipType": "ignore",
      "vipValue": "false",
      "vipVariableName": "vpn_if_clear_dont_fragment"
    },
    "pmtu": {
      "vipObjectType": "object",
      "vipType": "ignore",
      "vipValue": "false",
      "vipVariableName": "vpn_if_pmtu"
    },
    "mtu": {
      "vipObjectType": "object",
      "vipType": "ignore",
      "vipValue": 1500,
      "vipVariableName": "vpn_if_mtu"
    },
    "static-ingress-qos": {},
    "tcp-mss-adjust": {
      "vipObjectType": "object",
      "vipType": "ignore",
      "vipVariableName": "vpn_if_tcp_mss_adjust"
    },
    "mac-address": {
      "vipObjectType": "object",
      "vipType": "ignore",
      "vipVariableName": "vpn_if_mac_address"
    },
    "speed": {
      "vipObjectType": "object",
      "vipType": "ignore",
      "vipValue": "_empty",
      "vipVariableName": "vpn_if_speed"
    },
    "duplex": {
      "vipObjectType": "object",
      "vipType": "ignore",
      "vipValue": "_empty",
      "vipVariableName": "vpn_if_duplex"
    },
    "shutdown": {
      "vipObjectType": "object",
      "vipType": "constant",
      "vipValue": "false",
      "vipVariableName": "vpn_if_shutdown"
    },
    "arp-timeout": {},
    "autonegotiate": {
      "vipObjectType": "object",
      "vipType": "ignore",
      "vipValue": "true",
      "vipVariableName": "vpn_if_autonegotiate"
    },
    "arp": {
      "ip": {
        "vipType": "ignore",
        "vipValue": [],
        "vipObjectType": "tree",
        "vipPrimaryKey": [
          "addr"
        ]
      }
    }
  },
  "gTemplateClass": "vedge",
  "templateDefinition": {
    "if-name": {
      "vipObjectType": "object",
      "vipType": "constant",
      "vipValue": "eth1",
      "vipVariableName": "vpn_if_name"
    },
    "description": {
      "vipObjectType": "object",
      "vipType": "ignore",
      "vipVariableName": "vpn_if_description"
    },
    "ip": {
      "address": {
        "vipObjectType": "object",
        "vipType": "variableName",
        "vipValue": "",
        "vipVariableName": "vpn512_if_ip_address"
      }
    },
    "ipv6": {
      "address": {
        "vipObjectType": "object",
        "vipType": "ignore",
        "vipVariableName": "vpn_if_ipv6_address"
      },
      "dhcp-rapid-commit": {}
    },
    "dhcp-helper": {},
    "flow-control": {
      "vipObjectType": "object",
      "vipType": "ignore",
      "vipValue": "autoneg",
      "vipVariableName": "vpn_if_flow_control"
    },
    "clear-dont-fragment": {
      "vipObjectType": "object",
      "vipType": "ignore",
      "vipValue": "false",
      "vipVariableName": "vpn_if_clear_dont_fragment"
    },
    "pmtu": {
      "vipObjectType": "object",
      "vipType": "ignore",
      "vipValue": "false",
      "vipVariableName": "vpn_if_pmtu"
    },
    "mtu": {
      "vipObjectType": "object",
      "vipType": "ignore",
      "vipValue": 1500,
      "vipVariableName": "vpn_if_mtu"
    },
    "static-ingress-qos": {},
    "tcp-mss-adjust": {
      "vipObjectType": "object",
      "vipType": "ignore",
      "vipVariableName": "vpn_if_tcp_mss_adjust"
    },
    "mac-address": {
      "vipObjectType": "object",
      "vipType": "ignore",
      "vipVariableName": "vpn_if_mac_address"
    },
    "speed": {
      "vipObjectType": "object",
      "vipType": "ignore",
      "vipValue": "_empty",
      "vipVariableName": "vpn_if_speed"
    },
    "duplex": {
      "vipObjectType": "object",
      "vipType": "ignore",
      "vipValue": "_empty",
      "vipVariableName": "vpn_if_duplex"
    },
    "shutdown": {
      "vipObjectType": "object",
      "vipType": "constant",
      "vipValue": "false",
      "vipVariableName": "vpn_if_shutdown"
    },
    "arp-timeout": {},
    "autonegotiate": {
      "vipObjectType": "object",
      "vipType": "ignore",
      "vipValue": "true",
      "vipVariableName": "vpn_if_autonegotiate"
    },
    "arp": {
      "ip": {
        "vipType": "ignore",
        "vipValue": [],
        "vipObjectType": "tree",
        "vipPrimaryKey": [
          "addr"
        ]
      }
    }
  },
  "templateId": "5f3eb06e-f930-4de4-91a0-87fff4b54810",
  "configType": "xml",
  "attachedMastersCount": 1,
  "createdOn": 1605917949858,
  "@rid": 375,
  "feature": "vmanage-default",
  "factoryDefault": false,
  "templateName": "vsmart-vpn512-interface",
  "createdBy": "admin",
  "devicesAttached": 1,
  "templateDescription": "vsmart-vpn512-interface",
  "lastUpdatedOn": 1605917949858
}