{
  "deviceType": [
    "vedge-ISR-4331"
  ],
  "templateType": "cedge_aaa",
  "templateMinVersion": "15.0.0",
  "lastUpdatedBy": "admin",
  "editedTemplateDefinition": {
    "user": {
      "vipType": "constant",
      "vipValue": [
        {
          "vipOptional": false,
          "name": {
            "vipObjectType": "object",
            "vipType": "constant",
            "vipValue": "admin"
          },
          "password": {
            "vipObjectType": "object",
            "vipType": "constant",
            "vipValue": "$6$NjFlXQ==$V26ZMaLPWd3Ag3mjhSd3a.gfbUAjyY1EF/.feN3w2wYoveK4ZF5mMVHJ6wTj0r.lHvdBoOACou/6QWul1dD0v/",
            "vipVariableName": "user_password1"
          },
          "secret": {
            "vipObjectType": "object",
            "vipType": "constant",
            "vipValue": "$9$2VID4/2F2F6D4.$T7wLHbEwmNoV5myn/holkGoIdrPcP7QLUisD2SQYRwE",
            "vipVariableName": "password_secret1"
          },
          "pubkey-chain": {
            "vipObjectType": "tree",
            "vipType": "ignore",
            "vipValue": [],
            "vipVariableName": "user_pubkey_chain_0",
            "vipPrimaryKey": [
              "key-string"
            ]
          },
          "privilege": {
            "vipObjectType": "object",
            "vipType": "constant",
            "vipValue": "15",
            "vipVariableName": "user_privilege_0"
          },
          "priority-order": [
            "name",
            "password",
            "secret",
            "pubkey-chain",
            "privilege"
          ]
        }
      ],
      "vipObjectType": "tree",
      "vipPrimaryKey": [
        "name"
      ]
    },
    "tacacs": {
      "vipType": "ignore",
      "vipValue": []
    },
    "radius": {
      "vipType": "ignore",
      "vipValue": []
    },
    "authentication": {
      "dot1x": {
        "default": {
          "authentication_group": {
            "key": "authentication_group",
            "description": "Authentication Param",
            "details": "Authentication configurations parameters",
            "optionType": [
              {
                "value": "constant",
                "display": "Global",
                "iconClass": "language",
                "iconColor": "icon-global"
              },
              {
                "value": "variable",
                "display": "Device Specific",
                "iconClass": "router",
                "iconColor": "icon-variable"
              },
              {
                "value": "ignore",
                "display": "Default",
                "iconClass": "check_circle",
                "iconColor": "icon-default"
              }
            ],
            "originalDefaultOption": "ignore",
            "defaultOption": "ignore",
            "dataType": {
              "type": "boolean",
              "default": "false"
            },
            "dataPath": [
              "default"
            ],
            "vipObjectType": "object",
            "objectType": "object",
            "deleteFlag": false,
            "vipType": "ignore",
            "vipValue": "false",
            "vipVariableName": "dot1x_auth_group"
          }
        }
      }
    },
    "accounting": {
      "dot1x": {
        "default": {
          "start-stop": {
            "accounting_group": {
              "key": "accounting_group",
              "description": "Accounting Param",
              "details": "Accounting configurations parameters",
              "optionType": [
                {
                  "value": "constant",
                  "display": "Global",
                  "iconClass": "language",
                  "iconColor": "icon-global"
                },
                {
                  "value": "variable",
                  "display": "Device Specific",
                  "iconClass": "router",
                  "iconColor": "icon-variable"
                },
                {
                  "value": "ignore",
                  "display": "Default",
                  "iconClass": "check_circle",
                  "iconColor": "icon-default"
                }
              ],
              "originalDefaultOption": "ignore",
              "defaultOption": "ignore",
              "dataType": {
                "type": "boolean",
                "default": "false"
              },
              "dataPath": [
                "start-stop"
              ],
              "vipObjectType": "object",
              "objectType": "object",
              "deleteFlag": false,
              "vipType": "ignore",
              "vipValue": "false",
              "vipVariableName": "dot1x_acct_group"
            }
          }
        }
      }
    },
    "server-auth-order": {
      "vipObjectType": "object",
      "vipType": "constant",
      "vipValue": "local"
    }
  },
  "gTemplateClass": "cedge",
  "templateDefinition": {
    "user": {
      "vipType": "constant",
      "vipValue": [
        {
          "vipOptional": false,
          "name": {
            "vipObjectType": "object",
            "vipType": "constant",
            "vipValue": "admin"
          },
          "password": {
            "vipObjectType": "object",
            "vipType": "constant",
            "vipValue": "$6$NjFlXQ==$V26ZMaLPWd3Ag3mjhSd3a.gfbUAjyY1EF/.feN3w2wYoveK4ZF5mMVHJ6wTj0r.lHvdBoOACou/6QWul1dD0v/",
            "vipVariableName": "user_password1"
          },
          "secret": {
            "vipObjectType": "object",
            "vipType": "constant",
            "vipValue": "$9$2VID4/2F2F6D4.$T7wLHbEwmNoV5myn/holkGoIdrPcP7QLUisD2SQYRwE",
            "vipVariableName": "password_secret1"
          },
          "pubkey-chain": {
            "vipObjectType": "tree",
            "vipType": "ignore",
            "vipValue": [],
            "vipVariableName": "user_pubkey_chain_0",
            "vipPrimaryKey": [
              "key-string"
            ]
          },
          "privilege": {
            "vipObjectType": "object",
            "vipType": "constant",
            "vipValue": "15",
            "vipVariableName": "user_privilege_0"
          },
          "priority-order": [
            "name",
            "password",
            "secret",
            "pubkey-chain",
            "privilege"
          ]
        }
      ],
      "vipObjectType": "tree",
      "vipPrimaryKey": [
        "name"
      ]
    },
    "tacacs": {
      "vipType": "ignore",
      "vipValue": []
    },
    "radius": {
      "vipType": "ignore",
      "vipValue": []
    },
    "authentication": {
      "dot1x": {
        "default": {
          "authentication_group": {
            "key": "authentication_group",
            "description": "Authentication Param",
            "details": "Authentication configurations parameters",
            "optionType": [
              {
                "value": "constant",
                "display": "Global",
                "iconClass": "language",
                "iconColor": "icon-global"
              },
              {
                "value": "variable",
                "display": "Device Specific",
                "iconClass": "router",
                "iconColor": "icon-variable"
              },
              {
                "value": "ignore",
                "display": "Default",
                "iconClass": "check_circle",
                "iconColor": "icon-default"
              }
            ],
            "originalDefaultOption": "ignore",
            "defaultOption": "ignore",
            "dataType": {
              "type": "boolean",
              "default": "false"
            },
            "dataPath": [
              "default"
            ],
            "vipObjectType": "object",
            "objectType": "object",
            "deleteFlag": false,
            "vipType": "ignore",
            "vipValue": "false",
            "vipVariableName": "dot1x_auth_group"
          }
        }
      }
    },
    "accounting": {
      "dot1x": {
        "default": {
          "start-stop": {
            "accounting_group": {
              "key": "accounting_group",
              "description": "Accounting Param",
              "details": "Accounting configurations parameters",
              "optionType": [
                {
                  "value": "constant",
                  "display": "Global",
                  "iconClass": "language",
                  "iconColor": "icon-global"
                },
                {
                  "value": "variable",
                  "display": "Device Specific",
                  "iconClass": "router",
                  "iconColor": "icon-variable"
                },
                {
                  "value": "ignore",
                  "display": "Default",
                  "iconClass": "check_circle",
                  "iconColor": "icon-default"
                }
              ],
              "originalDefaultOption": "ignore",
              "defaultOption": "ignore",
              "dataType": {
                "type": "boolean",
                "default": "false"
              },
              "dataPath": [
                "start-stop"
              ],
              "vipObjectType": "object",
              "objectType": "object",
              "deleteFlag": false,
              "vipType": "ignore",
              "vipValue": "false",
              "vipVariableName": "dot1x_acct_group"
            }
          }
        }
      }
    },
    "server-auth-order": {
      "vipObjectType": "object",
      "vipType": "constant",
      "vipValue": "local"
    }
  },
  "configType": "xml",
  "attachedMastersCount": 1,
  "templateId": "31b6eb53-cef0-4758-8b0d-c4fa5f4a1921",
  "createdOn": 1666816411546,
  "@rid": 1909,
  "feature": "vmanage-default",
  "factoryDefault": false,
  "createdBy": "admin",
  "templateName": "4331-aaa",
  "devicesAttached": 0,
  "templateDescription": "4331-aaa",
  "lastUpdatedOn": 1666816411546
}