{
  "deviceType": [
    "vedge-C1111X-8P"
  ],
  "templateMinVersion": "15.0.0",
  "templateType": "cisco_vpn_interface",
  "lastUpdatedBy": "admin",
  "editedTemplateDefinition": {
    "if-name": {
      "vipObjectType": "object",
      "vipType": "constant",
      "vipValue": "GigabitEthernet0/0/1.10",
      "vipVariableName": "vpn_if_name"
    },
    "description": {
      "vipObjectType": "object",
      "vipType": "ignore",
      "vipVariableName": "vpn_if_description"
    },
    "ip": {
      "secondary-address": {
        "vipType": "ignore",
        "vipValue": [],
        "vipObjectType": "tree",
        "vipPrimaryKey": [
          "address"
        ]
      },
      "address": {
        "vipObjectType": "object",
        "vipType": "variableName",
        "vipValue": "",
        "vipVariableName": "vpn0_inet_tloc_ext_if_ipv4_address"
      }
    },
    "dhcp-helper": {
      "vipObjectType": "list",
      "vipType": "ignore",
      "vipVariableName": "vpn_if_dhcp_helper"
    },
    "flow-control": {},
    "clear-dont-fragment": {},
    "pmtu": {},
    "mtu": {
      "vipObjectType": "object",
      "vipType": "constant",
      "vipValue": 1496,
      "vipVariableName": "vpn_if_ip_mtu"
    },
    "static-ingress-qos": {},
    "tcp-mss-adjust": {
      "vipObjectType": "object",
      "vipType": "ignore",
      "vipVariableName": "vpn_if_tcp_mss_adjust"
    },
    "mac-address": {
      "vipObjectType": "object",
      "vipType": "ignore",
      "vipVariableName": "vpn_if_mac_address"
    },
    "speed": {
      "vipObjectType": "object",
      "vipType": "ignore",
      "vipValue": "_empty",
      "vipVariableName": "vpn_if_speed"
    },
    "duplex": {
      "vipObjectType": "object",
      "vipType": "ignore",
      "vipValue": "_empty",
      "vipVariableName": "vpn_if_duplex"
    },
    "shutdown": {
      "vipObjectType": "object",
      "vipType": "constant",
      "vipValue": "false",
      "vipVariableName": "vpn_if_shutdown"
    },
    "arp-timeout": {
      "vipObjectType": "object",
      "vipType": "ignore",
      "vipValue": 1200,
      "vipVariableName": "vpn_if_arp_timeout"
    },
    "autonegotiate": {
      "vipObjectType": "object",
      "vipType": "ignore",
      "vipValue": "true",
      "vipVariableName": "vpn_if_autonegotiate"
    },
    "shaping-rate": {
      "vipObjectType": "object",
      "vipType": "ignore",
      "vipVariableName": "qos_shaping_rate"
    },
    "qos-map": {
      "vipObjectType": "object",
      "vipType": "ignore",
      "vipVariableName": "qos_map"
    },
    "tracker": {
      "vipObjectType": "list",
      "vipType": "ignore",
      "vipVariableName": "vpn_if_tracker"
    },
    "bandwidth-upstream": {
      "vipObjectType": "object",
      "vipType": "ignore",
      "vipVariableName": "vpn_if_bandwidth_upstream"
    },
    "bandwidth-downstream": {
      "vipObjectType": "object",
      "vipType": "ignore",
      "vipVariableName": "vpn_if_bandwidth_downstream"
    },
    "block-non-source-ip": {
      "vipObjectType": "object",
      "vipType": "ignore",
      "vipValue": "false",
      "vipVariableName": "vpn_if_block_non_source_ip"
    },
    "rewrite-rule": {
      "rule-name": {
        "vipObjectType": "object",
        "vipType": "ignore",
        "vipVariableName": "rewrite_rule_name"
      }
    },
    "tloc-extension": {
      "vipObjectType": "object",
      "vipType": "constant",
      "vipValue": "GigabitEthernet0/0/0",
      "vipVariableName": "vpn0_inet_if_tloc_extension"
    },
    "load-interval": {
      "vipObjectType": "object",
      "vipType": "ignore",
      "vipValue": 300,
      "vipVariableName": "vpn_if_load_interval"
    },
    "icmp-redirect-disable": {
      "vipObjectType": "object",
      "vipType": "ignore",
      "vipValue": "true",
      "vipVariableName": "vpn_if_icmp_redirect_disable"
    },
    "tloc-extension-gre-from": {
      "src-ip": {
        "vipObjectType": "object",
        "vipType": "ignore",
        "vipVariableName": "vpn_if_tloc-ext_gre_from_src_ip"
      },
      "xconnect": {
        "vipObjectType": "object",
        "vipType": "ignore",
        "vipVariableName": "vpn_if_tloc-ext_gre_from_xconnect"
      }
    },
    "access-list": {
      "vipType": "ignore",
      "vipValue": [],
      "vipObjectType": "tree",
      "vipPrimaryKey": [
        "direction"
      ]
    },
    "ip-directed-broadcast": {
      "vipObjectType": "object",
      "vipType": "ignore",
      "vipValue": "false",
      "vipVariableName": "vpn_if_ip-directed-broadcast"
    },
    "ipv6": {
      "access-list": {
        "vipType": "ignore",
        "vipValue": [],
        "vipObjectType": "tree",
        "vipPrimaryKey": [
          "direction"
        ]
      },
      "address": {
        "vipObjectType": "object",
        "vipType": "ignore",
        "vipValue": "",
        "vipVariableName": "vpn_if_ipv6_ipv6_address"
      },
      "dhcp-helper-v6": {
        "vipType": "ignore",
        "vipValue": [],
        "vipObjectType": "tree",
        "vipPrimaryKey": [
          "address"
        ]
      },
      "secondary-address": {
        "vipType": "ignore",
        "vipValue": [],
        "vipObjectType": "tree",
        "vipPrimaryKey": [
          "address"
        ]
      }
    },
    "arp": {
      "ip": {
        "vipType": "ignore",
        "vipValue": [],
        "vipObjectType": "tree",
        "vipPrimaryKey": [
          "addr"
        ]
      }
    },
    "vrrp": {
      "vipType": "ignore",
      "vipValue": [],
      "vipObjectType": "tree",
      "vipPrimaryKey": [
        "grp-id"
      ]
    },
    "ipv6-vrrp": {
      "vipType": "ignore",
      "vipValue": [],
      "vipObjectType": "tree",
      "vipPrimaryKey": [
        "grp-id"
      ]
    }
  },
  "gTemplateClass": "cedge",
  "templateDefinition": {
    "if-name": {
      "vipObjectType": "object",
      "vipType": "constant",
      "vipValue": "GigabitEthernet0/0/1.10",
      "vipVariableName": "vpn_if_name"
    },
    "description": {
      "vipObjectType": "object",
      "vipType": "ignore",
      "vipVariableName": "vpn_if_description"
    },
    "ip": {
      "secondary-address": {
        "vipType": "ignore",
        "vipValue": [],
        "vipObjectType": "tree",
        "vipPrimaryKey": [
          "address"
        ]
      },
      "address": {
        "vipObjectType": "object",
        "vipType": "variableName",
        "vipValue": "",
        "vipVariableName": "vpn0_inet_tloc_ext_if_ipv4_address"
      }
    },
    "dhcp-helper": {
      "vipObjectType": "list",
      "vipType": "ignore",
      "vipVariableName": "vpn_if_dhcp_helper"
    },
    "flow-control": {},
    "clear-dont-fragment": {},
    "pmtu": {},
    "mtu": {
      "vipObjectType": "object",
      "vipType": "constant",
      "vipValue": 1496,
      "vipVariableName": "vpn_if_ip_mtu"
    },
    "static-ingress-qos": {},
    "tcp-mss-adjust": {
      "vipObjectType": "object",
      "vipType": "ignore",
      "vipVariableName": "vpn_if_tcp_mss_adjust"
    },
    "mac-address": {
      "vipObjectType": "object",
      "vipType": "ignore",
      "vipVariableName": "vpn_if_mac_address"
    },
    "speed": {
      "vipObjectType": "object",
      "vipType": "ignore",
      "vipValue": "_empty",
      "vipVariableName": "vpn_if_speed"
    },
    "duplex": {
      "vipObjectType": "object",
      "vipType": "ignore",
      "vipValue": "_empty",
      "vipVariableName": "vpn_if_duplex"
    },
    "shutdown": {
      "vipObjectType": "object",
      "vipType": "constant",
      "vipValue": "false",
      "vipVariableName": "vpn_if_shutdown"
    },
    "arp-timeout": {
      "vipObjectType": "object",
      "vipType": "ignore",
      "vipValue": 1200,
      "vipVariableName": "vpn_if_arp_timeout"
    },
    "autonegotiate": {
      "vipObjectType": "object",
      "vipType": "ignore",
      "vipValue": "true",
      "vipVariableName": "vpn_if_autonegotiate"
    },
    "shaping-rate": {
      "vipObjectType": "object",
      "vipType": "ignore",
      "vipVariableName": "qos_shaping_rate"
    },
    "qos-map": {
      "vipObjectType": "object",
      "vipType": "ignore",
      "vipVariableName": "qos_map"
    },
    "tracker": {
      "vipObjectType": "list",
      "vipType": "ignore",
      "vipVariableName": "vpn_if_tracker"
    },
    "bandwidth-upstream": {
      "vipObjectType": "object",
      "vipType": "ignore",
      "vipVariableName": "vpn_if_bandwidth_upstream"
    },
    "bandwidth-downstream": {
      "vipObjectType": "object",
      "vipType": "ignore",
      "vipVariableName": "vpn_if_bandwidth_downstream"
    },
    "block-non-source-ip": {
      "vipObjectType": "object",
      "vipType": "ignore",
      "vipValue": "false",
      "vipVariableName": "vpn_if_block_non_source_ip"
    },
    "rewrite-rule": {
      "rule-name": {
        "vipObjectType": "object",
        "vipType": "ignore",
        "vipVariableName": "rewrite_rule_name"
      }
    },
    "tloc-extension": {
      "vipObjectType": "object",
      "vipType": "constant",
      "vipValue": "GigabitEthernet0/0/0",
      "vipVariableName": "vpn0_inet_if_tloc_extension"
    },
    "load-interval": {
      "vipObjectType": "object",
      "vipType": "ignore",
      "vipValue": 300,
      "vipVariableName": "vpn_if_load_interval"
    },
    "icmp-redirect-disable": {
      "vipObjectType": "object",
      "vipType": "ignore",
      "vipValue": "true",
      "vipVariableName": "vpn_if_icmp_redirect_disable"
    },
    "tloc-extension-gre-from": {
      "src-ip": {
        "vipObjectType": "object",
        "vipType": "ignore",
        "vipVariableName": "vpn_if_tloc-ext_gre_from_src_ip"
      },
      "xconnect": {
        "vipObjectType": "object",
        "vipType": "ignore",
        "vipVariableName": "vpn_if_tloc-ext_gre_from_xconnect"
      }
    },
    "access-list": {
      "vipType": "ignore",
      "vipValue": [],
      "vipObjectType": "tree",
      "vipPrimaryKey": [
        "direction"
      ]
    },
    "ip-directed-broadcast": {
      "vipObjectType": "object",
      "vipType": "ignore",
      "vipValue": "false",
      "vipVariableName": "vpn_if_ip-directed-broadcast"
    },
    "ipv6": {
      "access-list": {
        "vipType": "ignore",
        "vipValue": [],
        "vipObjectType": "tree",
        "vipPrimaryKey": [
          "direction"
        ]
      },
      "address": {
        "vipObjectType": "object",
        "vipType": "ignore",
        "vipValue": "",
        "vipVariableName": "vpn_if_ipv6_ipv6_address"
      },
      "dhcp-helper-v6": {
        "vipType": "ignore",
        "vipValue": [],
        "vipObjectType": "tree",
        "vipPrimaryKey": [
          "address"
        ]
      },
      "secondary-address": {
        "vipType": "ignore",
        "vipValue": [],
        "vipObjectType": "tree",
        "vipPrimaryKey": [
          "address"
        ]
      }
    },
    "arp": {
      "ip": {
        "vipType": "ignore",
        "vipValue": [],
        "vipObjectType": "tree",
        "vipPrimaryKey": [
          "addr"
        ]
      }
    },
    "vrrp": {
      "vipType": "ignore",
      "vipValue": [],
      "vipObjectType": "tree",
      "vipPrimaryKey": [
        "grp-id"
      ]
    },
    "ipv6-vrrp": {
      "vipType": "ignore",
      "vipValue": [],
      "vipObjectType": "tree",
      "vipPrimaryKey": [
        "grp-id"
      ]
    }
  },
  "configType": "xml",
  "attachedMastersCount": 1,
  "templateId": "aab1c9f5-cc96-472c-b656-9edf3223112d",
  "createdOn": 1666816414751,
  "@rid": 1506,
  "feature": "vmanage-default",
  "factoryDefault": false,
  "createdBy": "admin",
  "templateName": "c1111x-8p-vpn0-eth-inet-tloc-ext",
  "devicesAttached": 0,
  "templateDescription": "c1111x-8p-vpn0-eth-inet-tloc-ext",
  "lastUpdatedOn": 1666816414751
}