{
  "templateId": "670387b8-28f1-4e39-b843-f5f8501af54f",
  "templateName": "DFW",
  "templateDescription": "Dallas",
  "deviceType": "vedge-C1111X-8P",
  "deviceRole": "sdwan-edge",
  "configType": "template",
  "factoryDefault": false,
  "policyId": "",
  "featureTemplateUidRange": [],
  "connectionPreferenceRequired": true,
  "connectionPreference": true,
  "generalTemplates": [
    {
      "templateId": "9862ad69-50be-4789-9e88-4021aa7c4ed0",
      "templateType": "cedge_aaa"
    },
    {
      "templateId": "331bc20a-d356-4d43-acb5-bfb598cb8d29",
      "templateType": "cisco_bfd"
    },
    {
      "templateId": "3f2d7b8f-d155-4faa-9b29-e55cd9830e96",
      "templateType": "cisco_omp"
    },
    {
      "templateId": "154ac3ff-34e9-4c2f-ba22-bb3d03b98ee7",
      "templateType": "cisco_security"
    },
    {
      "templateId": "e345a068-9f17-479c-b31f-98ea46965c50",
      "templateType": "cisco_system",
      "subTemplates": [
        {
          "templateId": "973ea612-8375-4ca8-b63e-b1b308614d8f",
          "templateType": "cisco_logging"
        }
      ]
    },
    {
      "templateId": "c0cfe766-b22c-43a7-bd42-110beeb970d9",
      "templateType": "cisco_vpn",
      "subTemplates": [
        {
          "templateId": "ee6ab074-ba4d-4ac5-8935-65b43f62115f",
          "templateType": "cisco_vpn_interface"
        },
        {
          "templateId": "f7f2f16e-b0bb-455e-9bed-ef34e47f7463",
          "templateType": "cisco_vpn_interface"
        }
      ]
    },
    {
      "templateId": "09d483e1-2020-45a6-9252-f90dff2381b5",
      "templateType": "cisco_vpn"
    },
    {
      "templateId": "cd5d9435-920b-4d14-ac80-9f85a1c7f972",
      "templateType": "cisco_vpn",
      "subTemplates": [
        {
          "templateId": "7ce6f281-724b-4916-ab2c-729844527974",
          "templateType": "vpn-interface-svi"
        }
      ]
    },
    {
      "templateId": "9ab2fd48-4adc-4711-a8b0-cf2b39e65cce",
      "templateType": "cedge_global"
    },
    {
      "templateId": "1209ca3a-993b-4677-84e4-8b8eef1fd3d2",
      "templateType": "switchport"
    }
  ],
  "templateClass": "cedge",
  "draftMode": false
}