{
  "templateId": "54ab6a41-5027-4f83-b286-b493ae0323ea",
  "templateName": "MEX",
  "templateDescription": "Mexico City 4331 Edges",
  "deviceType": "vedge-ISR-4331",
  "configType": "template",
  "factoryDefault": false,
  "policyId": "",
  "featureTemplateUidRange": [],
  "connectionPreferenceRequired": true,
  "connectionPreference": true,
  "generalTemplates": [
    {
      "templateId": "31b6eb53-cef0-4758-8b0d-c4fa5f4a1921",
      "templateType": "cedge_aaa"
    },
    {
      "templateId": "00df6b2a-5a11-46e8-a31d-d5441ac1fe80",
      "templateType": "cisco_bfd"
    },
    {
      "templateId": "3f2d7b8f-d155-4faa-9b29-e55cd9830e96",
      "templateType": "cisco_omp"
    },
    {
      "templateId": "39b7acc1-9945-41b5-bc9f-3fcfabf26c26",
      "templateType": "cisco_security"
    },
    {
      "templateId": "e5847b17-a08b-4f82-be96-03db1e324091",
      "templateType": "cisco_system",
      "subTemplates": [
        {
          "templateId": "35895912-143d-4591-94e1-2cd9b4a8731e",
          "templateType": "cisco_logging"
        }
      ]
    },
    {
      "templateId": "4f77a47d-5d0c-4a1e-a0e3-cfd886ea6413",
      "templateType": "cisco_vpn",
      "subTemplates": [
        {
          "templateId": "87bcfb8c-3dc8-47fe-819c-926043abca08",
          "templateType": "cisco_vpn_interface"
        },
        {
          "templateId": "133a9d7f-4151-4ac6-b9e7-628dc00c1a61",
          "templateType": "cisco_vpn_interface"
        }
      ]
    },
    {
      "templateId": "3af114e4-18c6-4c1c-a90c-4a47b091e493",
      "templateType": "cisco_vpn",
      "subTemplates": [
        {
          "templateId": "0e34d2ab-dc21-4577-a03e-3196d88bb665",
          "templateType": "cisco_vpn_interface"
        }
      ]
    },
    {
      "templateId": "4353f941-86c8-4899-b7d6-66330e2bacea",
      "templateType": "cisco_vpn",
      "subTemplates": [
        {
          "templateId": "b00a5ba0-3ca8-4c6c-bc25-28f789f91ff3",
          "templateType": "cisco_bgp"
        },
        {
          "templateId": "0558f122-92a3-4bd6-babc-c7446402d49a",
          "templateType": "cisco_vpn_interface"
        }
      ]
    },
    {
      "templateId": "9ab2fd48-4adc-4711-a8b0-cf2b39e65cce",
      "templateType": "cedge_global"
    }
  ],
  "templateClass": "cedge",
  "deviceRole": "sdwan-edge",
  "draftMode": false
}