{
  "templateId": "690ba0c2-e413-492f-98f0-4de02aef73b1",
  "templateName": "MIA2",
  "templateDescription": "MIami Edge 2",
  "deviceType": "vedge-C1111X-8P",
  "deviceRole": "sdwan-edge",
  "configType": "template",
  "factoryDefault": false,
  "policyId": "",
  "featureTemplateUidRange": [],
  "connectionPreferenceRequired": true,
  "connectionPreference": true,
  "generalTemplates": [
    {
      "templateId": "9862ad69-50be-4789-9e88-4021aa7c4ed0",
      "templateType": "cedge_aaa"
    },
    {
      "templateId": "331bc20a-d356-4d43-acb5-bfb598cb8d29",
      "templateType": "cisco_bfd"
    },
    {
      "templateId": "3f2d7b8f-d155-4faa-9b29-e55cd9830e96",
      "templateType": "cisco_omp"
    },
    {
      "templateId": "154ac3ff-34e9-4c2f-ba22-bb3d03b98ee7",
      "templateType": "cisco_security"
    },
    {
      "templateId": "e345a068-9f17-479c-b31f-98ea46965c50",
      "templateType": "cisco_system",
      "subTemplates": [
        {
          "templateId": "973ea612-8375-4ca8-b63e-b1b308614d8f",
          "templateType": "cisco_logging"
        }
      ]
    },
    {
      "templateId": "c0cfe766-b22c-43a7-bd42-110beeb970d9",
      "templateType": "cisco_vpn",
      "subTemplates": [
        {
          "templateId": "7797a285-8eeb-4139-b2b0-1046c39e39e2",
          "templateType": "cisco_vpn_interface"
        },
        {
          "templateId": "b5042944-8428-46da-b9d8-537fd92dd0ad",
          "templateType": "cisco_vpn_interface"
        },
        {
          "templateId": "db1433f4-ab96-4d3b-969a-3ded6f36097a",
          "templateType": "cisco_vpn_interface"
        }
      ]
    },
    {
      "templateId": "09d483e1-2020-45a6-9252-f90dff2381b5",
      "templateType": "cisco_vpn"
    },
    {
      "templateId": "cd5d9435-920b-4d14-ac80-9f85a1c7f972",
      "templateType": "cisco_vpn",
      "subTemplates": [
        {
          "templateId": "b6987b3a-916d-41e3-b671-93b9a4f6f21f",
          "templateType": "vpn-interface-svi"
        }
      ]
    },
    {
      "templateId": "9ab2fd48-4adc-4711-a8b0-cf2b39e65cce",
      "templateType": "cedge_global"
    },
    {
      "templateId": "1209ca3a-993b-4677-84e4-8b8eef1fd3d2",
      "templateType": "switchport"
    }
  ],
  "templateClass": "cedge",
  "draftMode": false
}