{
  "templateId": "316f64ff-e768-4f28-9d82-f63e35ca0480",
  "templateName": "PHL-8000v-Edge-1",
  "templateDescription": "PHL-8000v-Edge-1",
  "deviceType": "vedge-C8000V",
  "deviceRole": "sdwan-edge",
  "configType": "template",
  "factoryDefault": false,
  "policyId": "",
  "featureTemplateUidRange": [],
  "connectionPreferenceRequired": true,
  "connectionPreference": true,
  "generalTemplates": [
    {
      "templateId": "2717ae9f-720f-44ba-81a5-f8948c1329af",
      "templateType": "cedge_aaa"
    },
    {
      "templateId": "00df6b2a-5a11-46e8-a31d-d5441ac1fe80",
      "templateType": "cisco_bfd"
    },
    {
      "templateId": "3678bf2a-1f4c-47be-b23b-2996e9d6d718",
      "templateType": "cisco_omp"
    },
    {
      "templateId": "39b7acc1-9945-41b5-bc9f-3fcfabf26c26",
      "templateType": "cisco_security"
    },
    {
      "templateId": "74d0ad97-7683-49b0-b069-8c1d6a1bd162",
      "templateType": "cisco_system",
      "subTemplates": [
        {
          "templateId": "35895912-143d-4591-94e1-2cd9b4a8731e",
          "templateType": "cisco_logging"
        },
        {
          "templateId": "2038844b-ce74-40f8-b2a0-8db3e9475c62",
          "templateType": "cisco_ntp"
        }
      ]
    },
    {
      "templateId": "ccadcbc0-77b9-4589-84fa-e86c8dde6516",
      "templateType": "cisco_vpn",
      "subTemplates": [
        {
          "templateId": "c9561414-ad7f-4ecd-b7d8-0edb446b54d8",
          "templateType": "cisco_vpn_interface"
        },
        {
          "templateId": "ac5934c8-be8c-411a-b3f1-3f08f0a9694f",
          "templateType": "cisco_vpn_interface"
        }
      ]
    },
    {
      "templateId": "39c10c4b-267b-4d54-a716-014a97a2d80e",
      "templateType": "cisco_vpn"
    },
    {
      "templateId": "6e050a8f-1cd2-4cc8-8d6d-4eebc5f44089",
      "templateType": "cisco_vpn",
      "subTemplates": [
        {
          "templateId": "78009e7e-b173-4c30-bdc2-08fd8206604f",
          "templateType": "cisco_bgp"
        },
        {
          "templateId": "01e44561-6079-48ee-b8c0-82092f302ef4",
          "templateType": "cisco_vpn_interface"
        }
      ]
    },
    {
      "templateId": "9ab2fd48-4adc-4711-a8b0-cf2b39e65cce",
      "templateType": "cedge_global"
    },
    {
      "templateId": "530dc7cb-7ae0-42f8-9b9b-e622ca5a6850",
      "templateType": "cisco_banner"
    }
  ],
  "templateClass": "cedge",
  "draftMode": false
}