{
  "templateId": "763ee19c-100c-4b0d-bd73-de2e8185e026",
  "templateName": "Stage2_4k_Single_DHCP_Transport_with_TLOC",
  "templateDescription": "Single transport template for 4k devices - TLOC extension and DHCP WAN",
  "deviceType": "vedge-ISR-4331",
  "deviceRole": "sdwan-edge",
  "configType": "template",
  "factoryDefault": false,
  "policyId": "",
  "featureTemplateUidRange": [],
  "draftMode": false,
  "connectionPreferenceRequired": true,
  "connectionPreference": true,
  "generalTemplates": [
    {
      "templateId": "e72ce08f-deec-494b-a49a-5a699e387ec7",
      "templateType": "cedge_aaa"
    },
    {
      "templateId": "00df6b2a-5a11-46e8-a31d-d5441ac1fe80",
      "templateType": "cisco_bfd"
    },
    {
      "templateId": "3f2d7b8f-d155-4faa-9b29-e55cd9830e96",
      "templateType": "cisco_omp"
    },
    {
      "templateId": "39b7acc1-9945-41b5-bc9f-3fcfabf26c26",
      "templateType": "cisco_security"
    },
    {
      "templateId": "20145ce3-d480-407e-8196-965f36b196d9",
      "templateType": "cisco_system",
      "subTemplates": [
        {
          "templateId": "35895912-143d-4591-94e1-2cd9b4a8731e",
          "templateType": "cisco_logging"
        }
      ]
    },
    {
      "templateId": "eaf8d3a9-aa69-4552-8eaf-4789821480e8",
      "templateType": "cisco_vpn",
      "subTemplates": [
        {
          "templateId": "3b54492f-6fd4-4ed1-9063-aea1446d01de",
          "templateType": "cisco_vpn_interface"
        }
      ]
    },
    {
      "templateId": "09d483e1-2020-45a6-9252-f90dff2381b5",
      "templateType": "cisco_vpn",
      "subTemplates": [
        {
          "templateId": "19789a31-c200-4b0f-88ed-deecea623bec",
          "templateType": "cisco_vpn_interface"
        }
      ]
    },
    {
      "templateId": "9ab2fd48-4adc-4711-a8b0-cf2b39e65cce",
      "templateType": "cedge_global"
    }
  ],
  "templateClass": "cedge"
}