{
  "templateId": "47064b73-5cdb-4b8e-b99e-21cd67b5f50b",
  "templateName": "StageGZ_1k",
  "templateDescription": "Bare Minimum 1k Config Template",
  "deviceType": "vedge-C1111X-8P",
  "deviceRole": "sdwan-edge",
  "configType": "template",
  "factoryDefault": false,
  "policyId": "",
  "featureTemplateUidRange": [],
  "draftMode": false,
  "connectionPreferenceRequired": true,
  "connectionPreference": true,
  "generalTemplates": [
    {
      "templateId": "e72ce08f-deec-494b-a49a-5a699e387ec7",
      "templateType": "cedge_aaa"
    },
    {
      "templateId": "331bc20a-d356-4d43-acb5-bfb598cb8d29",
      "templateType": "cisco_bfd"
    },
    {
      "templateId": "3f2d7b8f-d155-4faa-9b29-e55cd9830e96",
      "templateType": "cisco_omp"
    },
    {
      "templateId": "154ac3ff-34e9-4c2f-ba22-bb3d03b98ee7",
      "templateType": "cisco_security"
    },
    {
      "templateId": "4ff960d5-8dd1-4fc6-8306-770ebdf4b6c6",
      "templateType": "cisco_system",
      "subTemplates": [
        {
          "templateId": "973ea612-8375-4ca8-b63e-b1b308614d8f",
          "templateType": "cisco_logging"
        }
      ]
    },
    {
      "templateId": "3a521e4b-5f41-411b-a466-8f68ed05af2d",
      "templateType": "cisco_vpn",
      "subTemplates": [
        {
          "templateId": "62ab4325-527e-4cb3-ac40-2047c103be90",
          "templateType": "cisco_vpn_interface"
        },
        {
          "templateId": "1d3a77a6-0150-4e2f-b41c-a6c00b5df16a",
          "templateType": "cisco_vpn_interface"
        }
      ]
    },
    {
      "templateId": "09d483e1-2020-45a6-9252-f90dff2381b5",
      "templateType": "cisco_vpn"
    },
    {
      "templateId": "9ab2fd48-4adc-4711-a8b0-cf2b39e65cce",
      "templateType": "cedge_global"
    },
    {
      "templateId": "f49afcc6-af67-449e-8968-abe7a2147ee8",
      "templateType": "switchport"
    }
  ],
  "templateClass": "cedge"
}