{
  "templateId": "5a03466d-b857-4478-9a04-b0f628a4966b",
  "templateName": "Stage2_Framework_ISR4k",
  "templateDescription": "ISR4k Framework Template with placeholders",
  "deviceType": "vedge-ISR-4331",
  "deviceRole": "sdwan-edge",
  "configType": "template",
  "factoryDefault": false,
  "policyId": "",
  "featureTemplateUidRange": [],
  "draftMode": false,
  "generalTemplates": [
    {
      "templateId": "e72ce08f-deec-494b-a49a-5a699e387ec7",
      "templateType": "cedge_aaa"
    },
    {
      "templateId": "00df6b2a-5a11-46e8-a31d-d5441ac1fe80",
      "templateType": "cisco_bfd"
    },
    {
      "templateId": "3f2d7b8f-d155-4faa-9b29-e55cd9830e96",
      "templateType": "cisco_omp"
    },
    {
      "templateId": "39b7acc1-9945-41b5-bc9f-3fcfabf26c26",
      "templateType": "cisco_security"
    },
    {
      "templateId": "0f7a5588-1d6b-49e6-b92e-a7389d414fab",
      "templateType": "cisco_system",
      "subTemplates": [
        {
          "templateId": "35895912-143d-4591-94e1-2cd9b4a8731e",
          "templateType": "cisco_logging"
        }
      ]
    },
    {
      "templateId": "9fd87113-96c0-4746-aa6e-bc43b70cecab",
      "templateType": "cisco_vpn",
      "subTemplates": [
        {
          "templateId": "c036d7f4-884a-474f-8ea2-0dfb3ec19317",
          "templateType": "cisco_vpn_interface"
        },
        {
          "templateId": "e6528fb3-14fa-4a0b-8523-ade0ab61c57a",
          "templateType": "cisco_vpn_interface"
        },
        {
          "templateId": "6fcd33c3-7bde-493b-9977-d7d93d2ab882",
          "templateType": "cisco_vpn_interface"
        }
      ]
    },
    {
      "templateId": "0b3bd764-69a9-47f7-858e-3ea174defde5",
      "templateType": "cisco_vpn",
      "subTemplates": [
        {
          "templateId": "19789a31-c200-4b0f-88ed-deecea623bec",
          "templateType": "cisco_vpn_interface"
        }
      ]
    },
    {
      "templateId": "9f9a4e05-0774-480c-ae63-2f5604e03aea",
      "templateType": "cisco_vpn",
      "subTemplates": [
        {
          "templateId": "c036d7f4-884a-474f-8ea2-0dfb3ec19317",
          "templateType": "cisco_vpn_interface"
        }
      ]
    },
    {
      "templateId": "9ab2fd48-4adc-4711-a8b0-cf2b39e65cce",
      "templateType": "cedge_global"
    }
  ],
  "templateClass": "cedge"
}