{
  "deviceType": [
    "vedge-ISR-4331"
  ],
  "templateType": "cisco_vpn",
  "templateMinVersion": "15.0.0",
  "lastUpdatedBy": "netadmin",
  "editedTemplateDefinition": {
    "vpn-id": {
      "vipObjectType": "object",
      "vipType": "constant",
      "vipValue": 100
    },
    "name": {
      "vipObjectType": "object",
      "vipType": "constant",
      "vipValue": "Employee",
      "vipVariableName": "vpn_name"
    },
    "ecmp-hash-key": {
      "layer4": {
        "vipObjectType": "object",
        "vipType": "ignore",
        "vipValue": "false",
        "vipVariableName": "vpn_layer4"
      }
    },
    "nat64-global": {
      "prefix": {
        "stateful": {}
      }
    },
    "nat64": {
      "v4": {
        "pool": {
          "vipType": "ignore",
          "vipValue": [],
          "vipObjectType": "tree",
          "vipPrimaryKey": [
            "name"
          ]
        }
      }
    },
    "host": {
      "vipType": "ignore",
      "vipValue": [],
      "vipObjectType": "tree",
      "vipPrimaryKey": [
        "hostname"
      ]
    },
    "service": {
      "vipType": "ignore",
      "vipValue": [],
      "vipObjectType": "tree",
      "vipPrimaryKey": [
        "svc-type"
      ]
    },
    "ip": {
      "gre-route": {},
      "ipsec-route": {},
      "service-route": {}
    },
    "ipv6": {},
    "omp": {
      "advertise": {
        "vipType": "constant",
        "vipValue": [
          {
            "priority-order": [
              "protocol"
            ],
            "protocol": {
              "vipType": "constant",
              "vipValue": "bgp",
              "vipObjectType": "object"
            }
          },
          {
            "priority-order": [
              "protocol"
            ],
            "protocol": {
              "vipType": "constant",
              "vipValue": "static",
              "vipObjectType": "object"
            }
          },
          {
            "priority-order": [
              "protocol"
            ],
            "protocol": {
              "vipType": "constant",
              "vipValue": "connected",
              "vipObjectType": "object"
            }
          }
        ],
        "vipObjectType": "tree",
        "vipPrimaryKey": [
          "protocol"
        ]
      },
      "ipv6-advertise": {
        "vipType": "ignore",
        "vipValue": [],
        "vipObjectType": "tree",
        "vipPrimaryKey": [
          "protocol"
        ]
      }
    }
  },
  "gTemplateClass": "cedge",
  "templateDefinition": {
    "vpn-id": {
      "vipObjectType": "object",
      "vipType": "constant",
      "vipValue": 100
    },
    "name": {
      "vipObjectType": "object",
      "vipType": "constant",
      "vipValue": "Employee",
      "vipVariableName": "vpn_name"
    },
    "ecmp-hash-key": {
      "layer4": {
        "vipObjectType": "object",
        "vipType": "ignore",
        "vipValue": "false",
        "vipVariableName": "vpn_layer4"
      }
    },
    "nat64-global": {
      "prefix": {
        "stateful": {}
      }
    },
    "nat64": {
      "v4": {
        "pool": {
          "vipType": "ignore",
          "vipValue": [],
          "vipObjectType": "tree",
          "vipPrimaryKey": [
            "name"
          ]
        }
      }
    },
    "host": {
      "vipType": "ignore",
      "vipValue": [],
      "vipObjectType": "tree",
      "vipPrimaryKey": [
        "hostname"
      ]
    },
    "service": {
      "vipType": "ignore",
      "vipValue": [],
      "vipObjectType": "tree",
      "vipPrimaryKey": [
        "svc-type"
      ]
    },
    "ip": {
      "gre-route": {},
      "ipsec-route": {},
      "service-route": {}
    },
    "ipv6": {},
    "omp": {
      "advertise": {
        "vipType": "constant",
        "vipValue": [
          {
            "priority-order": [
              "protocol"
            ],
            "protocol": {
              "vipType": "constant",
              "vipValue": "bgp",
              "vipObjectType": "object"
            }
          },
          {
            "priority-order": [
              "protocol"
            ],
            "protocol": {
              "vipType": "constant",
              "vipValue": "static",
              "vipObjectType": "object"
            }
          },
          {
            "priority-order": [
              "protocol"
            ],
            "protocol": {
              "vipType": "constant",
              "vipValue": "connected",
              "vipObjectType": "object"
            }
          }
        ],
        "vipObjectType": "tree",
        "vipPrimaryKey": [
          "protocol"
        ]
      },
      "ipv6-advertise": {
        "vipType": "ignore",
        "vipValue": [],
        "vipObjectType": "tree",
        "vipPrimaryKey": [
          "protocol"
        ]
      }
    }
  },
  "configType": "xml",
  "attachedMastersCount": 1,
  "templateId": "664054be-33a6-4ae4-bc7f-be540e36c50f",
  "createdOn": 1666715212763,
  "@rid": 1529,
  "feature": "vmanage-default",
  "factoryDefault": false,
  "createdBy": "netadmin",
  "templateName": "4331-vpn100",
  "devicesAttached": 0,
  "templateDescription": "4331-vpn100",
  "lastUpdatedOn": 1666715212763
}