{
  "deviceType": [
    "vedge-C1111X-8P"
  ],
  "templateType": "vpn-interface-svi",
  "templateMinVersion": "15.0.0",
  "lastUpdatedBy": "netadmin",
  "editedTemplateDefinition": {
    "if-name": {
      "vipObjectType": "object",
      "vipType": "constant",
      "vipValue": "Vlan54",
      "vipVariableName": "vpn_if_svi_if_name"
    },
    "description": {
      "vipObjectType": "object",
      "vipType": "ignore",
      "vipVariableName": "vpn_if_svi_description"
    },
    "ip": {
      "address": {
        "vipObjectType": "object",
        "vipType": "constant",
        "vipValue": "10.4.50.1/24",
        "vipVariableName": "vpn_if_svi_if_ipv4_prefix"
      },
      "secondary-address": {
        "vipType": "ignore",
        "vipValue": [],
        "vipObjectType": "tree",
        "vipPrimaryKey": [
          "address"
        ]
      }
    },
    "ipv6": {
      "address": {
        "vipObjectType": "object",
        "vipType": "ignore",
        "vipVariableName": "vpn_if_svi_ipv6_ipv6_address"
      },
      "secondary-address": {
        "vipType": "ignore",
        "vipValue": [],
        "vipObjectType": "tree",
        "vipPrimaryKey": [
          "address"
        ]
      },
      "access-list": {
        "vipType": "ignore",
        "vipValue": [],
        "vipObjectType": "tree",
        "vipPrimaryKey": [
          "direction"
        ]
      },
      "dhcp-helper-v6": {
        "vipType": "ignore",
        "vipValue": [],
        "vipObjectType": "tree",
        "vipPrimaryKey": [
          "address"
        ]
      }
    },
    "dhcp-helper": {
      "vipObjectType": "list",
      "vipType": "ignore",
      "vipVariableName": "vpn_if_svi_dhcp_helper"
    },
    "mtu": {
      "vipObjectType": "object",
      "vipType": "ignore",
      "vipValue": 1500,
      "vipVariableName": "vpn_if_svi_ip_mtu"
    },
    "tcp-mss-adjust": {
      "vipObjectType": "object",
      "vipType": "ignore",
      "vipVariableName": "vpn_if_svi_tcp_mss_adjust"
    },
    "shutdown": {
      "vipObjectType": "object",
      "vipType": "constant",
      "vipValue": "false",
      "vipVariableName": "vpn_if_svi_shutdown"
    },
    "arp-timeout": {
      "vipObjectType": "object",
      "vipType": "ignore",
      "vipValue": 1200,
      "vipVariableName": "vpn_if_svi_arp_timeout"
    },
    "access-list": {
      "vipType": "ignore",
      "vipValue": [],
      "vipObjectType": "tree",
      "vipPrimaryKey": [
        "direction"
      ]
    },
    "ip-directed-broadcast": {
      "vipObjectType": "object",
      "vipType": "ignore",
      "vipValue": "false",
      "vipVariableName": "vpn_if_ip-directed-broadcast"
    },
    "vrrp": {
      "vipType": "ignore",
      "vipValue": [],
      "vipObjectType": "tree",
      "vipPrimaryKey": [
        "grp-id"
      ]
    },
    "ipv6-vrrp": {
      "vipType": "ignore",
      "vipValue": [],
      "vipObjectType": "tree",
      "vipPrimaryKey": [
        "grp-id"
      ]
    }
  },
  "gTemplateClass": "cedge",
  "templateDefinition": {
    "if-name": {
      "vipObjectType": "object",
      "vipType": "constant",
      "vipValue": "Vlan54",
      "vipVariableName": "vpn_if_svi_if_name"
    },
    "description": {
      "vipObjectType": "object",
      "vipType": "ignore",
      "vipVariableName": "vpn_if_svi_description"
    },
    "ip": {
      "address": {
        "vipObjectType": "object",
        "vipType": "constant",
        "vipValue": "10.4.50.1/24",
        "vipVariableName": "vpn_if_svi_if_ipv4_prefix"
      },
      "secondary-address": {
        "vipType": "ignore",
        "vipValue": [],
        "vipObjectType": "tree",
        "vipPrimaryKey": [
          "address"
        ]
      }
    },
    "ipv6": {
      "address": {
        "vipObjectType": "object",
        "vipType": "ignore",
        "vipVariableName": "vpn_if_svi_ipv6_ipv6_address"
      },
      "secondary-address": {
        "vipType": "ignore",
        "vipValue": [],
        "vipObjectType": "tree",
        "vipPrimaryKey": [
          "address"
        ]
      },
      "access-list": {
        "vipType": "ignore",
        "vipValue": [],
        "vipObjectType": "tree",
        "vipPrimaryKey": [
          "direction"
        ]
      },
      "dhcp-helper-v6": {
        "vipType": "ignore",
        "vipValue": [],
        "vipObjectType": "tree",
        "vipPrimaryKey": [
          "address"
        ]
      }
    },
    "dhcp-helper": {
      "vipObjectType": "list",
      "vipType": "ignore",
      "vipVariableName": "vpn_if_svi_dhcp_helper"
    },
    "mtu": {
      "vipObjectType": "object",
      "vipType": "ignore",
      "vipValue": 1500,
      "vipVariableName": "vpn_if_svi_ip_mtu"
    },
    "tcp-mss-adjust": {
      "vipObjectType": "object",
      "vipType": "ignore",
      "vipVariableName": "vpn_if_svi_tcp_mss_adjust"
    },
    "shutdown": {
      "vipObjectType": "object",
      "vipType": "constant",
      "vipValue": "false",
      "vipVariableName": "vpn_if_svi_shutdown"
    },
    "arp-timeout": {
      "vipObjectType": "object",
      "vipType": "ignore",
      "vipValue": 1200,
      "vipVariableName": "vpn_if_svi_arp_timeout"
    },
    "access-list": {
      "vipType": "ignore",
      "vipValue": [],
      "vipObjectType": "tree",
      "vipPrimaryKey": [
        "direction"
      ]
    },
    "ip-directed-broadcast": {
      "vipObjectType": "object",
      "vipType": "ignore",
      "vipValue": "false",
      "vipVariableName": "vpn_if_ip-directed-broadcast"
    },
    "vrrp": {
      "vipType": "ignore",
      "vipValue": [],
      "vipObjectType": "tree",
      "vipPrimaryKey": [
        "grp-id"
      ]
    },
    "ipv6-vrrp": {
      "vipType": "ignore",
      "vipValue": [],
      "vipObjectType": "tree",
      "vipPrimaryKey": [
        "grp-id"
      ]
    }
  },
  "attachedMastersCount": 0,
  "configType": "xml",
  "templateId": "36d7baa4-3f1d-4541-bb3d-b5a03a8e1831",
  "createdOn": 1666715211114,
  "@rid": 1525,
  "feature": "vmanage-default",
  "factoryDefault": false,
  "createdBy": "netadmin",
  "templateName": "c1111x-8p-vpn50-vlan-svi-dfw",
  "devicesAttached": 0,
  "templateDescription": "c1111x-8p-vpn50-vlan-svi-dfw",
  "lastUpdatedOn": 1666715211114
}