{
  "deviceType": [
    "vedge-C1111X-8P"
  ],
  "templateType": "cedge_aaa",
  "templateMinVersion": "15.0.0",
  "lastUpdatedBy": "netadmin",
  "editedTemplateDefinition": {
    "user": {
      "vipType": "constant",
      "vipValue": [
        {
          "vipOptional": false,
          "name": {
            "vipObjectType": "object",
            "vipType": "constant",
            "vipValue": "admin"
          },
          "password": {
            "vipObjectType": "object",
            "vipType": "constant",
            "vipValue": "$6$XojRbA==$a6d2zs0vdq9XPrf9REFwAu/1W3YjtZdmsNoslR.S48sjmVcGwIIcKA9woOuaY4Zo.flP3gmz7kwcsrBU0GoQ/.",
            "vipVariableName": "user_password1"
          },
          "secret": {
            "vipObjectType": "object",
            "vipType": "constant",
            "vipValue": "$9$2/2J2/6J2/UJ3U$puNq8LbTvWzJSceHyL2arIvH27s/8WMjJlpq3RrhxhM",
            "vipVariableName": "password_secret1"
          },
          "pubkey-chain": {
            "vipObjectType": "tree",
            "vipType": "ignore",
            "vipValue": [],
            "vipVariableName": "user_pubkey_chain_0",
            "vipPrimaryKey": [
              "key-string"
            ]
          },
          "privilege": {
            "vipObjectType": "object",
            "vipType": "constant",
            "vipValue": "15",
            "vipVariableName": "user_privilege_0"
          },
          "priority-order": [
            "name",
            "password",
            "secret",
            "pubkey-chain",
            "privilege"
          ]
        }
      ],
      "vipObjectType": "tree",
      "vipPrimaryKey": [
        "name"
      ]
    },
    "tacacs": {
      "vipType": "ignore",
      "vipValue": []
    },
    "radius": {
      "vipType": "ignore",
      "vipValue": []
    },
    "authentication": {
      "dot1x": {
        "default": {
          "authentication_group": {
            "key": "authentication_group",
            "description": "Authentication Param",
            "details": "Authentication configurations parameters",
            "optionType": [
              {
                "value": "constant",
                "display": "Global",
                "iconClass": "language",
                "iconColor": "icon-global"
              },
              {
                "value": "variable",
                "display": "Device Specific",
                "iconClass": "router",
                "iconColor": "icon-variable"
              },
              {
                "value": "ignore",
                "display": "Default",
                "iconClass": "check_circle",
                "iconColor": "icon-default"
              }
            ],
            "originalDefaultOption": "ignore",
            "defaultOption": "ignore",
            "dataType": {
              "type": "boolean",
              "default": "false"
            },
            "dataPath": [
              "default"
            ],
            "vipObjectType": "object",
            "objectType": "object",
            "deleteFlag": false,
            "vipType": "ignore",
            "vipValue": "false",
            "vipVariableName": "dot1x_auth_group"
          }
        }
      }
    },
    "accounting": {
      "dot1x": {
        "default": {
          "start-stop": {
            "accounting_group": {
              "key": "accounting_group",
              "description": "Accounting Param",
              "details": "Accounting configurations parameters",
              "optionType": [
                {
                  "value": "constant",
                  "display": "Global",
                  "iconClass": "language",
                  "iconColor": "icon-global"
                },
                {
                  "value": "variable",
                  "display": "Device Specific",
                  "iconClass": "router",
                  "iconColor": "icon-variable"
                },
                {
                  "value": "ignore",
                  "display": "Default",
                  "iconClass": "check_circle",
                  "iconColor": "icon-default"
                }
              ],
              "originalDefaultOption": "ignore",
              "defaultOption": "ignore",
              "dataType": {
                "type": "boolean",
                "default": "false"
              },
              "dataPath": [
                "start-stop"
              ],
              "vipObjectType": "object",
              "objectType": "object",
              "deleteFlag": false,
              "vipType": "ignore",
              "vipValue": "false",
              "vipVariableName": "dot1x_acct_group"
            }
          }
        }
      }
    },
    "server-auth-order": {
      "vipObjectType": "object",
      "vipType": "constant",
      "vipValue": "local"
    }
  },
  "gTemplateClass": "cedge",
  "templateDefinition": {
    "user": {
      "vipType": "constant",
      "vipValue": [
        {
          "vipOptional": false,
          "name": {
            "vipObjectType": "object",
            "vipType": "constant",
            "vipValue": "admin"
          },
          "password": {
            "vipObjectType": "object",
            "vipType": "constant",
            "vipValue": "$6$XojRbA==$a6d2zs0vdq9XPrf9REFwAu/1W3YjtZdmsNoslR.S48sjmVcGwIIcKA9woOuaY4Zo.flP3gmz7kwcsrBU0GoQ/.",
            "vipVariableName": "user_password1"
          },
          "secret": {
            "vipObjectType": "object",
            "vipType": "constant",
            "vipValue": "$9$2/2J2/6J2/UJ3U$puNq8LbTvWzJSceHyL2arIvH27s/8WMjJlpq3RrhxhM",
            "vipVariableName": "password_secret1"
          },
          "pubkey-chain": {
            "vipObjectType": "tree",
            "vipType": "ignore",
            "vipValue": [],
            "vipVariableName": "user_pubkey_chain_0",
            "vipPrimaryKey": [
              "key-string"
            ]
          },
          "privilege": {
            "vipObjectType": "object",
            "vipType": "constant",
            "vipValue": "15",
            "vipVariableName": "user_privilege_0"
          },
          "priority-order": [
            "name",
            "password",
            "secret",
            "pubkey-chain",
            "privilege"
          ]
        }
      ],
      "vipObjectType": "tree",
      "vipPrimaryKey": [
        "name"
      ]
    },
    "tacacs": {
      "vipType": "ignore",
      "vipValue": []
    },
    "radius": {
      "vipType": "ignore",
      "vipValue": []
    },
    "authentication": {
      "dot1x": {
        "default": {
          "authentication_group": {
            "key": "authentication_group",
            "description": "Authentication Param",
            "details": "Authentication configurations parameters",
            "optionType": [
              {
                "value": "constant",
                "display": "Global",
                "iconClass": "language",
                "iconColor": "icon-global"
              },
              {
                "value": "variable",
                "display": "Device Specific",
                "iconClass": "router",
                "iconColor": "icon-variable"
              },
              {
                "value": "ignore",
                "display": "Default",
                "iconClass": "check_circle",
                "iconColor": "icon-default"
              }
            ],
            "originalDefaultOption": "ignore",
            "defaultOption": "ignore",
            "dataType": {
              "type": "boolean",
              "default": "false"
            },
            "dataPath": [
              "default"
            ],
            "vipObjectType": "object",
            "objectType": "object",
            "deleteFlag": false,
            "vipType": "ignore",
            "vipValue": "false",
            "vipVariableName": "dot1x_auth_group"
          }
        }
      }
    },
    "accounting": {
      "dot1x": {
        "default": {
          "start-stop": {
            "accounting_group": {
              "key": "accounting_group",
              "description": "Accounting Param",
              "details": "Accounting configurations parameters",
              "optionType": [
                {
                  "value": "constant",
                  "display": "Global",
                  "iconClass": "language",
                  "iconColor": "icon-global"
                },
                {
                  "value": "variable",
                  "display": "Device Specific",
                  "iconClass": "router",
                  "iconColor": "icon-variable"
                },
                {
                  "value": "ignore",
                  "display": "Default",
                  "iconClass": "check_circle",
                  "iconColor": "icon-default"
                }
              ],
              "originalDefaultOption": "ignore",
              "defaultOption": "ignore",
              "dataType": {
                "type": "boolean",
                "default": "false"
              },
              "dataPath": [
                "start-stop"
              ],
              "vipObjectType": "object",
              "objectType": "object",
              "deleteFlag": false,
              "vipType": "ignore",
              "vipValue": "false",
              "vipVariableName": "dot1x_acct_group"
            }
          }
        }
      }
    },
    "server-auth-order": {
      "vipObjectType": "object",
      "vipType": "constant",
      "vipValue": "local"
    }
  },
  "configType": "xml",
  "attachedMastersCount": 4,
  "templateId": "95f5ef93-2f92-4bbf-800d-0215cdcf7d21",
  "createdOn": 1666715212367,
  "@rid": 1528,
  "feature": "vmanage-default",
  "factoryDefault": false,
  "createdBy": "netadmin",
  "templateName": "c1111x-80-aaa",
  "devicesAttached": 0,
  "templateDescription": "c1111x-8p-aaa",
  "lastUpdatedOn": 1666715212367
}