{
  "deviceType": [
    "vedge-C8000V",
    "vedge-C1111-8PLTELA",
    "vedge-CSR-1000v",
    "vedge-ISR-4331"
  ],
  "templateType": "cisco_vpn",
  "templateMinVersion": "15.0.0",
  "lastUpdatedBy": "system",
  "editedTemplateDefinition": {
    "vpn-id": {
      "vipValue": 512,
      "vipObjectType": "object",
      "vipType": "constant",
      "vipVariableName": ""
    },
    "name": {
      "vipValue": "",
      "vipObjectType": "object",
      "vipType": "ignore"
    },
    "dns": {
      "vipValue": [],
      "vipObjectType": "tree",
      "vipType": "ignore",
      "vipPrimaryKey": [
        "dns-addr"
      ]
    },
    "dns-ipv6": {
      "vipValue": [],
      "vipObjectType": "tree",
      "vipType": "ignore",
      "vipPrimaryKey": [
        "dns-addr"
      ]
    },
    "ecmp-hash-key": {
      "layer4": {
        "vipValue": "",
        "vipObjectType": "object",
        "vipType": "ignore"
      }
    },
    "host": {
      "vipValue": [],
      "vipObjectType": "tree",
      "vipType": "ignore",
      "vipPrimaryKey": [
        "hostname"
      ]
    },
    "ip": {
      "route": {
        "vipValue": [],
        "vipObjectType": "tree",
        "vipType": "ignore",
        "vipPrimaryKey": [
          "prefix"
        ]
      }
    },
    "ipv6": {
      "route": {
        "vipValue": [],
        "vipObjectType": "tree",
        "vipType": "ignore",
        "vipPrimaryKey": [
          "prefix"
        ]
      }
    },
    "omp": {
      "advertise": {
        "vipValue": [],
        "vipObjectType": "tree",
        "vipType": "ignore",
        "vipPrimaryKey": [
          "protocol"
        ]
      },
      "ipv6-advertise": {
        "vipValue": [],
        "vipObjectType": "tree",
        "vipType": "ignore",
        "vipPrimaryKey": [
          "protocol"
        ]
      }
    },
    "nat64": {
      "v4": {
        "pool": {
          "vipValue": [],
          "vipObjectType": "tree",
          "vipType": "ignore",
          "vipPrimaryKey": [
            "name"
          ]
        }
      }
    }
  },
  "gTemplateClass": "cedge",
  "templateDefinition": {
    "vpn-id": {
      "vipValue": 512,
      "vipObjectType": "object",
      "vipType": "constant",
      "vipVariableName": ""
    },
    "name": {
      "vipValue": "",
      "vipObjectType": "object",
      "vipType": "ignore"
    },
    "dns": {
      "vipValue": [],
      "vipObjectType": "tree",
      "vipType": "ignore",
      "vipPrimaryKey": [
        "dns-addr"
      ]
    },
    "dns-ipv6": {
      "vipValue": [],
      "vipObjectType": "tree",
      "vipType": "ignore",
      "vipPrimaryKey": [
        "dns-addr"
      ]
    },
    "ecmp-hash-key": {
      "layer4": {
        "vipValue": "",
        "vipObjectType": "object",
        "vipType": "ignore"
      }
    },
    "host": {
      "vipValue": [],
      "vipObjectType": "tree",
      "vipType": "ignore",
      "vipPrimaryKey": [
        "hostname"
      ]
    },
    "ip": {
      "route": {
        "vipValue": [],
        "vipObjectType": "tree",
        "vipType": "ignore",
        "vipPrimaryKey": [
          "prefix"
        ]
      }
    },
    "ipv6": {
      "route": {
        "vipValue": [],
        "vipObjectType": "tree",
        "vipType": "ignore",
        "vipPrimaryKey": [
          "prefix"
        ]
      }
    },
    "omp": {
      "advertise": {
        "vipValue": [],
        "vipObjectType": "tree",
        "vipType": "ignore",
        "vipPrimaryKey": [
          "protocol"
        ]
      },
      "ipv6-advertise": {
        "vipValue": [],
        "vipObjectType": "tree",
        "vipType": "ignore",
        "vipPrimaryKey": [
          "protocol"
        ]
      }
    },
    "nat64": {
      "v4": {
        "pool": {
          "vipValue": [],
          "vipObjectType": "tree",
          "vipType": "ignore",
          "vipPrimaryKey": [
            "name"
          ]
        }
      }
    }
  },
  "configType": "xml",
  "attachedMastersCount": 4,
  "templateId": "0b3bd764-69a9-47f7-858e-3ea174defde5",
  "createdOn": 1631909899445,
  "@rid": 263,
  "feature": "vmanage-default",
  "factoryDefault": true,
  "createdBy": "system",
  "templateName": "Default_VPN_512_Cisco_V01",
  "devicesAttached": 0,
  "templateDescription": "Factory Default template for Cisco VPN 512",
  "lastUpdatedOn": 1631909899445
}