{
  "deviceType": [
    "vedge-cloud"
  ],
  "templateMinVersion": "15.0.0",
  "templateType": "cisco_vpn",
  "lastUpdatedBy": "system",
  "editedTemplateDefinition": {
    "vpn-id": {
      "vipObjectType": "object",
      "vipType": "constant",
      "vipValue": 1
    },
    "name": {
      "vipObjectType": "object",
      "vipType": "constant",
      "vipValue": "ServiceVPN1",
      "vipVariableName": "vpn_name"
    },
    "ecmp-hash-key": {
      "layer4": {
        "vipObjectType": "object",
        "vipType": "ignore",
        "vipValue": "false",
        "vipVariableName": "vpn_layer4"
      }
    },
    "tcp-optimization": {
      "vipObjectType": "node-only",
      "vipType": "ignore",
      "vipValue": "false",
      "vipVariableName": "vpn_tcp_optimization"
    },
    "nat64-global": {
      "prefix": {
        "stateful": {}
      }
    },
    "nat64": {
      "v4": {
        "pool": {
          "vipType": "ignore",
          "vipValue": [],
          "vipObjectType": "tree",
          "vipPrimaryKey": [
            "name"
          ]
        }
      }
    },
    "route-import": {
      "vipType": "ignore",
      "vipValue": [],
      "vipObjectType": "tree",
      "vipPrimaryKey": [
        "protocol"
      ]
    },
    "route-export": {
      "vipType": "ignore",
      "vipValue": [],
      "vipObjectType": "tree",
      "vipPrimaryKey": [
        "protocol"
      ]
    },
    "host": {
      "vipType": "ignore",
      "vipValue": [],
      "vipObjectType": "tree",
      "vipPrimaryKey": [
        "hostname"
      ]
    },
    "service": {
      "vipType": "ignore",
      "vipValue": [],
      "vipObjectType": "tree",
      "vipPrimaryKey": [
        "svc-type"
      ]
    },
    "ip": {
      "route": {
        "vipType": "constant",
        "vipValue": [
          {
            "prefix": {
              "vipObjectType": "object",
              "vipType": "variableName",
              "vipValue": "",
              "vipVariableName": "vpn_ipv4_ip_prefix"
            },
            "vipOptional": true,
            "next-hop": {
              "vipType": "constant",
              "vipValue": [
                {
                  "address": {
                    "vipObjectType": "object",
                    "vipType": "variableName",
                    "vipValue": "",
                    "vipVariableName": "vpn_next_hop_ip_address_0"
                  },
                  "distance": {
                    "vipObjectType": "object",
                    "vipType": "notIgnore",
                    "vipValue": 1,
                    "vipVariableName": "vpn_next_hop_ip_distance_0"
                  },
                  "tracker": {
                    "vipObjectType": "object",
                    "vipType": "ignore",
                    "vipValue": "",
                    "vipVariableName": "vpn_next_hop_ip_tracker_0"
                  },
                  "priority-order": [
                    "address",
                    "distance",
                    "tracker"
                  ]
                }
              ],
              "vipObjectType": "tree",
              "vipPrimaryKey": [
                "address"
              ]
            },
            "priority-order": [
              "prefix",
              "next-hop"
            ]
          }
        ],
        "vipObjectType": "tree",
        "vipPrimaryKey": [
          "prefix"
        ]
      },
      "gre-route": {},
      "ipsec-route": {},
      "service-route": {}
    },
    "ipv6": {},
    "omp": {
      "advertise": {
        "vipType": "ignore",
        "vipValue": [],
        "vipObjectType": "tree",
        "vipPrimaryKey": [
          "protocol"
        ]
      },
      "ipv6-advertise": {
        "vipType": "ignore",
        "vipValue": [],
        "vipObjectType": "tree",
        "vipPrimaryKey": [
          "protocol"
        ]
      }
    }
  },
  "gTemplateClass": "cedge",
  "templateDefinition": {
    "vpn-id": {
      "vipObjectType": "object",
      "vipType": "constant",
      "vipValue": 1
    },
    "name": {
      "vipObjectType": "object",
      "vipType": "constant",
      "vipValue": "ServiceVPN1",
      "vipVariableName": "vpn_name"
    },
    "ecmp-hash-key": {
      "layer4": {
        "vipObjectType": "object",
        "vipType": "ignore",
        "vipValue": "false",
        "vipVariableName": "vpn_layer4"
      }
    },
    "tcp-optimization": {
      "vipObjectType": "node-only",
      "vipType": "ignore",
      "vipValue": "false",
      "vipVariableName": "vpn_tcp_optimization"
    },
    "nat64-global": {
      "prefix": {
        "stateful": {}
      }
    },
    "nat64": {
      "v4": {
        "pool": {
          "vipType": "ignore",
          "vipValue": [],
          "vipObjectType": "tree",
          "vipPrimaryKey": [
            "name"
          ]
        }
      }
    },
    "route-import": {
      "vipType": "ignore",
      "vipValue": [],
      "vipObjectType": "tree",
      "vipPrimaryKey": [
        "protocol"
      ]
    },
    "route-export": {
      "vipType": "ignore",
      "vipValue": [],
      "vipObjectType": "tree",
      "vipPrimaryKey": [
        "protocol"
      ]
    },
    "host": {
      "vipType": "ignore",
      "vipValue": [],
      "vipObjectType": "tree",
      "vipPrimaryKey": [
        "hostname"
      ]
    },
    "service": {
      "vipType": "ignore",
      "vipValue": [],
      "vipObjectType": "tree",
      "vipPrimaryKey": [
        "svc-type"
      ]
    },
    "ip": {
      "route": {
        "vipType": "constant",
        "vipValue": [
          {
            "prefix": {
              "vipObjectType": "object",
              "vipType": "variableName",
              "vipValue": "",
              "vipVariableName": "vpn_ipv4_ip_prefix"
            },
            "vipOptional": true,
            "next-hop": {
              "vipType": "constant",
              "vipValue": [
                {
                  "address": {
                    "vipObjectType": "object",
                    "vipType": "variableName",
                    "vipValue": "",
                    "vipVariableName": "vpn_next_hop_ip_address_0"
                  },
                  "distance": {
                    "vipObjectType": "object",
                    "vipType": "notIgnore",
                    "vipValue": 1,
                    "vipVariableName": "vpn_next_hop_ip_distance_0"
                  },
                  "tracker": {
                    "vipObjectType": "object",
                    "vipType": "ignore",
                    "vipValue": "",
                    "vipVariableName": "vpn_next_hop_ip_tracker_0"
                  },
                  "priority-order": [
                    "address",
                    "distance",
                    "tracker"
                  ]
                }
              ],
              "vipObjectType": "tree",
              "vipPrimaryKey": [
                "address"
              ]
            },
            "priority-order": [
              "prefix",
              "next-hop"
            ]
          }
        ],
        "vipObjectType": "tree",
        "vipPrimaryKey": [
          "prefix"
        ]
      },
      "gre-route": {},
      "ipsec-route": {},
      "service-route": {}
    },
    "ipv6": {},
    "omp": {
      "advertise": {
        "vipType": "ignore",
        "vipValue": [],
        "vipObjectType": "tree",
        "vipPrimaryKey": [
          "protocol"
        ]
      },
      "ipv6-advertise": {
        "vipType": "ignore",
        "vipValue": [],
        "vipObjectType": "tree",
        "vipPrimaryKey": [
          "protocol"
        ]
      }
    }
  },
  "attachedMastersCount": 1,
  "configType": "xml",
  "templateId": "82a51eb5-11b6-4528-aab7-ec18dc3ba1f5",
  "createdOn": 1631909904254,
  "@rid": 277,
  "feature": "vmanage-default",
  "factoryDefault": true,
  "createdBy": "system",
  "templateName": "Default_SDBranch_vEdge_Service_VPN1_V01",
  "devicesAttached": 0,
  "templateDescription": "VPN 1 Interface Template for Branch routers vEdge cloud",
  "lastUpdatedOn": 1631909904254
}