{
  "deviceType": [
    "vedge-C8000V",
    "vedge-ISRv"
  ],
  "templateType": "cisco_vpn",
  "templateMinVersion": "15.0.0",
  "lastUpdatedBy": "system",
  "editedTemplateDefinition": {
    "vpn-id": {
      "vipObjectType": "object",
      "vipType": "constant",
      "vipValue": 1
    },
    "name": {
      "vipObjectType": "object",
      "vipType": "constant",
      "vipValue": "Service VPN 1",
      "vipVariableName": "vpn_name"
    },
    "ecmp-hash-key": {
      "layer4": {
        "vipObjectType": "object",
        "vipType": "ignore",
        "vipValue": "false",
        "vipVariableName": "vpn_layer4"
      }
    },
    "nat64-global": {
      "prefix": {
        "stateful": {}
      }
    },
    "nat64": {
      "v4": {
        "pool": {
          "vipType": "ignore",
          "vipValue": [],
          "vipObjectType": "tree",
          "vipPrimaryKey": [
            "name"
          ]
        }
      }
    },
    "nat": {
      "natpool": {
        "vipType": "ignore",
        "vipValue": [],
        "vipObjectType": "tree",
        "vipPrimaryKey": [
          "name"
        ]
      },
      "port-forward": {
        "vipType": "ignore",
        "vipValue": [],
        "vipObjectType": "tree",
        "vipPrimaryKey": [
          "source-port",
          "translate-port"
        ]
      },
      "static": {
        "vipType": "ignore",
        "vipValue": [],
        "vipObjectType": "tree",
        "vipPrimaryKey": [
          "source-ip",
          "translate-ip"
        ]
      }
    },
    "route-import": {
      "vipType": "ignore",
      "vipValue": [],
      "vipObjectType": "tree",
      "vipPrimaryKey": [
        "protocol"
      ]
    },
    "route-export": {
      "vipType": "ignore",
      "vipValue": [],
      "vipObjectType": "tree",
      "vipPrimaryKey": [
        "protocol"
      ]
    },
    "host": {
      "vipType": "ignore",
      "vipValue": [],
      "vipObjectType": "tree",
      "vipPrimaryKey": [
        "hostname"
      ]
    },
    "service": {
      "vipType": "ignore",
      "vipValue": [],
      "vipObjectType": "tree",
      "vipPrimaryKey": [
        "svc-type"
      ]
    },
    "ip": {
      "route": {
        "vipType": "constant",
        "vipValue": [
          {
            "prefix": {
              "vipObjectType": "object",
              "vipType": "variableName",
              "vipValue": "",
              "vipVariableName": "vpn_ipv4_ip_prefix"
            },
            "vipOptional": true,
            "next-hop": {
              "vipType": "constant",
              "vipValue": [
                {
                  "address": {
                    "vipObjectType": "object",
                    "vipType": "variableName",
                    "vipValue": "",
                    "vipVariableName": "lan_next_hop_ipaddress"
                  },
                  "distance": {
                    "vipObjectType": "object",
                    "vipType": "ignore",
                    "vipValue": 1,
                    "vipVariableName": "vpn_next_hop_ip_distance_0"
                  },
                  "priority-order": [
                    "address",
                    "distance"
                  ]
                }
              ],
              "vipObjectType": "tree",
              "vipPrimaryKey": [
                "address"
              ]
            },
            "priority-order": [
              "prefix",
              "next-hop",
              "next-hop-with-track"
            ]
          }
        ],
        "vipObjectType": "tree",
        "vipPrimaryKey": [
          "prefix"
        ]
      },
      "gre-route": {},
      "ipsec-route": {},
      "service-route": {}
    },
    "ipv6": {},
    "omp": {
      "advertise": {
        "vipType": "ignore",
        "vipValue": [],
        "vipObjectType": "tree",
        "vipPrimaryKey": [
          "protocol"
        ]
      },
      "ipv6-advertise": {
        "vipType": "ignore",
        "vipValue": [],
        "vipObjectType": "tree",
        "vipPrimaryKey": [
          "protocol"
        ]
      }
    }
  },
  "gTemplateClass": "cedge",
  "templateDefinition": {
    "vpn-id": {
      "vipObjectType": "object",
      "vipType": "constant",
      "vipValue": 1
    },
    "name": {
      "vipObjectType": "object",
      "vipType": "constant",
      "vipValue": "Service VPN 1",
      "vipVariableName": "vpn_name"
    },
    "ecmp-hash-key": {
      "layer4": {
        "vipObjectType": "object",
        "vipType": "ignore",
        "vipValue": "false",
        "vipVariableName": "vpn_layer4"
      }
    },
    "nat64-global": {
      "prefix": {
        "stateful": {}
      }
    },
    "nat64": {
      "v4": {
        "pool": {
          "vipType": "ignore",
          "vipValue": [],
          "vipObjectType": "tree",
          "vipPrimaryKey": [
            "name"
          ]
        }
      }
    },
    "nat": {
      "natpool": {
        "vipType": "ignore",
        "vipValue": [],
        "vipObjectType": "tree",
        "vipPrimaryKey": [
          "name"
        ]
      },
      "port-forward": {
        "vipType": "ignore",
        "vipValue": [],
        "vipObjectType": "tree",
        "vipPrimaryKey": [
          "source-port",
          "translate-port"
        ]
      },
      "static": {
        "vipType": "ignore",
        "vipValue": [],
        "vipObjectType": "tree",
        "vipPrimaryKey": [
          "source-ip",
          "translate-ip"
        ]
      }
    },
    "route-import": {
      "vipType": "ignore",
      "vipValue": [],
      "vipObjectType": "tree",
      "vipPrimaryKey": [
        "protocol"
      ]
    },
    "route-export": {
      "vipType": "ignore",
      "vipValue": [],
      "vipObjectType": "tree",
      "vipPrimaryKey": [
        "protocol"
      ]
    },
    "host": {
      "vipType": "ignore",
      "vipValue": [],
      "vipObjectType": "tree",
      "vipPrimaryKey": [
        "hostname"
      ]
    },
    "service": {
      "vipType": "ignore",
      "vipValue": [],
      "vipObjectType": "tree",
      "vipPrimaryKey": [
        "svc-type"
      ]
    },
    "ip": {
      "route": {
        "vipType": "constant",
        "vipValue": [
          {
            "prefix": {
              "vipObjectType": "object",
              "vipType": "variableName",
              "vipValue": "",
              "vipVariableName": "vpn_ipv4_ip_prefix"
            },
            "vipOptional": true,
            "next-hop": {
              "vipType": "constant",
              "vipValue": [
                {
                  "address": {
                    "vipObjectType": "object",
                    "vipType": "variableName",
                    "vipValue": "",
                    "vipVariableName": "lan_next_hop_ipaddress"
                  },
                  "distance": {
                    "vipObjectType": "object",
                    "vipType": "ignore",
                    "vipValue": 1,
                    "vipVariableName": "vpn_next_hop_ip_distance_0"
                  },
                  "priority-order": [
                    "address",
                    "distance"
                  ]
                }
              ],
              "vipObjectType": "tree",
              "vipPrimaryKey": [
                "address"
              ]
            },
            "priority-order": [
              "prefix",
              "next-hop",
              "next-hop-with-track"
            ]
          }
        ],
        "vipObjectType": "tree",
        "vipPrimaryKey": [
          "prefix"
        ]
      },
      "gre-route": {},
      "ipsec-route": {},
      "service-route": {}
    },
    "ipv6": {},
    "omp": {
      "advertise": {
        "vipType": "ignore",
        "vipValue": [],
        "vipObjectType": "tree",
        "vipPrimaryKey": [
          "protocol"
        ]
      },
      "ipv6-advertise": {
        "vipType": "ignore",
        "vipValue": [],
        "vipObjectType": "tree",
        "vipPrimaryKey": [
          "protocol"
        ]
      }
    }
  },
  "configType": "xml",
  "attachedMastersCount": 2,
  "templateId": "a167c116-6936-40ab-bbc8-e6c51df06c59",
  "createdOn": 1631909901098,
  "@rid": 268,
  "feature": "vmanage-default",
  "factoryDefault": true,
  "createdBy": "system",
  "templateName": "Default_SDBranch_Service_VPN1_V01",
  "devicesAttached": 0,
  "templateDescription": "VPN 1 Interface Template for Branch routers C8000V and ISRv",
  "lastUpdatedOn": 1631909901098
}