{
  "deviceType": [
    "vedge-C1111-8PLTELA"
  ],
  "templateType": "vpn-interface-svi",
  "templateMinVersion": "15.0.0",
  "lastUpdatedBy": "system",
  "editedTemplateDefinition": {
    "if-name": {
      "vipObjectType": "object",
      "vipType": "constant",
      "vipValue": "Vlan10",
      "vipVariableName": "vpn_if_svi_if_name"
    },
    "description": {
      "vipObjectType": "object",
      "vipType": "ignore",
      "vipVariableName": "vpn_if_svi_description"
    },
    "ip": {
      "address": {
        "vipObjectType": "object",
        "vipType": "constant",
        "vipValue": "20.1.1.1/24",
        "vipVariableName": "vpn_if_svi_if_ipv4_prefix"
      },
      "secondary-address": {
        "vipType": "ignore",
        "vipValue": [],
        "vipObjectType": "tree",
        "vipPrimaryKey": [
          "address"
        ]
      }
    },
    "ipv6": {
      "address": {
        "vipObjectType": "object",
        "vipType": "ignore",
        "vipVariableName": "vpn_if_svi_ipv6_ipv6_address"
      },
      "secondary-address": {
        "vipType": "ignore",
        "vipValue": [],
        "vipObjectType": "tree",
        "vipPrimaryKey": [
          "address"
        ]
      },
      "access-list": {
        "vipType": "ignore",
        "vipValue": [],
        "vipObjectType": "tree",
        "vipPrimaryKey": [
          "direction"
        ]
      },
      "dhcp-helper-v6": {
        "vipType": "ignore",
        "vipValue": [],
        "vipObjectType": "tree",
        "vipPrimaryKey": [
          "address"
        ]
      }
    },
    "dhcp-helper": {
      "vipObjectType": "list",
      "vipType": "ignore",
      "vipVariableName": "vpn_if_svi_dhcp_helper"
    },
    "mtu": {
      "vipObjectType": "object",
      "vipType": "ignore",
      "vipValue": 1500,
      "vipVariableName": "vpn_if_svi_ip_mtu"
    },
    "tcp-mss-adjust": {
      "vipObjectType": "object",
      "vipType": "ignore",
      "vipVariableName": "vpn_if_svi_tcp_mss_adjust"
    },
    "shutdown": {
      "vipObjectType": "object",
      "vipType": "constant",
      "vipValue": "false",
      "vipVariableName": "vpn_if_svi_shutdown"
    },
    "arp-timeout": {
      "vipObjectType": "object",
      "vipType": "ignore",
      "vipValue": 1200,
      "vipVariableName": "vpn_if_svi_arp_timeout"
    },
    "access-list": {
      "vipType": "ignore",
      "vipValue": [],
      "vipObjectType": "tree",
      "vipPrimaryKey": [
        "direction"
      ]
    },
    "ip-directed-broadcast": {
      "vipObjectType": "object",
      "vipType": "ignore",
      "vipValue": "false",
      "vipVariableName": "vpn_if_ip-directed-broadcast"
    },
    "vrrp": {
      "vipType": "ignore",
      "vipValue": [],
      "vipObjectType": "tree",
      "vipPrimaryKey": [
        "grp-id"
      ]
    },
    "ipv6-vrrp": {
      "vipType": "ignore",
      "vipValue": [],
      "vipObjectType": "tree",
      "vipPrimaryKey": [
        "grp-id"
      ]
    }
  },
  "gTemplateClass": "cedge",
  "templateDefinition": {
    "if-name": {
      "vipObjectType": "object",
      "vipType": "constant",
      "vipValue": "Vlan10",
      "vipVariableName": "vpn_if_svi_if_name"
    },
    "description": {
      "vipObjectType": "object",
      "vipType": "ignore",
      "vipVariableName": "vpn_if_svi_description"
    },
    "ip": {
      "address": {
        "vipObjectType": "object",
        "vipType": "constant",
        "vipValue": "20.1.1.1/24",
        "vipVariableName": "vpn_if_svi_if_ipv4_prefix"
      },
      "secondary-address": {
        "vipType": "ignore",
        "vipValue": [],
        "vipObjectType": "tree",
        "vipPrimaryKey": [
          "address"
        ]
      }
    },
    "ipv6": {
      "address": {
        "vipObjectType": "object",
        "vipType": "ignore",
        "vipVariableName": "vpn_if_svi_ipv6_ipv6_address"
      },
      "secondary-address": {
        "vipType": "ignore",
        "vipValue": [],
        "vipObjectType": "tree",
        "vipPrimaryKey": [
          "address"
        ]
      },
      "access-list": {
        "vipType": "ignore",
        "vipValue": [],
        "vipObjectType": "tree",
        "vipPrimaryKey": [
          "direction"
        ]
      },
      "dhcp-helper-v6": {
        "vipType": "ignore",
        "vipValue": [],
        "vipObjectType": "tree",
        "vipPrimaryKey": [
          "address"
        ]
      }
    },
    "dhcp-helper": {
      "vipObjectType": "list",
      "vipType": "ignore",
      "vipVariableName": "vpn_if_svi_dhcp_helper"
    },
    "mtu": {
      "vipObjectType": "object",
      "vipType": "ignore",
      "vipValue": 1500,
      "vipVariableName": "vpn_if_svi_ip_mtu"
    },
    "tcp-mss-adjust": {
      "vipObjectType": "object",
      "vipType": "ignore",
      "vipVariableName": "vpn_if_svi_tcp_mss_adjust"
    },
    "shutdown": {
      "vipObjectType": "object",
      "vipType": "constant",
      "vipValue": "false",
      "vipVariableName": "vpn_if_svi_shutdown"
    },
    "arp-timeout": {
      "vipObjectType": "object",
      "vipType": "ignore",
      "vipValue": 1200,
      "vipVariableName": "vpn_if_svi_arp_timeout"
    },
    "access-list": {
      "vipType": "ignore",
      "vipValue": [],
      "vipObjectType": "tree",
      "vipPrimaryKey": [
        "direction"
      ]
    },
    "ip-directed-broadcast": {
      "vipObjectType": "object",
      "vipType": "ignore",
      "vipValue": "false",
      "vipVariableName": "vpn_if_ip-directed-broadcast"
    },
    "vrrp": {
      "vipType": "ignore",
      "vipValue": [],
      "vipObjectType": "tree",
      "vipPrimaryKey": [
        "grp-id"
      ]
    },
    "ipv6-vrrp": {
      "vipType": "ignore",
      "vipValue": [],
      "vipObjectType": "tree",
      "vipPrimaryKey": [
        "grp-id"
      ]
    }
  },
  "configType": "xml",
  "attachedMastersCount": 1,
  "templateId": "3fa203e3-16b8-4e1e-a938-6af551e10963",
  "createdOn": 1631909910775,
  "@rid": 297,
  "feature": "vmanage-default",
  "factoryDefault": true,
  "createdBy": "system",
  "templateName": "Default_C1111_SVI_V01",
  "devicesAttached": 0,
  "templateDescription": "Factory Default template for C1111_svi",
  "lastUpdatedOn": 1631909910775
}