{
  "deviceType": [
    "vsmart",
    "vmanage"
  ],
  "templateMinVersion": "15.0.0",
  "templateType": "security-vsmart",
  "lastUpdatedBy": "system",
  "editedTemplateDefinition": {
    "control": {
      "protocol": {
        "vipObjectType": "object",
        "vipType": "ignore",
        "vipValue": "dtls"
      }
    }
  },
  "gTemplateClass": "vedge",
  "templateDefinition": {
    "control": {
      "protocol": {
        "vipObjectType": "object",
        "vipType": "ignore",
        "vipValue": "dtls"
      }
    }
  },
  "configType": "xml",
  "attachedMastersCount": 1,
  "templateId": "ceb5ec29-b504-4398-b37c-583885f3a693",
  "createdOn": 1631909906567,
  "@rid": 284,
  "feature": "vmanage-default",
  "factoryDefault": true,
  "createdBy": "system",
  "templateName": "Factory_Default_vSmart_vManage_Security_Template",
  "devicesAttached": 1,
  "templateDescription": "Default Security template settings for vSmart and vManage",
  "lastUpdatedOn": 1631909906567
}