{
  "deviceType": [
    "vedge-C8000V"
  ],
  "templateMinVersion": "15.0.0",
  "templateType": "cisco_vpn",
  "lastUpdatedBy": "system",
  "editedTemplateDefinition": {
    "vpn-id": {
      "vipObjectType": "object",
      "vipType": "constant",
      "vipValue": 2
    },
    "name": {
      "vipObjectType": "object",
      "vipType": "constant",
      "vipValue": "Service_Side_NAT_2",
      "vipVariableName": "vpn_name"
    },
    "ecmp-hash-key": {
      "layer4": {
        "vipObjectType": "object",
        "vipType": "ignore",
        "vipValue": "false",
        "vipVariableName": "vpn_layer4"
      }
    },
    "nat64-global": {
      "prefix": {
        "stateful": {}
      }
    },
    "nat64": {
      "v4": {
        "pool": {
          "vipType": "ignore",
          "vipValue": [],
          "vipObjectType": "tree",
          "vipPrimaryKey": [
            "name"
          ]
        }
      }
    },
    "nat": {
      "natpool": {
        "vipType": "constant",
        "vipValue": [
          {
            "name": {
              "vipObjectType": "object",
              "vipType": "constant",
              "vipValue": 1,
              "vipVariableName": "vpn_nat_pool_name"
            },
            "prefix-length": {
              "vipObjectType": "object",
              "vipType": "variableName",
              "vipValue": "",
              "vipVariableName": "Nat_Pool_vpn_prefix_length"
            },
            "range-start": {
              "vipObjectType": "object",
              "vipType": "variableName",
              "vipValue": "",
              "vipVariableName": "Nat_Pool_Range_start_IP_Addresss"
            },
            "range-end": {
              "vipObjectType": "object",
              "vipType": "variableName",
              "vipValue": "",
              "vipVariableName": "Nat_Pool_Range_END_Address"
            },
            "overload": {
              "vipObjectType": "object",
              "vipType": "ignore",
              "vipValue": "true",
              "vipVariableName": "vpn_nat_pool_overload"
            },
            "direction": {
              "vipObjectType": "object",
              "vipType": "constant",
              "vipValue": "inside",
              "vipVariableName": "vpn_nat_direction"
            },
            "priority-order": [
              "name",
              "prefix-length",
              "range-start",
              "range-end",
              "overload",
              "direction"
            ]
          }
        ],
        "vipObjectType": "tree",
        "vipPrimaryKey": [
          "name"
        ]
      },
      "port-forward": {
        "vipType": "ignore",
        "vipValue": [],
        "vipObjectType": "tree",
        "vipPrimaryKey": [
          "source-port",
          "translate-port"
        ]
      },
      "static": {
        "vipType": "constant",
        "vipValue": [
          {
            "source-ip": {
              "vipObjectType": "object",
              "vipType": "variableName",
              "vipValue": "",
              "vipVariableName": "Web_server_static_Original_IP_80x"
            },
            "translate-ip": {
              "vipObjectType": "object",
              "vipType": "variableName",
              "vipValue": "",
              "vipVariableName": "Local_WebServer_static_translate_ip_30.X"
            },
            "static-nat-direction": {
              "vipObjectType": "object",
              "vipType": "constant",
              "vipValue": "outside",
              "vipVariableName": "vpn_nat_static_nat_direction"
            },
            "priority-order": [
              "source-ip",
              "translate-ip",
              "static-nat-direction"
            ]
          }
        ],
        "vipObjectType": "tree",
        "vipPrimaryKey": [
          "source-ip",
          "translate-ip"
        ]
      }
    },
    "route-import": {
      "vipType": "ignore",
      "vipValue": [],
      "vipObjectType": "tree",
      "vipPrimaryKey": [
        "protocol"
      ]
    },
    "route-export": {
      "vipType": "ignore",
      "vipValue": [],
      "vipObjectType": "tree",
      "vipPrimaryKey": [
        "protocol"
      ]
    },
    "host": {
      "vipType": "ignore",
      "vipValue": [],
      "vipObjectType": "tree",
      "vipPrimaryKey": [
        "hostname"
      ]
    },
    "service": {
      "vipType": "ignore",
      "vipValue": [],
      "vipObjectType": "tree",
      "vipPrimaryKey": [
        "svc-type"
      ]
    },
    "ip": {
      "gre-route": {},
      "ipsec-route": {},
      "service-route": {}
    },
    "ipv6": {},
    "omp": {
      "advertise": {
        "vipType": "constant",
        "vipValue": [
          {
            "priority-order": [
              "protocol"
            ],
            "protocol": {
              "vipType": "constant",
              "vipValue": "static",
              "vipObjectType": "object"
            }
          },
          {
            "priority-order": [
              "protocol"
            ],
            "protocol": {
              "vipType": "constant",
              "vipValue": "connected",
              "vipObjectType": "object"
            }
          }
        ],
        "vipObjectType": "tree",
        "vipPrimaryKey": [
          "protocol"
        ]
      },
      "ipv6-advertise": {
        "vipType": "ignore",
        "vipValue": [],
        "vipObjectType": "tree",
        "vipPrimaryKey": [
          "protocol"
        ]
      }
    }
  },
  "gTemplateClass": "cedge",
  "templateDefinition": {
    "vpn-id": {
      "vipObjectType": "object",
      "vipType": "constant",
      "vipValue": 2
    },
    "name": {
      "vipObjectType": "object",
      "vipType": "constant",
      "vipValue": "Service_Side_NAT_2",
      "vipVariableName": "vpn_name"
    },
    "ecmp-hash-key": {
      "layer4": {
        "vipObjectType": "object",
        "vipType": "ignore",
        "vipValue": "false",
        "vipVariableName": "vpn_layer4"
      }
    },
    "nat64-global": {
      "prefix": {
        "stateful": {}
      }
    },
    "nat64": {
      "v4": {
        "pool": {
          "vipType": "ignore",
          "vipValue": [],
          "vipObjectType": "tree",
          "vipPrimaryKey": [
            "name"
          ]
        }
      }
    },
    "nat": {
      "natpool": {
        "vipType": "constant",
        "vipValue": [
          {
            "name": {
              "vipObjectType": "object",
              "vipType": "constant",
              "vipValue": 1,
              "vipVariableName": "vpn_nat_pool_name"
            },
            "prefix-length": {
              "vipObjectType": "object",
              "vipType": "variableName",
              "vipValue": "",
              "vipVariableName": "Nat_Pool_vpn_prefix_length"
            },
            "range-start": {
              "vipObjectType": "object",
              "vipType": "variableName",
              "vipValue": "",
              "vipVariableName": "Nat_Pool_Range_start_IP_Addresss"
            },
            "range-end": {
              "vipObjectType": "object",
              "vipType": "variableName",
              "vipValue": "",
              "vipVariableName": "Nat_Pool_Range_END_Address"
            },
            "overload": {
              "vipObjectType": "object",
              "vipType": "ignore",
              "vipValue": "true",
              "vipVariableName": "vpn_nat_pool_overload"
            },
            "direction": {
              "vipObjectType": "object",
              "vipType": "constant",
              "vipValue": "inside",
              "vipVariableName": "vpn_nat_direction"
            },
            "priority-order": [
              "name",
              "prefix-length",
              "range-start",
              "range-end",
              "overload",
              "direction"
            ]
          }
        ],
        "vipObjectType": "tree",
        "vipPrimaryKey": [
          "name"
        ]
      },
      "port-forward": {
        "vipType": "ignore",
        "vipValue": [],
        "vipObjectType": "tree",
        "vipPrimaryKey": [
          "source-port",
          "translate-port"
        ]
      },
      "static": {
        "vipType": "constant",
        "vipValue": [
          {
            "source-ip": {
              "vipObjectType": "object",
              "vipType": "variableName",
              "vipValue": "",
              "vipVariableName": "Web_server_static_Original_IP_80x"
            },
            "translate-ip": {
              "vipObjectType": "object",
              "vipType": "variableName",
              "vipValue": "",
              "vipVariableName": "Local_WebServer_static_translate_ip_30.X"
            },
            "static-nat-direction": {
              "vipObjectType": "object",
              "vipType": "constant",
              "vipValue": "outside",
              "vipVariableName": "vpn_nat_static_nat_direction"
            },
            "priority-order": [
              "source-ip",
              "translate-ip",
              "static-nat-direction"
            ]
          }
        ],
        "vipObjectType": "tree",
        "vipPrimaryKey": [
          "source-ip",
          "translate-ip"
        ]
      }
    },
    "route-import": {
      "vipType": "ignore",
      "vipValue": [],
      "vipObjectType": "tree",
      "vipPrimaryKey": [
        "protocol"
      ]
    },
    "route-export": {
      "vipType": "ignore",
      "vipValue": [],
      "vipObjectType": "tree",
      "vipPrimaryKey": [
        "protocol"
      ]
    },
    "host": {
      "vipType": "ignore",
      "vipValue": [],
      "vipObjectType": "tree",
      "vipPrimaryKey": [
        "hostname"
      ]
    },
    "service": {
      "vipType": "ignore",
      "vipValue": [],
      "vipObjectType": "tree",
      "vipPrimaryKey": [
        "svc-type"
      ]
    },
    "ip": {
      "gre-route": {},
      "ipsec-route": {},
      "service-route": {}
    },
    "ipv6": {},
    "omp": {
      "advertise": {
        "vipType": "constant",
        "vipValue": [
          {
            "priority-order": [
              "protocol"
            ],
            "protocol": {
              "vipType": "constant",
              "vipValue": "static",
              "vipObjectType": "object"
            }
          },
          {
            "priority-order": [
              "protocol"
            ],
            "protocol": {
              "vipType": "constant",
              "vipValue": "connected",
              "vipObjectType": "object"
            }
          }
        ],
        "vipObjectType": "tree",
        "vipPrimaryKey": [
          "protocol"
        ]
      },
      "ipv6-advertise": {
        "vipType": "ignore",
        "vipValue": [],
        "vipObjectType": "tree",
        "vipPrimaryKey": [
          "protocol"
        ]
      }
    }
  },
  "configType": "xml",
  "attachedMastersCount": 2,
  "templateId": "b309ffce-1595-4816-8b7f-1585d60c6ac5",
  "createdOn": 1631909890202,
  "@rid": 236,
  "feature": "vmanage-default",
  "factoryDefault": true,
  "createdBy": "system",
  "templateName": "Factory_Default_Retail_AcquisitionServiceSideNAT_VPN",
  "devicesAttached": 0,
  "templateDescription": "Factory Default Retail AcquisitionServiceSideNAT VPN",
  "lastUpdatedOn": 1631909890202
}