{
  "deviceType": [
    "vedge-C8000V"
  ],
  "templateType": "cisco_banner",
  "templateMinVersion": "15.0.0",
  "lastUpdatedBy": "system",
  "editedTemplateDefinition": {
    "login": {
      "vipObjectType": "object",
      "vipType": "constant",
      "vipValue": "Un authorised Logins tracked",
      "vipVariableName": "banner_login"
    },
    "motd": {
      "vipObjectType": "object",
      "vipType": "constant",
      "vipValue": "Restricted Use",
      "vipVariableName": "banner_motd"
    }
  },
  "gTemplateClass": "cedge",
  "templateDefinition": {
    "login": {
      "vipObjectType": "object",
      "vipType": "constant",
      "vipValue": "Un authorised Logins tracked",
      "vipVariableName": "banner_login"
    },
    "motd": {
      "vipObjectType": "object",
      "vipType": "constant",
      "vipValue": "Restricted Use",
      "vipVariableName": "banner_motd"
    }
  },
  "configType": "xml",
  "attachedMastersCount": 5,
  "templateId": "530dc7cb-7ae0-42f8-9b9b-e622ca5a6850",
  "createdOn": 1631909904591,
  "@rid": 278,
  "feature": "vmanage-default",
  "factoryDefault": true,
  "createdBy": "system",
  "templateName": "Factory_Default_Retail_Banner",
  "devicesAttached": 0,
  "templateDescription": "Factory Default Retail Banner",
  "lastUpdatedOn": 1631909904591
}