{
  "deviceType": [
    "vsmart",
    "vmanage"
  ],
  "templateMinVersion": "15.0.0",
  "templateType": "vpn-vsmart",
  "lastUpdatedBy": "system",
  "editedTemplateDefinition": {
    "vpn-id": {
      "vipObjectType": "object",
      "vipType": "constant",
      "vipValue": "512"
    },
    "name": {
      "vipObjectType": "object",
      "vipType": "ignore"
    },
    "host": {
      "vipType": "ignore",
      "vipValue": [],
      "vipObjectType": "tree",
      "vipPrimaryKey": [
        "hostname"
      ]
    },
    "ip": {},
    "ipv6": {}
  },
  "gTemplateClass": "vedge",
  "templateDefinition": {
    "vpn-id": {
      "vipObjectType": "object",
      "vipType": "constant",
      "vipValue": "512"
    },
    "name": {
      "vipObjectType": "object",
      "vipType": "ignore"
    },
    "host": {
      "vipType": "ignore",
      "vipValue": [],
      "vipObjectType": "tree",
      "vipPrimaryKey": [
        "hostname"
      ]
    },
    "ip": {},
    "ipv6": {}
  },
  "attachedMastersCount": 0,
  "configType": "xml",
  "templateId": "08e891c0-8db1-409a-acf3-225def257d42",
  "createdOn": 1631909886673,
  "@rid": 226,
  "feature": "vmanage-default",
  "factoryDefault": true,
  "createdBy": "system",
  "templateName": "Factory_Default_vSmart_vManage_VPN_512_Template",
  "devicesAttached": 0,
  "templateDescription": "Default Management VPN template settings for vSmart and vManage",
  "lastUpdatedOn": 1631909886673
}