{
  "deviceType": [
    "vedge-C1111X-8P"
  ],
  "templateType": "cli-template",
  "templateMinVersion": "15.0.0",
  "lastUpdatedBy": "netadmin",
  "editedTemplateDefinition": {
    "config": {
      "vipObjectType": "object",
      "vipType": "constant",
      "vipValue": "ip access-list extended nat-dia-vpn-hop-access-list                                                                                                                                                                                       \n 10 deny   ip host 172.30.3.2 any                                                                                                                                                                                                           \n 20 deny   ip any host 172.30.3.2                                                                                                                                                                               \n 30 permit ip any any\n "
    }
  },
  "gTemplateClass": "cedge",
  "templateDefinition": {
    "config": {
      "vipObjectType": "object",
      "vipType": "constant",
      "vipValue": "ip access-list extended nat-dia-vpn-hop-access-list                                                                                                                                                                                       \n 10 deny   ip host 172.30.3.2 any                                                                                                                                                                                                           \n 20 deny   ip any host 172.30.3.2                                                                                                                                                                               \n 30 permit ip any any\n "
    }
  },
  "attachedMastersCount": 0,
  "configType": "xml",
  "templateId": "141db6a4-463c-4032-a27f-93a600348c88",
  "createdOn": 1666716810788,
  "@rid": 1631,
  "feature": "vmanage-default",
  "factoryDefault": false,
  "createdBy": "netadmin",
  "templateName": "Stage1_NONAT_ACL",
  "devicesAttached": 0,
  "templateDescription": "ACL to block NAT for neighbor router tunnels",
  "lastUpdatedOn": 1666716810788
}