{
  "deviceType": [
    "vedge-C1111X-8P"
  ],
  "templateType": "switchport",
  "templateMinVersion": "15.0.0",
  "lastUpdatedBy": "netadmin",
  "editedTemplateDefinition": {
    "slot": {
      "vipObjectType": "object",
      "vipType": "constant",
      "vipValue": 0
    },
    "module": {
      "vipObjectType": "object",
      "vipType": "constant",
      "vipValue": "8"
    },
    "age-time": {
      "vipObjectType": "object",
      "vipType": "ignore",
      "vipValue": 300,
      "vipVariableName": "switchport_age_time"
    },
    "subslot": {
      "vipObjectType": "object",
      "vipType": "constant",
      "vipValue": 1
    },
    "interface": {
      "vipType": "constant",
      "vipValue": [
        {
          "if-name": {
            "vipObjectType": "object",
            "vipType": "constant",
            "vipValue": "GigabitEthernet0/1/0",
            "vipVariableName": "g0_1_0"
          },
          "switchport": {
            "access": {
              "vlan": {
                "vlan": {
                  "vipObjectType": "object",
                  "vipType": "constant",
                  "vipValue": 100,
                  "vipVariableName": "switchport_if_access_vlan_vlan"
                }
              }
            },
            "mode": {
              "vipObjectType": "object",
              "vipType": "constant",
              "vipValue": "access"
            }
          },
          "shutdown": {
            "vipObjectType": "object",
            "vipType": "constant",
            "vipValue": "false",
            "vipVariableName": "switchport_if_shutdown"
          },
          "speed": {
            "vipObjectType": "object",
            "vipType": "ignore",
            "vipValue": "_empty",
            "vipVariableName": "switchport_if_speed"
          },
          "duplex": {
            "vipObjectType": "object",
            "vipType": "ignore",
            "vipValue": "_empty",
            "vipVariableName": "switchport_if_duplex"
          },
          "dot1x": {
            "vipType": "ignore",
            "vipObjectType": "node-only"
          },
          "priority-order": [
            "if-name",
            "shutdown",
            "switchport",
            "speed",
            "duplex",
            "dot1x"
          ],
          "vipOptional": false
        },
        {
          "if-name": {
            "vipObjectType": "object",
            "vipType": "constant",
            "vipValue": "GigabitEthernet0/1/1",
            "vipVariableName": "g0_1_1"
          },
          "switchport": {
            "access": {
              "vlan": {
                "vlan": {
                  "vipObjectType": "object",
                  "vipType": "constant",
                  "vipValue": 100,
                  "vipVariableName": "switchport_if_access_vlan_vlan"
                }
              }
            },
            "mode": {
              "vipObjectType": "object",
              "vipType": "constant",
              "vipValue": "access"
            }
          },
          "shutdown": {
            "vipObjectType": "object",
            "vipType": "constant",
            "vipValue": "true",
            "vipVariableName": "switchport_if_shutdown"
          },
          "speed": {
            "vipObjectType": "object",
            "vipType": "ignore",
            "vipValue": "_empty",
            "vipVariableName": "switchport_if_speed"
          },
          "duplex": {
            "vipObjectType": "object",
            "vipType": "ignore",
            "vipValue": "_empty",
            "vipVariableName": "switchport_if_duplex"
          },
          "dot1x": {
            "vipType": "ignore",
            "vipObjectType": "node-only"
          },
          "vipOptional": false,
          "priority-order": [
            "if-name",
            "shutdown",
            "switchport",
            "speed",
            "duplex",
            "dot1x"
          ]
        },
        {
          "if-name": {
            "vipObjectType": "object",
            "vipType": "constant",
            "vipValue": "GigabitEthernet0/1/3",
            "vipVariableName": "switchport_if_if_name"
          },
          "switchport": {
            "access": {
              "vlan": {
                "vlan": {
                  "vipObjectType": "object",
                  "vipType": "ignore",
                  "vipValue": "",
                  "vipVariableName": "switchport_if_access_vlan_vlan"
                }
              }
            },
            "mode": {
              "vipObjectType": "object",
              "vipType": "constant",
              "vipValue": "access"
            }
          },
          "shutdown": {
            "vipObjectType": "object",
            "vipType": "ignore",
            "vipValue": "true",
            "vipVariableName": "switchport_if_shutdown"
          },
          "speed": {
            "vipObjectType": "object",
            "vipType": "ignore",
            "vipValue": "_empty",
            "vipVariableName": "switchport_if_speed"
          },
          "duplex": {
            "vipObjectType": "object",
            "vipType": "ignore",
            "vipValue": "_empty",
            "vipVariableName": "switchport_if_duplex"
          },
          "dot1x": {
            "vipType": "ignore",
            "vipObjectType": "node-only"
          },
          "priority-order": [
            "if-name",
            "shutdown",
            "switchport",
            "speed",
            "duplex",
            "dot1x"
          ]
        }
      ],
      "vipObjectType": "tree",
      "vipPrimaryKey": [
        "if-name"
      ]
    }
  },
  "gTemplateClass": "cedge",
  "templateDefinition": {
    "slot": {
      "vipObjectType": "object",
      "vipType": "constant",
      "vipValue": 0
    },
    "module": {
      "vipObjectType": "object",
      "vipType": "constant",
      "vipValue": "8"
    },
    "age-time": {
      "vipObjectType": "object",
      "vipType": "ignore",
      "vipValue": 300,
      "vipVariableName": "switchport_age_time"
    },
    "subslot": {
      "vipObjectType": "object",
      "vipType": "constant",
      "vipValue": 1
    },
    "interface": {
      "vipType": "constant",
      "vipValue": [
        {
          "if-name": {
            "vipObjectType": "object",
            "vipType": "constant",
            "vipValue": "GigabitEthernet0/1/0",
            "vipVariableName": "g0_1_0"
          },
          "switchport": {
            "access": {
              "vlan": {
                "vlan": {
                  "vipObjectType": "object",
                  "vipType": "constant",
                  "vipValue": 100,
                  "vipVariableName": "switchport_if_access_vlan_vlan"
                }
              }
            },
            "mode": {
              "vipObjectType": "object",
              "vipType": "constant",
              "vipValue": "access"
            }
          },
          "shutdown": {
            "vipObjectType": "object",
            "vipType": "constant",
            "vipValue": "false",
            "vipVariableName": "switchport_if_shutdown"
          },
          "speed": {
            "vipObjectType": "object",
            "vipType": "ignore",
            "vipValue": "_empty",
            "vipVariableName": "switchport_if_speed"
          },
          "duplex": {
            "vipObjectType": "object",
            "vipType": "ignore",
            "vipValue": "_empty",
            "vipVariableName": "switchport_if_duplex"
          },
          "dot1x": {
            "vipType": "ignore",
            "vipObjectType": "node-only"
          },
          "priority-order": [
            "if-name",
            "shutdown",
            "switchport",
            "speed",
            "duplex",
            "dot1x"
          ],
          "vipOptional": false
        },
        {
          "if-name": {
            "vipObjectType": "object",
            "vipType": "constant",
            "vipValue": "GigabitEthernet0/1/1",
            "vipVariableName": "g0_1_1"
          },
          "switchport": {
            "access": {
              "vlan": {
                "vlan": {
                  "vipObjectType": "object",
                  "vipType": "constant",
                  "vipValue": 100,
                  "vipVariableName": "switchport_if_access_vlan_vlan"
                }
              }
            },
            "mode": {
              "vipObjectType": "object",
              "vipType": "constant",
              "vipValue": "access"
            }
          },
          "shutdown": {
            "vipObjectType": "object",
            "vipType": "constant",
            "vipValue": "true",
            "vipVariableName": "switchport_if_shutdown"
          },
          "speed": {
            "vipObjectType": "object",
            "vipType": "ignore",
            "vipValue": "_empty",
            "vipVariableName": "switchport_if_speed"
          },
          "duplex": {
            "vipObjectType": "object",
            "vipType": "ignore",
            "vipValue": "_empty",
            "vipVariableName": "switchport_if_duplex"
          },
          "dot1x": {
            "vipType": "ignore",
            "vipObjectType": "node-only"
          },
          "vipOptional": false,
          "priority-order": [
            "if-name",
            "shutdown",
            "switchport",
            "speed",
            "duplex",
            "dot1x"
          ]
        },
        {
          "if-name": {
            "vipObjectType": "object",
            "vipType": "constant",
            "vipValue": "GigabitEthernet0/1/3",
            "vipVariableName": "switchport_if_if_name"
          },
          "switchport": {
            "access": {
              "vlan": {
                "vlan": {
                  "vipObjectType": "object",
                  "vipType": "ignore",
                  "vipValue": "",
                  "vipVariableName": "switchport_if_access_vlan_vlan"
                }
              }
            },
            "mode": {
              "vipObjectType": "object",
              "vipType": "constant",
              "vipValue": "access"
            }
          },
          "shutdown": {
            "vipObjectType": "object",
            "vipType": "ignore",
            "vipValue": "true",
            "vipVariableName": "switchport_if_shutdown"
          },
          "speed": {
            "vipObjectType": "object",
            "vipType": "ignore",
            "vipValue": "_empty",
            "vipVariableName": "switchport_if_speed"
          },
          "duplex": {
            "vipObjectType": "object",
            "vipType": "ignore",
            "vipValue": "_empty",
            "vipVariableName": "switchport_if_duplex"
          },
          "dot1x": {
            "vipType": "ignore",
            "vipObjectType": "node-only"
          },
          "priority-order": [
            "if-name",
            "shutdown",
            "switchport",
            "speed",
            "duplex",
            "dot1x"
          ]
        }
      ],
      "vipObjectType": "tree",
      "vipPrimaryKey": [
        "if-name"
      ]
    }
  },
  "configType": "xml",
  "attachedMastersCount": 3,
  "templateId": "44308d0d-e776-472f-bf5b-435296395014",
  "createdOn": 1666716806784,
  "@rid": 1621,
  "feature": "vmanage-default",
  "factoryDefault": false,
  "createdBy": "netadmin",
  "templateName": "Stage1_1k_Switchports_v2",
  "devicesAttached": 0,
  "templateDescription": "Switchport Configuration Template for ISR 1k Built-in Switch g0/1/0 vlan 50 - g0/1/1 vlan 100",
  "lastUpdatedOn": 1666716806784
}