{
  "deviceType": [
    "vedge-C1111X-8P"
  ],
  "templateType": "vpn-interface-svi",
  "templateMinVersion": "15.0.0",
  "lastUpdatedBy": "netadmin",
  "editedTemplateDefinition": {
    "if-name": {
      "vipObjectType": "object",
      "vipType": "constant",
      "vipValue": "Vlan100",
      "vipVariableName": "vpn_if_svi_if_name"
    },
    "description": {
      "vipObjectType": "object",
      "vipType": "ignore",
      "vipVariableName": "vpn_if_svi_description"
    },
    "ip": {
      "address": {
        "vipObjectType": "object",
        "vipType": "variableName",
        "vipValue": "",
        "vipVariableName": "VLAN100_SVI_IP_Address_slash_Mask"
      },
      "secondary-address": {
        "vipType": "ignore",
        "vipValue": [],
        "vipObjectType": "tree",
        "vipPrimaryKey": [
          "address"
        ]
      }
    },
    "ipv6": {
      "address": {
        "vipObjectType": "object",
        "vipType": "ignore",
        "vipVariableName": "vpn_if_svi_ipv6_ipv6_address"
      },
      "secondary-address": {
        "vipType": "ignore",
        "vipValue": [],
        "vipObjectType": "tree",
        "vipPrimaryKey": [
          "address"
        ]
      },
      "access-list": {
        "vipType": "ignore",
        "vipValue": [],
        "vipObjectType": "tree",
        "vipPrimaryKey": [
          "direction"
        ]
      },
      "dhcp-helper-v6": {
        "vipType": "ignore",
        "vipValue": [],
        "vipObjectType": "tree",
        "vipPrimaryKey": [
          "address"
        ]
      }
    },
    "dhcp-helper": {
      "vipObjectType": "list",
      "vipType": "ignore",
      "vipVariableName": "vpn_if_svi_dhcp_helper"
    },
    "mtu": {
      "vipObjectType": "object",
      "vipType": "ignore",
      "vipValue": 1500,
      "vipVariableName": "vpn_if_svi_ip_mtu"
    },
    "tcp-mss-adjust": {
      "vipObjectType": "object",
      "vipType": "ignore",
      "vipVariableName": "vpn_if_svi_tcp_mss_adjust"
    },
    "shutdown": {
      "vipObjectType": "object",
      "vipType": "constant",
      "vipValue": "false",
      "vipVariableName": "vpn_if_svi_shutdown"
    },
    "arp-timeout": {
      "vipObjectType": "object",
      "vipType": "ignore",
      "vipValue": 1200,
      "vipVariableName": "vpn_if_svi_arp_timeout"
    },
    "access-list": {
      "vipType": "ignore",
      "vipValue": [],
      "vipObjectType": "tree",
      "vipPrimaryKey": [
        "direction"
      ]
    },
    "ip-directed-broadcast": {
      "vipObjectType": "object",
      "vipType": "ignore",
      "vipValue": "false",
      "vipVariableName": "vpn_if_ip-directed-broadcast"
    },
    "intrf-mtu": {
      "vipObjectType": "object",
      "vipType": "ignore",
      "vipValue": 1500,
      "vipVariableName": "vpn_if_svi_if_mtu"
    },
    "vrrp": {
      "vipType": "constant",
      "vipValue": [
        {
          "grp-id": {
            "vipObjectType": "object",
            "vipType": "variableName",
            "vipValue": "",
            "vipVariableName": "VLAN100_VRRP_Group_ID"
          },
          "priority": {
            "vipObjectType": "object",
            "vipType": "variableName",
            "vipValue": "",
            "vipVariableName": "VLAN100_VRRP_Priority"
          },
          "timer": {
            "vipObjectType": "object",
            "vipType": "ignore",
            "vipValue": 1,
            "vipVariableName": "vpn_if_vrrp_timer"
          },
          "track-omp": {
            "vipObjectType": "node-only",
            "vipType": "ignore",
            "vipValue": "false",
            "vipVariableName": "vpn_if_vrrp_track_omp"
          },
          "track-prefix-list": {
            "vipObjectType": "object",
            "vipType": "ignore",
            "vipVariableName": "vpn_if_vrrp_track_prefix_list"
          },
          "ipv4": {
            "address": {
              "vipObjectType": "object",
              "vipType": "variableName",
              "vipValue": "",
              "vipVariableName": "VLAN100_VRRP_Shared_Virtual_IP_Address"
            }
          },
          "ipv4-secondary": {
            "vipObjectType": "tree",
            "vipType": "ignore",
            "vipValue": [],
            "vipPrimaryKey": [
              "address"
            ]
          },
          "vipOptional": true,
          "priority-order": [
            "grp-id",
            "priority",
            "timer",
            "track-omp",
            "track-prefix-list",
            "ipv4",
            "ipv4-secondary"
          ]
        }
      ],
      "vipObjectType": "tree",
      "vipPrimaryKey": [
        "grp-id"
      ]
    },
    "ipv6-vrrp": {
      "vipType": "ignore",
      "vipValue": [],
      "vipObjectType": "tree",
      "vipPrimaryKey": [
        "grp-id"
      ]
    }
  },
  "gTemplateClass": "cedge",
  "templateDefinition": {
    "if-name": {
      "vipObjectType": "object",
      "vipType": "constant",
      "vipValue": "Vlan100",
      "vipVariableName": "vpn_if_svi_if_name"
    },
    "description": {
      "vipObjectType": "object",
      "vipType": "ignore",
      "vipVariableName": "vpn_if_svi_description"
    },
    "ip": {
      "address": {
        "vipObjectType": "object",
        "vipType": "variableName",
        "vipValue": "",
        "vipVariableName": "VLAN100_SVI_IP_Address_slash_Mask"
      },
      "secondary-address": {
        "vipType": "ignore",
        "vipValue": [],
        "vipObjectType": "tree",
        "vipPrimaryKey": [
          "address"
        ]
      }
    },
    "ipv6": {
      "address": {
        "vipObjectType": "object",
        "vipType": "ignore",
        "vipVariableName": "vpn_if_svi_ipv6_ipv6_address"
      },
      "secondary-address": {
        "vipType": "ignore",
        "vipValue": [],
        "vipObjectType": "tree",
        "vipPrimaryKey": [
          "address"
        ]
      },
      "access-list": {
        "vipType": "ignore",
        "vipValue": [],
        "vipObjectType": "tree",
        "vipPrimaryKey": [
          "direction"
        ]
      },
      "dhcp-helper-v6": {
        "vipType": "ignore",
        "vipValue": [],
        "vipObjectType": "tree",
        "vipPrimaryKey": [
          "address"
        ]
      }
    },
    "dhcp-helper": {
      "vipObjectType": "list",
      "vipType": "ignore",
      "vipVariableName": "vpn_if_svi_dhcp_helper"
    },
    "mtu": {
      "vipObjectType": "object",
      "vipType": "ignore",
      "vipValue": 1500,
      "vipVariableName": "vpn_if_svi_ip_mtu"
    },
    "tcp-mss-adjust": {
      "vipObjectType": "object",
      "vipType": "ignore",
      "vipVariableName": "vpn_if_svi_tcp_mss_adjust"
    },
    "shutdown": {
      "vipObjectType": "object",
      "vipType": "constant",
      "vipValue": "false",
      "vipVariableName": "vpn_if_svi_shutdown"
    },
    "arp-timeout": {
      "vipObjectType": "object",
      "vipType": "ignore",
      "vipValue": 1200,
      "vipVariableName": "vpn_if_svi_arp_timeout"
    },
    "access-list": {
      "vipType": "ignore",
      "vipValue": [],
      "vipObjectType": "tree",
      "vipPrimaryKey": [
        "direction"
      ]
    },
    "ip-directed-broadcast": {
      "vipObjectType": "object",
      "vipType": "ignore",
      "vipValue": "false",
      "vipVariableName": "vpn_if_ip-directed-broadcast"
    },
    "intrf-mtu": {
      "vipObjectType": "object",
      "vipType": "ignore",
      "vipValue": 1500,
      "vipVariableName": "vpn_if_svi_if_mtu"
    },
    "vrrp": {
      "vipType": "constant",
      "vipValue": [
        {
          "grp-id": {
            "vipObjectType": "object",
            "vipType": "variableName",
            "vipValue": "",
            "vipVariableName": "VLAN100_VRRP_Group_ID"
          },
          "priority": {
            "vipObjectType": "object",
            "vipType": "variableName",
            "vipValue": "",
            "vipVariableName": "VLAN100_VRRP_Priority"
          },
          "timer": {
            "vipObjectType": "object",
            "vipType": "ignore",
            "vipValue": 1,
            "vipVariableName": "vpn_if_vrrp_timer"
          },
          "track-omp": {
            "vipObjectType": "node-only",
            "vipType": "ignore",
            "vipValue": "false",
            "vipVariableName": "vpn_if_vrrp_track_omp"
          },
          "track-prefix-list": {
            "vipObjectType": "object",
            "vipType": "ignore",
            "vipVariableName": "vpn_if_vrrp_track_prefix_list"
          },
          "ipv4": {
            "address": {
              "vipObjectType": "object",
              "vipType": "variableName",
              "vipValue": "",
              "vipVariableName": "VLAN100_VRRP_Shared_Virtual_IP_Address"
            }
          },
          "ipv4-secondary": {
            "vipObjectType": "tree",
            "vipType": "ignore",
            "vipValue": [],
            "vipPrimaryKey": [
              "address"
            ]
          },
          "vipOptional": true,
          "priority-order": [
            "grp-id",
            "priority",
            "timer",
            "track-omp",
            "track-prefix-list",
            "ipv4",
            "ipv4-secondary"
          ]
        }
      ],
      "vipObjectType": "tree",
      "vipPrimaryKey": [
        "grp-id"
      ]
    },
    "ipv6-vrrp": {
      "vipType": "ignore",
      "vipValue": [],
      "vipObjectType": "tree",
      "vipPrimaryKey": [
        "grp-id"
      ]
    }
  },
  "configType": "xml",
  "attachedMastersCount": 7,
  "templateId": "3e123950-1cdd-4db8-b554-2cd597c78d9f",
  "createdOn": 1666716795654,
  "@rid": 1593,
  "feature": "vmanage-default",
  "factoryDefault": false,
  "createdBy": "netadmin",
  "templateName": "Stage1_1k_VLAN100_SVI",
  "devicesAttached": 0,
  "templateDescription": "VLAN 100 SVI Configuration Template",
  "lastUpdatedOn": 1666716795654
}