{
  "deviceType": [
    "vedge-cloud"
  ],
  "templateMinVersion": "15.0.0",
  "templateType": "ntp",
  "lastUpdatedBy": "netadmin",
  "editedTemplateDefinition": {
    "keys": {
      "trusted": {
        "vipObjectType": "list",
        "vipType": "ignore",
        "vipVariableName": "trusted_key"
      }
    },
    "server": {
      "vipType": "constant",
      "vipValue": [
        {
          "name": {
            "vipObjectType": "object",
            "vipType": "variableName",
            "vipValue": "",
            "vipVariableName": "ntp_server_host"
          },
          "key": {
            "vipObjectType": "object",
            "vipType": "ignore",
            "vipVariableName": "ntp_server_server_auth_key"
          },
          "vpn": {
            "vipObjectType": "object",
            "vipType": "ignore",
            "vipValue": 0,
            "vipVariableName": "ntp_server_vpn"
          },
          "version": {
            "vipObjectType": "object",
            "vipType": "ignore",
            "vipValue": 4,
            "vipVariableName": "ntp_server_version"
          },
          "source-interface": {
            "vipObjectType": "object",
            "vipType": "ignore",
            "vipVariableName": "ntp_server_source_interface"
          },
          "prefer": {
            "vipObjectType": "object",
            "vipType": "constant",
            "vipValue": "true",
            "vipVariableName": "ntp_server_prefer"
          },
          "vipOptional": false,
          "priority-order": [
            "name",
            "key",
            "vpn",
            "version",
            "source-interface",
            "prefer"
          ]
        }
      ],
      "vipObjectType": "tree",
      "vipPrimaryKey": [
        "name"
      ]
    }
  },
  "gTemplateClass": "vedge",
  "templateDefinition": {
    "keys": {
      "trusted": {
        "vipObjectType": "list",
        "vipType": "ignore",
        "vipVariableName": "trusted_key"
      }
    },
    "server": {
      "vipType": "constant",
      "vipValue": [
        {
          "name": {
            "vipObjectType": "object",
            "vipType": "variableName",
            "vipValue": "",
            "vipVariableName": "ntp_server_host"
          },
          "key": {
            "vipObjectType": "object",
            "vipType": "ignore",
            "vipVariableName": "ntp_server_server_auth_key"
          },
          "vpn": {
            "vipObjectType": "object",
            "vipType": "ignore",
            "vipValue": 0,
            "vipVariableName": "ntp_server_vpn"
          },
          "version": {
            "vipObjectType": "object",
            "vipType": "ignore",
            "vipValue": 4,
            "vipVariableName": "ntp_server_version"
          },
          "source-interface": {
            "vipObjectType": "object",
            "vipType": "ignore",
            "vipVariableName": "ntp_server_source_interface"
          },
          "prefer": {
            "vipObjectType": "object",
            "vipType": "constant",
            "vipValue": "true",
            "vipVariableName": "ntp_server_prefer"
          },
          "vipOptional": false,
          "priority-order": [
            "name",
            "key",
            "vpn",
            "version",
            "source-interface",
            "prefer"
          ]
        }
      ],
      "vipObjectType": "tree",
      "vipPrimaryKey": [
        "name"
      ]
    }
  },
  "configType": "xml",
  "attachedMastersCount": 1,
  "templateId": "4471ac8b-4e69-4588-8136-6599480cd87a",
  "createdOn": 1631911070577,
  "@rid": 442,
  "feature": "vmanage-default",
  "factoryDefault": false,
  "createdBy": "netadmin",
  "templateName": "vbond-ntp",
  "devicesAttached": 1,
  "templateDescription": "vbond-ntp",
  "lastUpdatedOn": 1631911070577
}