{
  "deviceType": [
    "vsmart"
  ],
  "templateType": "vpn-vsmart",
  "templateMinVersion": "15.0.0",
  "lastUpdatedBy": "netadmin",
  "editedTemplateDefinition": {
    "vpn-id": {
      "vipObjectType": "object",
      "vipType": "constant",
      "vipValue": "512"
    },
    "name": {
      "vipObjectType": "object",
      "vipType": "ignore",
      "vipVariableName": "vpn_name"
    },
    "host": {
      "vipType": "ignore",
      "vipValue": [],
      "vipObjectType": "tree",
      "vipPrimaryKey": [
        "hostname"
      ]
    },
    "ip": {},
    "ipv6": {
      "ipv6": {}
    }
  },
  "gTemplateClass": "vedge",
  "templateDefinition": {
    "vpn-id": {
      "vipObjectType": "object",
      "vipType": "constant",
      "vipValue": "512"
    },
    "name": {
      "vipObjectType": "object",
      "vipType": "ignore",
      "vipVariableName": "vpn_name"
    },
    "host": {
      "vipType": "ignore",
      "vipValue": [],
      "vipObjectType": "tree",
      "vipPrimaryKey": [
        "hostname"
      ]
    },
    "ip": {},
    "ipv6": {
      "ipv6": {}
    }
  },
  "configType": "xml",
  "attachedMastersCount": 1,
  "templateId": "3d182500-7e4c-4a8b-90b3-55e42ed5ea83",
  "createdOn": 1631911071608,
  "@rid": 445,
  "feature": "vmanage-default",
  "factoryDefault": false,
  "createdBy": "netadmin",
  "templateName": "vsmart-vpn512",
  "devicesAttached": 1,
  "templateDescription": "vsmart-vpn512",
  "lastUpdatedOn": 1631911071608
}