{
  "templateName": "Default_AWS_TGW_C8000V_Template_V01",
  "templateDescription": "Default device template for AWS TGW C8000V",
  "deviceType": "vedge-C8000V",
  "configType": "template",
  "factoryDefault": true,
  "policyId": "",
  "featureTemplateUidRange": [],
  "connectionPreference": true,
  "connectionPreferenceRequired": true,
  "generalTemplates": [
    {
      "templateId": "f8eb4f46-5a0f-4fe5-9eb5-af1241595b0a",
      "templateType": "cedge_aaa"
    },
    {
      "templateId": "7f166a3f-e011-4031-bbc4-afaf0e101d0d",
      "templateType": "cisco_bfd"
    },
    {
      "templateId": "8ffba928-bedd-405d-8867-f7e906d19a39",
      "templateType": "cisco_omp"
    },
    {
      "templateId": "5c270815-bc17-4afe-b177-39e24fb3f3ef",
      "templateType": "cisco_security"
    },
    {
      "templateId": "f9618504-af93-4abb-b443-79ed305c32f1",
      "templateType": "cisco_system",
      "subTemplates": [
        {
          "templateId": "0057a1be-5c67-4ea2-b833-4b9d4069272e",
          "templateType": "cisco_logging"
        }
      ]
    },
    {
      "templateId": "dcd6b227-31c9-49e2-b381-42661778a251",
      "templateType": "cisco_vpn",
      "subTemplates": [
        {
          "templateId": "d46bfd60-1267-42c5-bff4-8ec0283a5df5",
          "templateType": "cisco_vpn_interface"
        }
      ]
    },
    {
      "templateId": "1e268c6a-f6a6-4af9-8d78-b30d4a221729",
      "templateType": "cisco_vpn",
      "subTemplates": [
        {
          "templateId": "958b94c6-8705-44b1-b3c6-eb476b56e136",
          "templateType": "cisco_vpn_interface"
        }
      ]
    },
    {
      "templateId": "e8329e8a-89d9-4662-a501-2cadc65df981",
      "templateType": "cedge_global"
    }
  ],
  "templateClass": "cedge",
  "templateId": "feb7efcb-792c-4530-a0db-5000cab31154",
  "deviceRole": "sdwan-edge"
}