{
  "templateName": "Factory_Default_1_TLOC_Branch_Template",
  "templateDescription": "Factory Default 1 TLOC Branch Template for CSR C8000V",
  "deviceType": "vedge-C8000V",
  "configType": "template",
  "factoryDefault": true,
  "policyId": "",
  "featureTemplateUidRange": [],
  "connectionPreferenceRequired": true,
  "connectionPreference": true,
  "generalTemplates": [
    {
      "templateId": "f8eb4f46-5a0f-4fe5-9eb5-af1241595b0a",
      "templateType": "cedge_aaa"
    },
    {
      "templateId": "ed9d89e0-8f38-4a95-ba7d-b81ec55cf67f",
      "templateType": "cisco_bfd"
    },
    {
      "templateId": "3165b792-7664-4fd0-a0cd-be6d6a0ccbca",
      "templateType": "cisco_omp"
    },
    {
      "templateId": "5c270815-bc17-4afe-b177-39e24fb3f3ef",
      "templateType": "cisco_security"
    },
    {
      "templateId": "6865276f-c5a7-4c1d-8ce4-ca99c50717c2",
      "templateType": "cisco_system",
      "subTemplates": [
        {
          "templateId": "0057a1be-5c67-4ea2-b833-4b9d4069272e",
          "templateType": "cisco_logging"
        }
      ]
    },
    {
      "templateId": "408e15f3-f91b-4cd2-8a48-b0a689d3d835",
      "templateType": "cisco_vpn",
      "subTemplates": [
        {
          "templateId": "72172a34-effa-4b75-a053-146343f18735",
          "templateType": "cisco_vpn_interface"
        },
        {
          "templateId": "8f771635-622a-4f8b-aa9f-a552bcfb79d4",
          "templateType": "cisco_vpn_interface"
        }
      ]
    },
    {
      "templateId": "1e268c6a-f6a6-4af9-8d78-b30d4a221729",
      "templateType": "cisco_vpn"
    },
    {
      "templateId": "98d38224-2a0f-4fc8-a037-10849fa77a9d",
      "templateType": "cisco_vpn",
      "subTemplates": [
        {
          "templateId": "57df2aa4-174a-46b9-95ff-7dfbd6c9dd15",
          "templateType": "cisco_vpn_interface"
        }
      ]
    },
    {
      "templateId": "b6166287-e927-4666-9f11-ad6ab8532936",
      "templateType": "cisco_vpn",
      "subTemplates": [
        {
          "templateId": "4e56bc09-b74a-4d94-a125-ef1db8537925",
          "templateType": "cisco_vpn_interface"
        }
      ]
    },
    {
      "templateId": "b21ad24e-e28c-4cf5-875d-8b7ad3b8437d",
      "templateType": "cisco_vpn",
      "subTemplates": [
        {
          "templateId": "8e4ad093-b0ae-482d-b8c5-fd6e70bfc79c",
          "templateType": "cisco_vpn_interface"
        }
      ]
    },
    {
      "templateId": "e8329e8a-89d9-4662-a501-2cadc65df981",
      "templateType": "cedge_global"
    }
  ],
  "templateClass": "cedge",
  "deviceRole": "sdwan-edge",
  "templateId": "6e613e24-a6d3-4472-8d23-eb244daa2c09"
}