{
  "templateName": "Factory_Default_C1111_8PLTELA_V01",
  "templateDescription": "Factory Default template for C1111-8PLTELA",
  "deviceType": "vedge-C1111-8PLTELA",
  "configType": "template",
  "factoryDefault": true,
  "policyId": "",
  "featureTemplateUidRange": [],
  "connectionPreferenceRequired": true,
  "connectionPreference": true,
  "generalTemplates": [
    {
      "templateId": "f8eb4f46-5a0f-4fe5-9eb5-af1241595b0a",
      "templateType": "cedge_aaa"
    },
    {
      "templateId": "7f166a3f-e011-4031-bbc4-afaf0e101d0d",
      "templateType": "cisco_bfd"
    },
    {
      "templateId": "14237d46-bc18-484e-8b1d-d740b036560c",
      "templateType": "cisco_omp"
    },
    {
      "templateId": "5c270815-bc17-4afe-b177-39e24fb3f3ef",
      "templateType": "cisco_security"
    },
    {
      "templateId": "f9618504-af93-4abb-b443-79ed305c32f1",
      "templateType": "cisco_system",
      "subTemplates": [
        {
          "templateId": "0057a1be-5c67-4ea2-b833-4b9d4069272e",
          "templateType": "cisco_logging"
        }
      ]
    },
    {
      "templateId": "bf5d64dd-94a4-428a-9f44-cbae71f735e8",
      "templateType": "cisco_vpn",
      "subTemplates": [
        {
          "templateId": "ca0549dc-906d-41b6-b854-3797f4287785",
          "templateType": "cisco_vpn_interface"
        }
      ]
    },
    {
      "templateId": "9603555e-8772-4d8f-b5e7-38bc052097a8",
      "templateType": "cisco_vpn",
      "subTemplates": [
        {
          "templateId": "f8b5d985-3fa2-4569-9ec7-5091839f286a",
          "templateType": "vpn-interface-svi"
        }
      ]
    },
    {
      "templateId": "d3faf009-e7a6-4bc2-9495-45db943a6c4f",
      "templateType": "cisco_vpn",
      "subTemplates": [
        {
          "templateId": "68311b7a-c06e-431e-8358-cb7522032cd9",
          "templateType": "cisco_vpn_interface"
        }
      ]
    },
    {
      "templateId": "e8329e8a-89d9-4662-a501-2cadc65df981",
      "templateType": "cedge_global"
    },
    {
      "templateId": "e1fe3b6c-dbd7-4ac4-9d81-fe42433afc2c",
      "templateType": "cellular-cedge-controller"
    },
    {
      "templateId": "008b47e3-0995-48a9-bfe2-d34ddac4f600",
      "templateType": "switchport"
    }
  ],
  "templateClass": "cedge",
  "templateId": "25907293-41cc-4d08-84d5-6c6f866754da",
  "deviceRole": "sdwan-edge"
}