{
  "templateName": "Factory_Default_CSR_1000V_V01",
  "templateDescription": "Factory Default template for CSR 1000V",
  "deviceType": "vedge-CSR-1000v",
  "configType": "template",
  "factoryDefault": true,
  "policyId": "",
  "featureTemplateUidRange": [],
  "connectionPreference": true,
  "connectionPreferenceRequired": true,
  "generalTemplates": [
    {
      "templateType": "cedge_aaa",
      "templateId": "f8eb4f46-5a0f-4fe5-9eb5-af1241595b0a"
    },
    {
      "templateType": "cisco_system",
      "subTemplates": [
        {
          "templateType": "cisco_logging",
          "templateId": "0057a1be-5c67-4ea2-b833-4b9d4069272e"
        }
      ],
      "templateId": "f9618504-af93-4abb-b443-79ed305c32f1"
    },
    {
      "templateType": "cedge_aaa",
      "templateId": "f8eb4f46-5a0f-4fe5-9eb5-af1241595b0a"
    },
    {
      "templateType": "cisco_ntp",
      "templateId": "d0618449-243d-4d4f-b550-858e9bb2a29f"
    },
    {
      "templateType": "cisco_logging",
      "templateId": "0057a1be-5c67-4ea2-b833-4b9d4069272e"
    },
    {
      "templateType": "cedge_global",
      "templateId": "e8329e8a-89d9-4662-a501-2cadc65df981"
    },
    {
      "templateType": "cisco_bfd",
      "templateId": "7f166a3f-e011-4031-bbc4-afaf0e101d0d"
    },
    {
      "templateType": "cisco_omp",
      "templateId": "14237d46-bc18-484e-8b1d-d740b036560c"
    },
    {
      "templateType": "cisco_security",
      "templateId": "5c270815-bc17-4afe-b177-39e24fb3f3ef"
    },
    {
      "templateType": "cisco_vpn",
      "subTemplates": [
        {
          "templateType": "cisco_vpn_interface",
          "templateId": "f5495d50-7d74-4e9f-843b-888d6ecf1085"
        },
        {
          "templateType": "cisco_vpn_interface",
          "templateId": "14cadca1-12cd-4512-b68c-ab26fb08639d"
        },
        {
          "templateType": "cisco_vpn_interface",
          "templateId": "d70f9b08-9b08-43a7-a279-b60f272c733e"
        },
        {
          "templateType": "cisco_vpn_interface",
          "templateId": "fc423247-8caf-4c05-a297-15d30dfd5b7d"
        },
        {
          "templateType": "cisco_vpn_interface",
          "templateId": "f6c30668-c325-4dad-a762-c2015f0df2c1"
        },
        {
          "templateType": "cisco_vpn_interface",
          "templateId": "91078634-379d-4f02-a422-50afabb993da"
        }
      ],
      "templateId": "9603555e-8772-4d8f-b5e7-38bc052097a8"
    },
    {
      "templateType": "cisco_vpn",
      "subTemplates": [
        {
          "templateType": "cisco_vpn_interface",
          "templateId": "12c6fb7b-092a-406a-8888-6683f5ae75ce"
        },
        {
          "templateType": "cisco_vpn_interface",
          "templateId": "a83b0052-8147-40c1-b650-f038b061bacc"
        },
        {
          "templateType": "cisco_vpn_interface",
          "templateId": "7cdbbbda-d042-4048-a4bc-bc2a3664545c"
        }
      ],
      "templateId": "d3faf009-e7a6-4bc2-9495-45db943a6c4f"
    },
    {
      "templateType": "cisco_vpn",
      "templateId": "bf5d64dd-94a4-428a-9f44-cbae71f735e8"
    }
  ],
  "templateClass": "cedge",
  "templateId": "603ee6a9-e4be-406b-a1ff-a5f861e09e21",
  "deviceRole": "sdwan-edge"
}