{
  "templateName": "Factory_Default_ISR_4331_V01",
  "templateDescription": "Factory Default template for ISR4331 device",
  "deviceType": "vedge-ISR-4331",
  "configType": "template",
  "factoryDefault": true,
  "policyId": "",
  "featureTemplateUidRange": [],
  "connectionPreferenceRequired": true,
  "connectionPreference": true,
  "generalTemplates": [
    {
      "templateId": "f8eb4f46-5a0f-4fe5-9eb5-af1241595b0a",
      "templateType": "cedge_aaa"
    },
    {
      "templateId": "7f166a3f-e011-4031-bbc4-afaf0e101d0d",
      "templateType": "cisco_bfd"
    },
    {
      "templateId": "14237d46-bc18-484e-8b1d-d740b036560c",
      "templateType": "cisco_omp"
    },
    {
      "templateId": "5c270815-bc17-4afe-b177-39e24fb3f3ef",
      "templateType": "cisco_security"
    },
    {
      "templateId": "f9618504-af93-4abb-b443-79ed305c32f1",
      "templateType": "cisco_system",
      "subTemplates": [
        {
          "templateId": "0057a1be-5c67-4ea2-b833-4b9d4069272e",
          "templateType": "cisco_logging"
        }
      ]
    },
    {
      "templateId": "9603555e-8772-4d8f-b5e7-38bc052097a8",
      "templateType": "cisco_vpn",
      "subTemplates": [
        {
          "templateId": "8586115e-9512-42ac-8739-1c713ed2bf8f",
          "templateType": "cisco_vpn_interface"
        },
        {
          "templateId": "17853901-97e9-4471-8dc2-fedcf9e1da64",
          "templateType": "cisco_vpn_interface"
        }
      ]
    },
    {
      "templateId": "bf5d64dd-94a4-428a-9f44-cbae71f735e8",
      "templateType": "cisco_vpn",
      "subTemplates": [
        {
          "templateId": "990f0fc1-7c27-4c9d-84eb-38fa6fceba8e",
          "templateType": "cisco_vpn_interface"
        }
      ]
    },
    {
      "templateId": "d3faf009-e7a6-4bc2-9495-45db943a6c4f",
      "templateType": "cisco_vpn",
      "subTemplates": [
        {
          "templateId": "12c6fb7b-092a-406a-8888-6683f5ae75ce",
          "templateType": "cisco_vpn_interface"
        }
      ]
    },
    {
      "templateId": "e8329e8a-89d9-4662-a501-2cadc65df981",
      "templateType": "cedge_global"
    }
  ],
  "templateClass": "cedge",
  "templateId": "96da9bff-cd19-44a1-b795-4ed6b453a6e0",
  "deviceRole": "sdwan-edge"
}