{
  "templateId": "4f44991e-c047-4b97-af10-a7bfe2b3f095",
  "templateName": "LAS",
  "templateDescription": "Las Vegas",
  "deviceType": "vedge-C1111X-8P",
  "deviceRole": "sdwan-edge",
  "configType": "template",
  "factoryDefault": false,
  "policyId": "",
  "featureTemplateUidRange": [],
  "connectionPreferenceRequired": true,
  "connectionPreference": true,
  "generalTemplates": [
    {
      "templateId": "3a90acfb-c450-4f6e-8733-5393567cce75",
      "templateType": "cedge_aaa"
    },
    {
      "templateId": "ab76dee0-6345-434a-9b85-9a70e243adee",
      "templateType": "cisco_bfd"
    },
    {
      "templateId": "a3902939-167a-4ae3-b241-2703e8aab097",
      "templateType": "cisco_omp"
    },
    {
      "templateId": "f8053e9d-ef80-47e1-990d-691b38b88f20",
      "templateType": "cisco_security"
    },
    {
      "templateId": "76fde1dd-623e-487d-ae8d-c9ebe62e0891",
      "templateType": "cisco_system",
      "subTemplates": [
        {
          "templateId": "56fde440-cd4b-4091-84dc-f369f8fefc4c",
          "templateType": "cisco_logging"
        }
      ]
    },
    {
      "templateId": "a26ee7be-622a-4338-94ee-0f1e30069b17",
      "templateType": "cisco_vpn",
      "subTemplates": [
        {
          "templateId": "6c9c4fd0-c083-4d94-81f8-204f6cc30cb5",
          "templateType": "cisco_vpn_interface"
        },
        {
          "templateId": "4435ad03-6c93-472c-b738-e65cfcaed387",
          "templateType": "cisco_vpn_interface"
        }
      ]
    },
    {
      "templateId": "30d5e7db-5e0b-4a50-98ae-4478c2a18183",
      "templateType": "cisco_vpn"
    },
    {
      "templateId": "2189e11b-9ca0-48f8-9656-be4121a91b75",
      "templateType": "cisco_vpn",
      "subTemplates": [
        {
          "templateId": "422fd08a-044a-4d15-8500-4057986e0162",
          "templateType": "vpn-interface-svi"
        }
      ]
    },
    {
      "templateId": "e8329e8a-89d9-4662-a501-2cadc65df981",
      "templateType": "cedge_global"
    },
    {
      "templateId": "39df5f38-27e3-41cd-8efb-3380f0df5e73",
      "templateType": "switchport"
    }
  ],
  "templateClass": "cedge"
}