{
  "templateId": "c9b7c926-0317-49fd-b28c-66af60213eca",
  "templateName": "MIA1",
  "templateDescription": "MIami Edge 1",
  "deviceType": "vedge-C1111X-8P",
  "deviceRole": "sdwan-edge",
  "configType": "template",
  "factoryDefault": false,
  "policyId": "",
  "featureTemplateUidRange": [],
  "connectionPreferenceRequired": true,
  "connectionPreference": true,
  "generalTemplates": [
    {
      "templateId": "3a90acfb-c450-4f6e-8733-5393567cce75",
      "templateType": "cedge_aaa"
    },
    {
      "templateId": "ab76dee0-6345-434a-9b85-9a70e243adee",
      "templateType": "cisco_bfd"
    },
    {
      "templateId": "a3902939-167a-4ae3-b241-2703e8aab097",
      "templateType": "cisco_omp"
    },
    {
      "templateId": "f8053e9d-ef80-47e1-990d-691b38b88f20",
      "templateType": "cisco_security"
    },
    {
      "templateId": "76fde1dd-623e-487d-ae8d-c9ebe62e0891",
      "templateType": "cisco_system",
      "subTemplates": [
        {
          "templateId": "56fde440-cd4b-4091-84dc-f369f8fefc4c",
          "templateType": "cisco_logging"
        }
      ]
    },
    {
      "templateId": "a26ee7be-622a-4338-94ee-0f1e30069b17",
      "templateType": "cisco_vpn",
      "subTemplates": [
        {
          "templateId": "93d3e401-3863-4e21-81be-14c6aba1c193",
          "templateType": "cisco_vpn_interface"
        },
        {
          "templateId": "0c015fcb-fbc9-4a5b-bf24-95a40375d009",
          "templateType": "cisco_vpn_interface"
        },
        {
          "templateId": "25eb7a6c-ed83-4b1e-a3ce-2c9966833184",
          "templateType": "cisco_vpn_interface"
        }
      ]
    },
    {
      "templateId": "30d5e7db-5e0b-4a50-98ae-4478c2a18183",
      "templateType": "cisco_vpn"
    },
    {
      "templateId": "2189e11b-9ca0-48f8-9656-be4121a91b75",
      "templateType": "cisco_vpn",
      "subTemplates": [
        {
          "templateId": "7a162f81-eb27-4e2f-bd99-c074c5e69642",
          "templateType": "vpn-interface-svi"
        }
      ]
    },
    {
      "templateId": "e8329e8a-89d9-4662-a501-2cadc65df981",
      "templateType": "cedge_global"
    },
    {
      "templateId": "39df5f38-27e3-41cd-8efb-3380f0df5e73",
      "templateType": "switchport"
    }
  ],
  "templateClass": "cedge"
}