{
  "templateId": "560720eb-1a9c-458f-a4ac-54585f77a526",
  "templateName": "PHL-8000v-Edge-2",
  "templateDescription": "PHL-8000v-Edge-2",
  "deviceType": "vedge-C8000V",
  "deviceRole": "sdwan-edge",
  "configType": "template",
  "factoryDefault": false,
  "policyId": "",
  "featureTemplateUidRange": [],
  "connectionPreferenceRequired": true,
  "connectionPreference": true,
  "generalTemplates": [
    {
      "templateId": "80d6bd1c-d9ca-42bc-8638-e35ac065a8c9",
      "templateType": "cedge_aaa"
    },
    {
      "templateId": "7f166a3f-e011-4031-bbc4-afaf0e101d0d",
      "templateType": "cisco_bfd"
    },
    {
      "templateId": "8ffba928-bedd-405d-8867-f7e906d19a39",
      "templateType": "cisco_omp"
    },
    {
      "templateId": "5c270815-bc17-4afe-b177-39e24fb3f3ef",
      "templateType": "cisco_security"
    },
    {
      "templateId": "2bbda8bc-6ac1-4df5-9ad6-b49ac8528d1b",
      "templateType": "cisco_system",
      "subTemplates": [
        {
          "templateId": "0057a1be-5c67-4ea2-b833-4b9d4069272e",
          "templateType": "cisco_logging"
        },
        {
          "templateId": "cd8e329c-3fb6-48d6-8470-59b5ec84d80a",
          "templateType": "cisco_ntp"
        }
      ]
    },
    {
      "templateId": "5f1ec2c0-11f2-4df2-8d2c-1245b98d0077",
      "templateType": "cisco_vpn",
      "subTemplates": [
        {
          "templateId": "4ae84f88-8daf-4ed3-97a3-50face77a559",
          "templateType": "cisco_vpn_interface"
        },
        {
          "templateId": "7ec5e22e-d74f-4b40-8309-a8eb214f718d",
          "templateType": "cisco_vpn_interface"
        }
      ]
    },
    {
      "templateId": "9e752be6-c78d-4e81-bb0f-fded7f263e76",
      "templateType": "cisco_vpn"
    },
    {
      "templateId": "756affc9-bd22-4d1e-ae15-dda0dda12561",
      "templateType": "cisco_vpn",
      "subTemplates": [
        {
          "templateId": "f2bc3788-e022-4cd6-8fca-c93e79d95fb2",
          "templateType": "cisco_bgp"
        },
        {
          "templateId": "aa4b31f3-f77c-4511-96da-ca4f55a24af6",
          "templateType": "cisco_vpn_interface"
        }
      ]
    },
    {
      "templateId": "e8329e8a-89d9-4662-a501-2cadc65df981",
      "templateType": "cedge_global"
    },
    {
      "templateId": "29005ef0-7f6d-4c40-9f16-01d6e86123eb",
      "templateType": "cisco_banner"
    }
  ],
  "templateClass": "cedge",
  "draftMode": false
}