{
  "header": {
    "generatedOn": 1666816562591,
    "columns": [
      {
        "property": "csv-status",
        "title": "Status",
        "toolTip": "Input status",
        "hideable": false,
        "dataType": "string",
        "editable": false,
        "isDisplay": true,
        "isLeftPinned": true,
        "minWidth": 30,
        "width": 30,
        "display": "icon",
        "iconProperty": "csv-status",
        "icon": [
          {
            "key": "complete",
            "value": "images/template_complete.png"
          },
          {
            "key": "in_complete",
            "value": "images/template_in_complete.png"
          }
        ]
      },
      {
        "property": "csv-deviceId",
        "title": "Chassis Number",
        "toolTip": "UUID: csv-deviceId",
        "hideable": false,
        "dataType": "string",
        "editable": false,
        "isDisplay": true,
        "isLeftPinned": true,
        "objectType": "object",
        "templateType": "None",
        "values": false,
        "optional": false,
        "width": 280
      },
      {
        "property": "csv-deviceIP",
        "title": "System IP",
        "toolTip": "Device IP: csv-deviceIP",
        "hideable": false,
        "dataType": "string",
        "editable": false,
        "isDisplay": true,
        "isLeftPinned": true,
        "objectType": "object",
        "templateType": "None",
        "values": false,
        "optional": false,
        "width": 100
      },
      {
        "property": "csv-host-name",
        "title": "Hostname",
        "toolTip": "Host name: csv-host-name",
        "hideable": false,
        "dataType": "string",
        "editable": false,
        "isDisplay": true,
        "isLeftPinned": true,
        "objectType": "object",
        "templateType": "None",
        "values": false,
        "optional": false,
        "width": 180
      },
      {
        "property": "/100/vpn-instance/dns/Internal_VPN100_DNS_Primary_IP/dns-addr",
        "title": "DNS Address(Internal_VPN100_DNS_Primary_IP)",
        "toolTip": "DNS Address: /100/vpn-instance/dns/Internal_VPN100_DNS_Primary_IP/dns-addr",
        "hideable": false,
        "dataType": "ip",
        "editable": true,
        "isDisplay": true,
        "isLeftPinned": false,
        "objectType": "object",
        "templateType": "cisco_vpn",
        "values": false,
        "optional": false,
        "width": 100
      },
      {
        "property": "/100/vpn-instance/dns/Internal_VPN100_DNS_Secondary_IP/dns-addr",
        "title": "DNS Address(Internal_VPN100_DNS_Secondary_IP)",
        "toolTip": "DNS Address: /100/vpn-instance/dns/Internal_VPN100_DNS_Secondary_IP/dns-addr",
        "hideable": false,
        "dataType": "ip",
        "editable": true,
        "isDisplay": true,
        "isLeftPinned": false,
        "objectType": "object",
        "templateType": "cisco_vpn",
        "values": false,
        "optional": false,
        "width": 100
      },
      {
        "property": "/100/vpn-instance/ip/route/CorpVPN_Static_Route_slash_Mask/prefix",
        "title": "Prefix(CorpVPN_Static_Route_slash_Mask)",
        "toolTip": "Prefix: /100/vpn-instance/ip/route/CorpVPN_Static_Route_slash_Mask/prefix",
        "hideable": false,
        "dataType": "ipv4-prefix",
        "editable": true,
        "isDisplay": true,
        "isLeftPinned": false,
        "objectType": "object",
        "templateType": "cisco_vpn",
        "values": false,
        "optional": true,
        "width": 100
      },
      {
        "property": "/100/vpn-instance/ip/route/CorpVPN_Static_Route_slash_Mask/next-hop/CorpVPN_Static_Route_Next_Hop_IP/address",
        "title": "Address(CorpVPN_Static_Route_Next_Hop_IP)",
        "toolTip": "IP Address: /100/vpn-instance/ip/route/CorpVPN_Static_Route_slash_Mask/next-hop/CorpVPN_Static_Route_Next_Hop_IP/address",
        "hideable": false,
        "dataType": "string",
        "editable": true,
        "isDisplay": true,
        "isLeftPinned": false,
        "objectType": "object",
        "templateType": "cisco_vpn",
        "values": false,
        "optional": false,
        "width": 100
      },
      {
        "property": "/100/GigabitEthernet0/1/0/interface/ip/address",
        "title": "IPv4 Address/ prefix-length(Internal_Gig010_IP_Address_slash_Mask)",
        "toolTip": "Assign IPv4 address: /100/GigabitEthernet0/1/0/interface/ip/address",
        "hideable": false,
        "dataType": "ipv4-prefix",
        "editable": true,
        "isDisplay": true,
        "isLeftPinned": false,
        "objectType": "object",
        "templateType": "cisco_vpn_interface",
        "values": false,
        "optional": false,
        "width": 100
      },
      {
        "property": "/0/vpn-instance/dns/External_DNS_Primary_IP/dns-addr",
        "title": "DNS Address(External_DNS_Primary_IP)",
        "toolTip": "DNS Address: /0/vpn-instance/dns/External_DNS_Primary_IP/dns-addr",
        "hideable": false,
        "dataType": "ip",
        "editable": true,
        "isDisplay": true,
        "isLeftPinned": false,
        "objectType": "object",
        "templateType": "cisco_vpn",
        "values": false,
        "optional": false,
        "width": 100
      },
      {
        "property": "/0/vpn-instance/dns/External_DNS_Secondary_IP/dns-addr",
        "title": "DNS Address(External_DNS_Secondary_IP)",
        "toolTip": "DNS Address: /0/vpn-instance/dns/External_DNS_Secondary_IP/dns-addr",
        "hideable": false,
        "dataType": "ip",
        "editable": true,
        "isDisplay": true,
        "isLeftPinned": false,
        "objectType": "object",
        "templateType": "cisco_vpn",
        "values": false,
        "optional": false,
        "width": 100
      },
      {
        "property": "/0/vpn-instance/ip/route/Transport1_Default_Route_(Ex_0.0.0.0_slash_0)/prefix",
        "title": "Prefix(Transport1_Default_Route_(Ex_0.0.0.0_slash_0))",
        "toolTip": "Prefix: /0/vpn-instance/ip/route/Transport1_Default_Route_(Ex_0.0.0.0_slash_0)/prefix",
        "hideable": false,
        "dataType": "ipv4-prefix",
        "editable": true,
        "isDisplay": true,
        "isLeftPinned": false,
        "objectType": "object",
        "templateType": "cisco_vpn",
        "values": false,
        "optional": true,
        "width": 100
      },
      {
        "property": "/0/vpn-instance/ip/route/Transport2_Default_Route_(Ex_0.0.0.0_slash_0)/prefix",
        "title": "Prefix(Transport2_Default_Route_(Ex_0.0.0.0_slash_0))",
        "toolTip": "Prefix: /0/vpn-instance/ip/route/Transport2_Default_Route_(Ex_0.0.0.0_slash_0)/prefix",
        "hideable": false,
        "dataType": "ipv4-prefix",
        "editable": true,
        "isDisplay": true,
        "isLeftPinned": false,
        "objectType": "object",
        "templateType": "cisco_vpn",
        "values": false,
        "optional": true,
        "width": 100
      },
      {
        "property": "/0/vpn-instance/ip/route/SiteX_MPLS_TLOC_Ext_Network_Slash_Mask_(100.64.50.x_slash_30)/prefix",
        "title": "Prefix(SiteX_MPLS_TLOC_Ext_Network_Slash_Mask_(100.64.50.x_slash_30))",
        "toolTip": "Prefix: /0/vpn-instance/ip/route/SiteX_MPLS_TLOC_Ext_Network_Slash_Mask_(100.64.50.x_slash_30)/prefix",
        "hideable": false,
        "dataType": "ipv4-prefix",
        "editable": true,
        "isDisplay": true,
        "isLeftPinned": false,
        "objectType": "object",
        "templateType": "cisco_vpn",
        "values": false,
        "optional": true,
        "width": 100
      },
      {
        "property": "/0/vpn-instance/ip/route/Transport1_Default_Route_(Ex_0.0.0.0_slash_0)/next-hop/Transport1_Default_Route_Next_Hop_IP/address",
        "title": "Address(Transport1_Default_Route_Next_Hop_IP)",
        "toolTip": "IP Address: /0/vpn-instance/ip/route/Transport1_Default_Route_(Ex_0.0.0.0_slash_0)/next-hop/Transport1_Default_Route_Next_Hop_IP/address",
        "hideable": false,
        "dataType": "string",
        "editable": true,
        "isDisplay": true,
        "isLeftPinned": false,
        "objectType": "object",
        "templateType": "cisco_vpn",
        "values": false,
        "optional": false,
        "width": 100
      },
      {
        "property": "/0/vpn-instance/ip/route/Transport2_Default_Route_(Ex_0.0.0.0_slash_0)/next-hop/Transport2_Default_Route_Next_Hop_IP/address",
        "title": "Address(Transport2_Default_Route_Next_Hop_IP)",
        "toolTip": "IP Address: /0/vpn-instance/ip/route/Transport2_Default_Route_(Ex_0.0.0.0_slash_0)/next-hop/Transport2_Default_Route_Next_Hop_IP/address",
        "hideable": false,
        "dataType": "string",
        "editable": true,
        "isDisplay": true,
        "isLeftPinned": false,
        "objectType": "object",
        "templateType": "cisco_vpn",
        "values": false,
        "optional": false,
        "width": 100
      },
      {
        "property": "/0/vpn-instance/ip/route/SiteX_MPLS_TLOC_Ext_Network_Slash_Mask_(100.64.50.x_slash_30)/next-hop/Static_External_IP_of_SiteX_MPLS_Connected_Router/address",
        "title": "Address(Static_External_IP_of_SiteX_MPLS_Connected_Router)",
        "toolTip": "IP Address: /0/vpn-instance/ip/route/SiteX_MPLS_TLOC_Ext_Network_Slash_Mask_(100.64.50.x_slash_30)/next-hop/Static_External_IP_of_SiteX_MPLS_Connected_Router/address",
        "hideable": false,
        "dataType": "string",
        "editable": true,
        "isDisplay": true,
        "isLeftPinned": false,
        "objectType": "object",
        "templateType": "cisco_vpn",
        "values": false,
        "optional": false,
        "width": 100
      },
      {
        "property": "/0/GigabitEthernet0/0/1/interface/tunnel-interface/color/value",
        "title": "Color(Transport2_Tunnel_Color)",
        "toolTip": "Set color for TLOC: /0/GigabitEthernet0/0/1/interface/tunnel-interface/color/value",
        "hideable": false,
        "dataType": "enum",
        "editable": true,
        "isDisplay": true,
        "isLeftPinned": false,
        "objectType": "object",
        "templateType": "cisco_vpn_interface",
        "values": [
          {
            "key": "default",
            "value": "default"
          },
          {
            "key": "mpls",
            "value": "mpls"
          },
          {
            "key": "metro-ethernet",
            "value": "metro-ethernet"
          },
          {
            "key": "biz-internet",
            "value": "biz-internet"
          },
          {
            "key": "public-internet",
            "value": "public-internet"
          },
          {
            "key": "lte",
            "value": "lte"
          },
          {
            "key": "3g",
            "value": "3g"
          },
          {
            "key": "red",
            "value": "red"
          },
          {
            "key": "green",
            "value": "green"
          },
          {
            "key": "blue",
            "value": "blue"
          },
          {
            "key": "gold",
            "value": "gold"
          },
          {
            "key": "silver",
            "value": "silver"
          },
          {
            "key": "bronze",
            "value": "bronze"
          },
          {
            "key": "custom1",
            "value": "custom1"
          },
          {
            "key": "custom2",
            "value": "custom2"
          },
          {
            "key": "custom3",
            "value": "custom3"
          },
          {
            "key": "private1",
            "value": "private1"
          },
          {
            "key": "private2",
            "value": "private2"
          },
          {
            "key": "private3",
            "value": "private3"
          },
          {
            "key": "private4",
            "value": "private4"
          },
          {
            "key": "private5",
            "value": "private5"
          },
          {
            "key": "private6",
            "value": "private6"
          }
        ],
        "optional": false,
        "width": 100
      },
      {
        "property": "/0/GigabitEthernet0/0/1/interface/shaping-rate",
        "title": "Shaping Rate (Kbps)(Transport2_Shaping_Speed_in_Kbps)",
        "toolTip": "1ge  interfaces: [0..1000000]kbps; 10ge interfaces: [0..10000000]kbps: /0/GigabitEthernet0/0/1/interface/shaping-rate",
        "hideable": false,
        "dataType": "number",
        "editable": true,
        "isDisplay": true,
        "isLeftPinned": false,
        "objectType": "object",
        "templateType": "cisco_vpn_interface",
        "values": false,
        "optional": false,
        "width": 100
      },
      {
        "property": "/0/GigabitEthernet0/0/0/interface/ip/address",
        "title": "IPv4 Address/ prefix-length(Transport1_Gig000_IP_Address_slash_Mask)",
        "toolTip": "Assign IPv4 address: /0/GigabitEthernet0/0/0/interface/ip/address",
        "hideable": false,
        "dataType": "ipv4-prefix",
        "editable": true,
        "isDisplay": true,
        "isLeftPinned": false,
        "objectType": "object",
        "templateType": "cisco_vpn_interface",
        "values": false,
        "optional": false,
        "width": 100
      },
      {
        "property": "/0/GigabitEthernet0/0/0/interface/tunnel-interface/color/value",
        "title": "Color(Transport1_Tunnel_Color)",
        "toolTip": "Set color for TLOC: /0/GigabitEthernet0/0/0/interface/tunnel-interface/color/value",
        "hideable": false,
        "dataType": "enum",
        "editable": true,
        "isDisplay": true,
        "isLeftPinned": false,
        "objectType": "object",
        "templateType": "cisco_vpn_interface",
        "values": [
          {
            "key": "default",
            "value": "default"
          },
          {
            "key": "mpls",
            "value": "mpls"
          },
          {
            "key": "metro-ethernet",
            "value": "metro-ethernet"
          },
          {
            "key": "biz-internet",
            "value": "biz-internet"
          },
          {
            "key": "public-internet",
            "value": "public-internet"
          },
          {
            "key": "lte",
            "value": "lte"
          },
          {
            "key": "3g",
            "value": "3g"
          },
          {
            "key": "red",
            "value": "red"
          },
          {
            "key": "green",
            "value": "green"
          },
          {
            "key": "blue",
            "value": "blue"
          },
          {
            "key": "gold",
            "value": "gold"
          },
          {
            "key": "silver",
            "value": "silver"
          },
          {
            "key": "bronze",
            "value": "bronze"
          },
          {
            "key": "custom1",
            "value": "custom1"
          },
          {
            "key": "custom2",
            "value": "custom2"
          },
          {
            "key": "custom3",
            "value": "custom3"
          },
          {
            "key": "private1",
            "value": "private1"
          },
          {
            "key": "private2",
            "value": "private2"
          },
          {
            "key": "private3",
            "value": "private3"
          },
          {
            "key": "private4",
            "value": "private4"
          },
          {
            "key": "private5",
            "value": "private5"
          },
          {
            "key": "private6",
            "value": "private6"
          }
        ],
        "optional": false,
        "width": 100
      },
      {
        "property": "/0/GigabitEthernet0/0/0/interface/shaping-rate",
        "title": "Shaping Rate (Kbps)(Transport1_Shaping_Speed_in_Kbps)",
        "toolTip": "1ge  interfaces: [0..1000000]kbps; 10ge interfaces: [0..10000000]kbps: /0/GigabitEthernet0/0/0/interface/shaping-rate",
        "hideable": false,
        "dataType": "number",
        "editable": true,
        "isDisplay": true,
        "isLeftPinned": false,
        "objectType": "object",
        "templateType": "cisco_vpn_interface",
        "values": false,
        "optional": false,
        "width": 100
      },
      {
        "property": "//system/host-name",
        "title": "Hostname(host-name)",
        "toolTip": "Set the hostname: //system/host-name",
        "hideable": false,
        "dataType": "string",
        "editable": true,
        "isDisplay": true,
        "isLeftPinned": false,
        "objectType": "object",
        "templateType": "cisco_system",
        "values": false,
        "optional": false,
        "width": 100
      },
      {
        "property": "//system/system-ip",
        "title": "System IP(system-ip)",
        "toolTip": "Set the system IP address: //system/system-ip",
        "hideable": false,
        "dataType": "string",
        "editable": true,
        "isDisplay": true,
        "isLeftPinned": false,
        "objectType": "object",
        "templateType": "cisco_system",
        "values": false,
        "optional": false,
        "width": 100
      },
      {
        "property": "//system/site-id",
        "title": "Site ID(site-id)",
        "toolTip": "Set the site identifier: //system/site-id",
        "hideable": false,
        "dataType": "number",
        "editable": true,
        "isDisplay": true,
        "isLeftPinned": false,
        "objectType": "object",
        "templateType": "cisco_system",
        "values": false,
        "optional": false,
        "width": 100
      }
    ],
    "templateVariableCount": 21,
    "fields": {}
  },
  "data": [
    {
      "csv-status": "complete",
      "csv-deviceId": "ISR4331/K9-FDO22262V8F",
      "csv-deviceIP": "100.64.255.1",
      "csv-host-name": "FP-MEX-1",
      "/0/GigabitEthernet0/0/1/interface/shaping-rate": "1000000",
      "/0/GigabitEthernet0/0/0/interface/tunnel-interface/color/value": "mpls",
      "/100/vpn-instance/dns/Internal_VPN100_DNS_Secondary_IP/dns-addr": "8.8.4.4",
      "//system/site-id": "100",
      "/0/vpn-instance/ip/route/Transport2_Default_Route_(Ex_0.0.0.0_slash_0)/next-hop/Transport2_Default_Route_Next_Hop_IP/address": "100.64.214.252",
      "/100/vpn-instance/ip/route/CorpVPN_Static_Route_slash_Mask/next-hop/CorpVPN_Static_Route_Next_Hop_IP/address": "TEMPLATE_IGNORE",
      "/0/GigabitEthernet0/0/0/interface/ip/address": "100.64.214.251/24",
      "/0/GigabitEthernet0/0/1/interface/tunnel-interface/color/value": "public-internet",
      "/100/GigabitEthernet0/1/0/interface/ip/address": "10.1.100.1/24",
      "/0/vpn-instance/dns/External_DNS_Primary_IP/dns-addr": "208.67.220.220",
      "/0/vpn-instance/dns/External_DNS_Secondary_IP/dns-addr": "208.67.222.222",
      "/0/vpn-instance/ip/route/Transport1_Default_Route_(Ex_0.0.0.0_slash_0)/next-hop/Transport1_Default_Route_Next_Hop_IP/address": "100.64.214.1",
      "/0/vpn-instance/ip/route/Transport1_Default_Route_(Ex_0.0.0.0_slash_0)/prefix": "0.0.0.0/0",
      "/0/GigabitEthernet0/0/0/interface/shaping-rate": "1000000",
      "/0/vpn-instance/ip/route/Transport2_Default_Route_(Ex_0.0.0.0_slash_0)/prefix": "100.64.50.52/30",
      "//system/host-name": "FP-MEX-1",
      "//system/system-ip": "100.64.255.1",
      "/100/vpn-instance/dns/Internal_VPN100_DNS_Primary_IP/dns-addr": "8.8.8.8",
      "/0/vpn-instance/ip/route/SiteX_MPLS_TLOC_Ext_Network_Slash_Mask_(100.64.50.x_slash_30)/next-hop/Static_External_IP_of_SiteX_MPLS_Connected_Router/address": "TEMPLATE_IGNORE",
      "/100/vpn-instance/ip/route/CorpVPN_Static_Route_slash_Mask/prefix": "TEMPLATE_IGNORE",
      "/0/vpn-instance/ip/route/SiteX_MPLS_TLOC_Ext_Network_Slash_Mask_(100.64.50.x_slash_30)/prefix": "TEMPLATE_IGNORE"
    }
  ]
}