[
  {
    "deviceType": "vedge-C1111-8PLTELA",
    "lastUpdatedBy": "system",
    "templateClass": "cedge",
    "configType": "template",
    "templateId": "25907293-41cc-4d08-84d5-6c6f866754da",
    "factoryDefault": true,
    "templateName": "Factory_Default_C1111_8PLTELA_V01",
    "devicesAttached": 0,
    "templateDescription": "Factory Default template for C1111-8PLTELA",
    "lastUpdatedOn": 1605914013900,
    "templateAttached": 15
  },
  {
    "deviceType": "vedge-CSR-1000v",
    "lastUpdatedBy": "system",
    "templateClass": "cedge",
    "configType": "template",
    "templateId": "603ee6a9-e4be-406b-a1ff-a5f861e09e21",
    "factoryDefault": true,
    "templateName": "Factory_Default_CSR_1000V_V01",
    "devicesAttached": 0,
    "templateDescription": "Factory Default template for CSR 1000V",
    "lastUpdatedOn": 1605914015564,
    "templateAttached": 22
  },
  {
    "deviceType": "vedge-CSR-1000v",
    "lastUpdatedBy": "system",
    "templateClass": "cedge",
    "configType": "template",
    "templateId": "158a0fb2-71f9-46ba-bc6f-6dc00edd2a1e",
    "factoryDefault": true,
    "templateName": "Default_AWS_TGW_CSR1000V_Template_V01",
    "devicesAttached": 0,
    "templateDescription": "Default device template for AWS TGW CSR1000V",
    "lastUpdatedOn": 1605914014816,
    "templateAttached": 11
  },
  {
    "deviceType": "vedge-ISR-4331",
    "lastUpdatedBy": "system",
    "templateClass": "cedge",
    "configType": "template",
    "templateId": "96da9bff-cd19-44a1-b795-4ed6b453a6e0",
    "factoryDefault": true,
    "templateName": "Factory_Default_ISR_4331_V01",
    "devicesAttached": 0,
    "templateDescription": "Factory Default template for ISR4331 device",
    "lastUpdatedOn": 1605914012793,
    "templateAttached": 14
  },
  {
    "deviceType": "vedge-C8000V",
    "lastUpdatedBy": "admin",
    "deviceRole": "sdwan-edge",
    "templateClass": "cedge",
    "configType": "template",
    "templateId": "6d5cd05a-fecb-4076-a064-9892fc4c5c72",
    "factoryDefault": false,
    "templateName": "PHL-8000v-Edge-1",
    "devicesAttached": 0,
    "templateDescription": "PHL-8000v-Edge-1",
    "lastUpdatedOn": 1624905145099,
    "templateAttached": 16
  },
  {
    "deviceType": "vedge-C8000V",
    "lastUpdatedBy": "admin",
    "deviceRole": "sdwan-edge",
    "templateClass": "cedge",
    "configType": "template",
    "templateId": "560720eb-1a9c-458f-a4ac-54585f77a526",
    "factoryDefault": false,
    "templateName": "PHL-8000v-Edge-2",
    "devicesAttached": 0,
    "templateDescription": "PHL-8000v-Edge-2",
    "lastUpdatedOn": 1624905143767,
    "templateAttached": 16
  },
  {
    "deviceType": "vedge-C1111X-8P",
    "lastUpdatedBy": "netadmin",
    "deviceRole": "sdwan-edge",
    "templateClass": "cedge",
    "configType": "template",
    "templateId": "c9b7c926-0317-49fd-b28c-66af60213eca",
    "factoryDefault": false,
    "templateName": "MIA1",
    "devicesAttached": 0,
    "templateDescription": "MIami Edge 1",
    "lastUpdatedOn": 1624905332075,
    "templateAttached": 15
  },
  {
    "deviceType": "vedge-C1111X-8P",
    "lastUpdatedBy": "netadmin",
    "deviceRole": "sdwan-edge",
    "templateClass": "cedge",
    "configType": "template",
    "templateId": "04cc12b3-43f4-4f05-9d56-296ab4804583",
    "factoryDefault": false,
    "templateName": "MIA2",
    "devicesAttached": 0,
    "templateDescription": "MIami Edge 2",
    "lastUpdatedOn": 1624905343954,
    "templateAttached": 15
  },
  {
    "deviceType": "vedge-cloud",
    "lastUpdatedBy": "admin",
    "templateClass": "vedge",
    "configType": "template",
    "templateId": "5af2fc80-3ed9-459d-bc5f-f24ccf04ac53",
    "factoryDefault": false,
    "templateName": "vBond",
    "devicesAttached": 1,
    "templateDescription": "vBond",
    "lastUpdatedOn": 1605917959258,
    "templateAttached": 11
  },
  {
    "deviceType": "vedge-ISR-4331",
    "lastUpdatedBy": "admin",
    "templateClass": "cedge",
    "configType": "template",
    "templateId": "c7c68184-fee3-4503-9d94-1af8d0852404",
    "factoryDefault": false,
    "templateName": "MEX",
    "devicesAttached": 0,
    "templateDescription": "Mexico City 4331 Edges",
    "lastUpdatedOn": 1605917954205,
    "templateAttached": 15
  },
  {
    "deviceType": "vedge-C1111X-8P",
    "lastUpdatedBy": "netadmin",
    "deviceRole": "sdwan-edge",
    "templateClass": "cedge",
    "configType": "template",
    "templateId": "4f44991e-c047-4b97-af10-a7bfe2b3f095",
    "factoryDefault": false,
    "templateName": "LAS",
    "devicesAttached": 0,
    "templateDescription": "Las Vegas",
    "lastUpdatedOn": 1624905365288,
    "templateAttached": 14
  },
  {
    "deviceType": "vsmart",
    "lastUpdatedBy": "admin",
    "templateClass": "vedge",
    "configType": "template",
    "templateId": "c67a2bf3-bbf4-4a88-ba59-f3928b297938",
    "factoryDefault": false,
    "templateName": "vSmart",
    "devicesAttached": 1,
    "templateDescription": "vSmart",
    "lastUpdatedOn": 1605917957784,
    "templateAttached": 10
  },
  {
    "deviceType": "vedge-C1111X-8P",
    "lastUpdatedBy": "netadmin",
    "deviceRole": "sdwan-edge",
    "templateClass": "cedge",
    "configType": "template",
    "templateId": "6a0c6ec2-f9ae-474f-99b6-5f34987c83fb",
    "factoryDefault": false,
    "templateName": "DFW",
    "devicesAttached": 0,
    "templateDescription": "Dallas",
    "lastUpdatedOn": 1624905393614,
    "templateAttached": 14
  },
  {
    "deviceType": "vedge-C8000V",
    "lastUpdatedBy": "system",
    "deviceRole": "sdwan-edge",
    "templateClass": "cedge",
    "configType": "template",
    "templateId": "6e613e24-a6d3-4472-8d23-eb244daa2c09",
    "factoryDefault": true,
    "templateName": "Factory_Default_1_TLOC_Branch_Template",
    "devicesAttached": 0,
    "templateDescription": "Factory Default 1 TLOC Branch Template for CSR C8000V",
    "lastUpdatedOn": 1620836778201,
    "templateAttached": 17
  },
  {
    "deviceType": "vedge-C8000V",
    "lastUpdatedBy": "system",
    "deviceRole": "sdwan-edge",
    "templateClass": "cedge",
    "configType": "template",
    "templateId": "ad2f0c65-9988-4f61-b9ff-1d0f091fdbda",
    "factoryDefault": true,
    "templateName": "Factory_Default_DC1_HUB",
    "devicesAttached": 0,
    "templateDescription": "Factory Default DC1 HUB for CSR C8000V",
    "lastUpdatedOn": 1620836783247,
    "templateAttached": 19
  },
  {
    "deviceType": "vedge-C8000V",
    "lastUpdatedBy": "system",
    "deviceRole": "sdwan-edge",
    "templateClass": "cedge",
    "configType": "template",
    "templateId": "e17c2664-a37b-46f4-83ee-012454613059",
    "factoryDefault": true,
    "templateName": "Default_Azure_vWAN_C8000V_Template_V01",
    "devicesAttached": 0,
    "templateDescription": "Default device template for Azure vWAN C8000V",
    "lastUpdatedOn": 1620836779850,
    "templateAttached": 11
  },
  {
    "deviceType": "vedge-C8000V",
    "lastUpdatedBy": "system",
    "deviceRole": "sdwan-edge",
    "templateClass": "cedge",
    "configType": "template",
    "templateId": "feb7efcb-792c-4530-a0db-5000cab31154",
    "factoryDefault": true,
    "templateName": "Default_AWS_TGW_C8000V_Template_V01",
    "devicesAttached": 0,
    "templateDescription": "Default device template for AWS TGW C8000V",
    "lastUpdatedOn": 1620836781563,
    "templateAttached": 11
  }
]