[
  {
    "listId": "91de8859-ee9b-492d-97bc-80fbb6cb8428",
    "name": "Voice-And-Video",
    "type": "sla",
    "description": "ACI Voice And Video SLA",
    "entries": [
      {
        "jitter": "30",
        "latency": "45",
        "loss": "2"
      }
    ],
    "lastUpdated": 1605914009427,
    "owner": "system",
    "readOnly": false,
    "version": "1.0",
    "infoTag": "aci",
    "referenceCount": 0,
    "references": [],
    "isActivatedByVsmart": false
  },
  {
    "listId": "eb890866-5f8d-4639-b619-fa5e90e3e5f0",
    "name": "Transactional-Data",
    "type": "sla",
    "description": "ACI Transactional Data SLA",
    "entries": [
      {
        "jitter": "100",
        "latency": "50",
        "loss": "5"
      }
    ],
    "lastUpdated": 1605914010169,
    "owner": "system",
    "readOnly": false,
    "version": "1.0",
    "infoTag": "aci",
    "referenceCount": 0,
    "references": [],
    "isActivatedByVsmart": false
  },
  {
    "listId": "887721aa-1959-45bb-a21e-b47b220ac1bd",
    "name": "Default",
    "type": "sla",
    "description": "ACI Default SLA",
    "entries": [
      {
        "jitter": "100",
        "latency": "300",
        "loss": "25"
      }
    ],
    "lastUpdated": 1605914009231,
    "owner": "system",
    "readOnly": false,
    "version": "1.0",
    "infoTag": "aci",
    "referenceCount": 0,
    "references": [],
    "isActivatedByVsmart": false
  },
  {
    "listId": "a669ced6-c458-4454-af1e-e18cea29cad1",
    "name": "Bulk-Data",
    "type": "sla",
    "description": "ACI Bulk Data SLA",
    "entries": [
      {
        "jitter": "100",
        "latency": "300",
        "loss": "10"
      }
    ],
    "lastUpdated": 1605914010645,
    "owner": "system",
    "readOnly": false,
    "version": "1.0",
    "infoTag": "aci",
    "referenceCount": 0,
    "references": [],
    "isActivatedByVsmart": false
  },
  {
    "listId": "6e6ea91b-b8ec-41b1-84d9-bef054a5ddc1",
    "name": "Business-Critical",
    "type": "sla",
    "description": "Business Critical SLA",
    "entries": [
      {
        "jitter": "100",
        "latency": "250",
        "loss": "1"
      }
    ],
    "lastUpdated": 1620836776550,
    "owner": "system",
    "readOnly": false,
    "version": "1.0",
    "infoTag": "",
    "referenceCount": 0,
    "references": [],
    "isActivatedByVsmart": false
  },
  {
    "listId": "b08a2428-f534-4f00-a209-c6927ab564d0",
    "name": "Best-Effort",
    "type": "sla",
    "description": "Best Effort SLA",
    "entries": [
      {
        "jitter": "500",
        "latency": "500",
        "loss": "5"
      }
    ],
    "lastUpdated": 1620836777137,
    "owner": "system",
    "readOnly": false,
    "version": "1.0",
    "infoTag": "",
    "referenceCount": 0,
    "references": [],
    "isActivatedByVsmart": false
  },
  {
    "listId": "f2bc3d88-7070-4a4d-8516-61e9bdef487d",
    "name": "Business-Data",
    "type": "sla",
    "description": "Business Data SLA",
    "entries": [
      {
        "jitter": "200",
        "latency": "350",
        "loss": "3"
      }
    ],
    "lastUpdated": 1620836775317,
    "owner": "system",
    "readOnly": false,
    "version": "1.0",
    "infoTag": "",
    "referenceCount": 0,
    "references": [],
    "isActivatedByVsmart": false
  },
  {
    "listId": "5054001a-c266-4ebb-ad89-1bebf378175f",
    "name": "Realtime",
    "type": "sla",
    "description": "Realtime SLA",
    "entries": [
      {
        "jitter": "30",
        "latency": "150",
        "loss": "1"
      }
    ],
    "lastUpdated": 1620836776971,
    "owner": "system",
    "readOnly": false,
    "version": "1.0",
    "infoTag": "",
    "referenceCount": 0,
    "references": [],
    "isActivatedByVsmart": false
  }
]