[
  {
    "listId": "aa460f47-5cd0-4d78-a5cb-c7f1d408ec05",
    "name": "amazon_aws_apps",
    "type": "app",
    "description": "SaaS App List for Amazon AWS",
    "entries": [
      {
        "app": "amazon"
      },
      {
        "app": "amazon-web-services"
      },
      {
        "app": "amazon-instant-video"
      },
      {
        "app": "amazon-cloudfront"
      },
      {
        "app": "amazon-ec2"
      },
      {
        "app": "amazon-s3"
      }
    ],
    "lastUpdated": 1605914009940,
    "owner": "system",
    "readOnly": true,
    "version": "3.0",
    "infoTag": "",
    "referenceCount": 0,
    "references": [],
    "isActivatedByVsmart": false
  },
  {
    "listId": "ed8c118d-510d-480c-b0e6-6f3241e9c02c",
    "name": "Microsoft_Apps",
    "type": "app",
    "description": "Microsoft Applications List",
    "entries": [
      {
        "app": "bing"
      },
      {
        "app": "hockeyapp"
      },
      {
        "app": "live_hotmail"
      },
      {
        "app": "lync"
      },
      {
        "app": "lync_online"
      },
      {
        "app": "ms-services"
      },
      {
        "app": "ms_translator"
      },
      {
        "app": "ms-office-365"
      },
      {
        "app": "share-point"
      },
      {
        "app": "skydrive"
      },
      {
        "app": "skype"
      },
      {
        "app": "windows_azure"
      },
      {
        "app": "windows_update"
      },
      {
        "app": "windows_marketplace"
      },
      {
        "app": "windowslive"
      },
      {
        "app": "windowslivespace"
      },
      {
        "app": "windowsmedia"
      },
      {
        "app": "xbox"
      },
      {
        "app": "xbox_music"
      },
      {
        "app": "xbox_video"
      },
      {
        "app": "xboxlive"
      },
      {
        "app": "xboxlive_marketplace"
      },
      {
        "app": "word_online"
      },
      {
        "app": "powerpoint_online"
      }
    ],
    "lastUpdated": 1605914010070,
    "owner": "system",
    "readOnly": true,
    "version": "4.0",
    "infoTag": "",
    "referenceCount": 0,
    "references": [],
    "isActivatedByVsmart": false
  },
  {
    "listId": "01bbc4d0-62a1-4add-9cd6-3b46da6d1d7b",
    "name": "sugar_crm_apps",
    "type": "app",
    "description": "SaaS App List for Sugar CRM",
    "entries": [
      {
        "app": "sugarcrm"
      }
    ],
    "lastUpdated": 1605914010410,
    "owner": "system",
    "readOnly": true,
    "version": "3.0",
    "infoTag": "",
    "referenceCount": 0,
    "references": [],
    "isActivatedByVsmart": false
  },
  {
    "listId": "351a7ac5-28b9-4de5-9b10-f84f42150cbf",
    "name": "Google_Apps",
    "type": "app",
    "description": "Google Applications List",
    "entries": [
      {
        "app": "android-updates"
      },
      {
        "app": "blogger"
      },
      {
        "app": "chrome_update"
      },
      {
        "app": "gcs"
      },
      {
        "app": "gmail"
      },
      {
        "app": "gmail_basic"
      },
      {
        "app": "gmail_chat"
      },
      {
        "app": "gmail_drive"
      },
      {
        "app": "gmail_mobile"
      },
      {
        "app": "google-services"
      },
      {
        "app": "google-services-audio"
      },
      {
        "app": "google-services-media"
      },
      {
        "app": "google-services-video"
      },
      {
        "app": "google_accounts"
      },
      {
        "app": "google_ads"
      },
      {
        "app": "google_analytics"
      },
      {
        "app": "google_appengine"
      },
      {
        "app": "google_cache"
      },
      {
        "app": "google_calendar"
      },
      {
        "app": "google_code"
      },
      {
        "app": "google_desktop"
      },
      {
        "app": "google_docs"
      },
      {
        "app": "google-docs"
      },
      {
        "app": "google-downloads"
      },
      {
        "app": "google_earth"
      },
      {
        "app": "google-earth"
      },
      {
        "app": "google_groups"
      },
      {
        "app": "google_maps"
      },
      {
        "app": "google_photos"
      },
      {
        "app": "google_picasa"
      },
      {
        "app": "picasa"
      },
      {
        "app": "google-play"
      },
      {
        "app": "google_plus"
      },
      {
        "app": "google-plus"
      },
      {
        "app": "google_safebrowsing"
      },
      {
        "app": "google_skymap"
      },
      {
        "app": "google_spaces"
      },
      {
        "app": "google_tags"
      },
      {
        "app": "google_toolbar"
      },
      {
        "app": "google_translate"
      },
      {
        "app": "google_trusted_store"
      },
      {
        "app": "google_weblight"
      },
      {
        "app": "googlebot"
      },
      {
        "app": "gstatic"
      },
      {
        "app": "gtalk"
      },
      {
        "app": "gtalk-chat"
      },
      {
        "app": "gtalk-ft"
      },
      {
        "app": "gtalk-video"
      },
      {
        "app": "gtalk-voip"
      },
      {
        "app": "hangouts"
      },
      {
        "app": "hangouts-audio"
      },
      {
        "app": "hangouts-chat"
      },
      {
        "app": "hangouts-file-transfer"
      },
      {
        "app": "hangouts-media"
      },
      {
        "app": "hangouts-video"
      },
      {
        "app": "youtube"
      },
      {
        "app": "youtube_hd"
      }
    ],
    "lastUpdated": 1605914010531,
    "owner": "system",
    "readOnly": true,
    "version": "4.2",
    "infoTag": "",
    "referenceCount": 0,
    "references": [],
    "isActivatedByVsmart": false
  },
  {
    "listId": "f01c098d-4f80-478d-b550-b6b5be4db3af",
    "name": "salesforce_apps",
    "type": "app",
    "description": "SaaS App List for Salesforce",
    "entries": [
      {
        "app": "salesforce"
      }
    ],
    "lastUpdated": 1605914010886,
    "owner": "system",
    "readOnly": true,
    "version": "2.0",
    "infoTag": "",
    "referenceCount": 0,
    "references": [],
    "isActivatedByVsmart": false
  },
  {
    "listId": "ab0e5c11-094b-47df-84b2-27c34417ef47",
    "name": "concur_apps",
    "type": "app",
    "description": "SaaS App List for Concur",
    "entries": [
      {
        "app": "concur"
      }
    ],
    "lastUpdated": 1605914011014,
    "owner": "system",
    "readOnly": true,
    "version": "3.0",
    "infoTag": "",
    "referenceCount": 0,
    "references": [],
    "isActivatedByVsmart": false
  },
  {
    "listId": "03daedd6-08e1-423b-8282-019014030ae2",
    "name": "REAL_TIME_APPS",
    "type": "app",
    "description": "Real Time Applications List",
    "entries": [
      {
        "app": "sip"
      },
      {
        "app": "rtp"
      },
      {
        "app": "skinny"
      }
    ],
    "lastUpdated": 1620836774829,
    "owner": "system",
    "readOnly": true,
    "version": "1.0",
    "infoTag": "",
    "referenceCount": 0,
    "references": [],
    "isActivatedByVsmart": false
  },
  {
    "listId": "c5983dfe-2f23-4738-9022-ed4baba314f1",
    "name": "dropbox_apps",
    "type": "app",
    "description": "SaaS App List for Dropbox",
    "entries": [
      {
        "app": "dropbox"
      }
    ],
    "lastUpdated": 1605914011322,
    "owner": "system",
    "readOnly": true,
    "version": "2.0",
    "infoTag": "",
    "referenceCount": 0,
    "references": [],
    "isActivatedByVsmart": false
  },
  {
    "listId": "bca93070-7025-4fcd-9390-4a0059415d5a",
    "name": "box_net_apps",
    "type": "app",
    "description": "SaaS App List for Box Net",
    "entries": [
      {
        "app": "box"
      }
    ],
    "lastUpdated": 1605914009561,
    "owner": "system",
    "readOnly": true,
    "version": "2.0",
    "infoTag": "",
    "referenceCount": 0,
    "references": [],
    "isActivatedByVsmart": false
  },
  {
    "listId": "7f1918c7-c532-45ea-a2c4-a0f4c4d64254",
    "name": "oracle_apps",
    "type": "app",
    "description": "SaaS App List for Oracle",
    "entries": [
      {
        "app": "oracle"
      },
      {
        "app": "oracle-bi"
      },
      {
        "app": "oracle-ebsuite-unsecured"
      },
      {
        "app": "oracle-sqlnet"
      },
      {
        "app": "oraclenames"
      },
      {
        "app": "oraclenet8cman"
      }
    ],
    "lastUpdated": 1605914009760,
    "owner": "system",
    "readOnly": true,
    "version": "3.1",
    "infoTag": "",
    "referenceCount": 0,
    "references": [],
    "isActivatedByVsmart": false
  },
  {
    "listId": "991eecdd-e4f6-4bdd-bc3a-fafa18b79e4b",
    "name": "gotomeeting_apps",
    "type": "app",
    "description": "SaaS App List for Gotomeeting",
    "entries": [
      {
        "app": "citrix"
      },
      {
        "app": "gotomeeting"
      }
    ],
    "lastUpdated": 1605914010284,
    "owner": "system",
    "readOnly": true,
    "version": "3.0",
    "infoTag": "",
    "referenceCount": 0,
    "references": [],
    "isActivatedByVsmart": false
  },
  {
    "listId": "571837fa-f563-42bb-9146-e1eab826aa54",
    "name": "zoho_crm_apps",
    "type": "app",
    "description": "SaaS App List for Zoho CRM",
    "entries": [
      {
        "app": "zoho-services"
      }
    ],
    "lastUpdated": 1605914010766,
    "owner": "system",
    "readOnly": true,
    "version": "3.0",
    "infoTag": "",
    "referenceCount": 0,
    "references": [],
    "isActivatedByVsmart": false
  },
  {
    "listId": "00e981b6-f2d4-4ae4-a2e7-383360432c5e",
    "name": "zendesk_apps",
    "type": "app",
    "description": "SaaS App List for Zendesk",
    "entries": [
      {
        "app": "zendesk"
      }
    ],
    "lastUpdated": 1605914011135,
    "owner": "system",
    "readOnly": true,
    "version": "2.0",
    "infoTag": "",
    "referenceCount": 0,
    "references": [],
    "isActivatedByVsmart": false
  },
  {
    "listId": "952c728b-aeec-4f60-b53d-4bbc7ab1de4d",
    "name": "office365_apps",
    "type": "app",
    "description": "SaaS App List for Office365",
    "entries": [
      {
        "app": "ms-live-accounts"
      },
      {
        "app": "ms-lync"
      },
      {
        "app": "ms-lync-audio"
      },
      {
        "app": "ms-lync-control"
      },
      {
        "app": "ms-lync-video"
      },
      {
        "app": "ms-office-365"
      },
      {
        "app": "ms-office-web-apps"
      },
      {
        "app": "ms-services"
      },
      {
        "app": "ms-teams"
      },
      {
        "app": "ms-teams-audio"
      },
      {
        "app": "ms-teams-media"
      },
      {
        "app": "ms-teams-video"
      },
      {
        "app": "ms-update"
      },
      {
        "app": "outlook-web-service"
      },
      {
        "app": "share-point"
      },
      {
        "app": "skydrive"
      },
      {
        "app": "skype"
      }
    ],
    "lastUpdated": 1605914011459,
    "owner": "system",
    "readOnly": true,
    "version": "3.0",
    "infoTag": "",
    "referenceCount": 0,
    "references": [],
    "isActivatedByVsmart": false
  },
  {
    "listId": "536061e5-5573-4192-8221-a725892ae677",
    "name": "intuit_apps",
    "type": "app",
    "description": "SaaS App List for Intuit",
    "entries": [
      {
        "app": "intuit"
      }
    ],
    "lastUpdated": 1605914011560,
    "owner": "system",
    "readOnly": true,
    "version": "3.0",
    "infoTag": "",
    "referenceCount": 0,
    "references": [],
    "isActivatedByVsmart": false
  },
  {
    "listId": "956ce0f1-6436-452c-b76a-a21021e4acf4",
    "name": "APP_BULK_DATA",
    "type": "app",
    "description": "Bulk Data Applications List",
    "entries": [
      {
        "app": "ftp"
      },
      {
        "app": "ftp-data"
      },
      {
        "app": "cisco-jabber-im"
      },
      {
        "app": "netblt"
      },
      {
        "app": "rsync"
      }
    ],
    "lastUpdated": 1620836776737,
    "owner": "system",
    "readOnly": true,
    "version": "1.0",
    "infoTag": "",
    "referenceCount": 0,
    "references": [],
    "isActivatedByVsmart": false
  },
  {
    "listId": "a1c69500-3d20-4eee-ae6b-7dbfc5eae3a1",
    "name": "APP_Scavengers",
    "type": "app",
    "description": "Scavengers Applications List",
    "entries": [
      {
        "app": "apple-updates"
      },
      {
        "app": "apple-services"
      },
      {
        "app": "twitter"
      },
      {
        "app": "instagram"
      },
      {
        "app": "youtube"
      },
      {
        "app": "amazon-instant-video"
      }
    ],
    "lastUpdated": 1620836775901,
    "owner": "system",
    "readOnly": true,
    "version": "1.0",
    "infoTag": "",
    "referenceCount": 0,
    "references": [],
    "isActivatedByVsmart": false
  },
  {
    "listId": "428b13a1-7d73-4ec3-8c8d-0fc717107f8c",
    "name": "VIDEO_CONF",
    "type": "app",
    "description": "Video Conference Applications List",
    "entries": [
      {
        "app": "rtp"
      }
    ],
    "lastUpdated": 1620836777497,
    "owner": "system",
    "readOnly": true,
    "version": "1.0",
    "infoTag": "",
    "referenceCount": 0,
    "references": [],
    "isActivatedByVsmart": false
  },
  {
    "listId": "04816b20-4ef6-4b5a-8602-6e0e3fd0ad7a",
    "name": "WEB_TOOLS_APP",
    "type": "app",
    "description": "Web Tools Applications List",
    "entries": [
      {
        "app": "http"
      },
      {
        "app": "https"
      },
      {
        "app": "sshell"
      }
    ],
    "lastUpdated": 1620836777637,
    "owner": "system",
    "readOnly": true,
    "version": "1.0",
    "infoTag": "",
    "referenceCount": 0,
    "references": [],
    "isActivatedByVsmart": false
  }
]