[
  {
    "listId": "6463ac87-87b4-4b0c-a4c5-5478b7327245",
    "name": "Yahoo",
    "type": "localApp",
    "description": "Local App List for Yahoo",
    "entries": [
      {
        "app": "yahoo"
      },
      {
        "app": "yahoo-messenger-video"
      }
    ],
    "lastUpdated": 1620836776212,
    "owner": "system",
    "readOnly": true,
    "version": "1.0",
    "infoTag": "",
    "referenceCount": 0,
    "references": [],
    "isActivatedByVsmart": false
  },
  {
    "listId": "a16f2dc6-eb89-4578-b15b-3b4badd6c871",
    "name": "ICMP",
    "type": "localApp",
    "description": "Local App List for ICMP",
    "entries": [
      {
        "app": "icmp"
      }
    ],
    "lastUpdated": 1620836777279,
    "owner": "system",
    "readOnly": true,
    "version": "1.0",
    "infoTag": "",
    "referenceCount": 0,
    "references": [],
    "isActivatedByVsmart": false
  },
  {
    "listId": "86e15acf-9aae-42d4-99db-6142810b6460",
    "name": "Browsing",
    "type": "localApp",
    "description": "Local App List for Browsing",
    "entries": [
      {
        "app": "netflix"
      }
    ],
    "lastUpdated": 1620836775603,
    "owner": "system",
    "readOnly": true,
    "version": "1.0",
    "infoTag": "",
    "referenceCount": 0,
    "references": [],
    "isActivatedByVsmart": false
  }
]