{
  "templateName": "Default_Azure_vWAN_C8000V_Template_V01",
  "templateDescription": "Default device template for Azure vWAN C8000V",
  "deviceType": "vedge-C8000V",
  "configType": "template",
  "factoryDefault": true,
  "policyId": "",
  "featureTemplateUidRange": [],
  "connectionPreference": true,
  "connectionPreferenceRequired": true,
  "generalTemplates": [
    {
      "templateId": "e72ce08f-deec-494b-a49a-5a699e387ec7",
      "templateType": "cedge_aaa"
    },
    {
      "templateId": "00df6b2a-5a11-46e8-a31d-d5441ac1fe80",
      "templateType": "cisco_bfd"
    },
    {
      "templateId": "631d5676-986b-4042-9f4f-715d3b9b9b2e",
      "templateType": "cisco_omp"
    },
    {
      "templateId": "39b7acc1-9945-41b5-bc9f-3fcfabf26c26",
      "templateType": "cisco_security"
    },
    {
      "templateId": "814d193f-36cb-47a7-b387-91329c6e1d1f",
      "templateType": "cisco_system",
      "subTemplates": [
        {
          "templateId": "35895912-143d-4591-94e1-2cd9b4a8731e",
          "templateType": "cisco_logging"
        }
      ]
    },
    {
      "templateId": "fe896287-f910-45aa-8130-91f498ec9d8b",
      "templateType": "cisco_vpn",
      "subTemplates": [
        {
          "templateId": "82f17783-2040-42da-bf13-705d4c9b3215",
          "templateType": "cisco_vpn_interface"
        },
        {
          "templateId": "98cf99a1-bf5f-47b4-bdf6-8e1c989a0f22",
          "templateType": "cisco_vpn_interface"
        }
      ]
    },
    {
      "templateId": "e2635e8d-c2cf-4d63-9f51-426f46297d24",
      "templateType": "cisco_vpn"
    },
    {
      "templateId": "9ab2fd48-4adc-4711-a8b0-cf2b39e65cce",
      "templateType": "cedge_global"
    }
  ],
  "templateClass": "cedge",
  "templateId": "a73128f3-ac5b-4115-82ae-4b47b9300a86",
  "deviceRole": "sdwan-edge",
  "draftMode": false
}