{
  "templateName": "Default_BOOTSTRAP_STATIC_8000V_Template_V01",
  "templateDescription": "Default device template for AWS TGW C8000V",
  "deviceType": "vedge-C8000V",
  "configType": "template",
  "factoryDefault": true,
  "policyId": "",
  "featureTemplateUidRange": [],
  "connectionPreference": true,
  "connectionPreferenceRequired": true,
  "generalTemplates": [
    {
      "templateId": "e72ce08f-deec-494b-a49a-5a699e387ec7",
      "templateType": "cedge_aaa"
    },
    {
      "templateId": "00df6b2a-5a11-46e8-a31d-d5441ac1fe80",
      "templateType": "cisco_bfd"
    },
    {
      "templateId": "3678bf2a-1f4c-47be-b23b-2996e9d6d718",
      "templateType": "cisco_omp"
    },
    {
      "templateId": "39b7acc1-9945-41b5-bc9f-3fcfabf26c26",
      "templateType": "cisco_security"
    },
    {
      "templateId": "1ba4eccc-16c7-49f8-9380-dedf9bfeffe5",
      "templateType": "cisco_system",
      "subTemplates": [
        {
          "templateId": "35895912-143d-4591-94e1-2cd9b4a8731e",
          "templateType": "cisco_logging"
        }
      ]
    },
    {
      "templateId": "1edded5c-8211-4ab6-bee7-7ebae551b9f2",
      "templateType": "cisco_vpn",
      "subTemplates": [
        {
          "templateId": "a31f296e-aec6-4aa5-98be-e3c9eb521d3f",
          "templateType": "cisco_vpn_interface"
        }
      ]
    },
    {
      "templateId": "12da547f-b526-4c00-a9d9-7ab77fbff658",
      "templateType": "cisco_vpn"
    },
    {
      "templateId": "9ab2fd48-4adc-4711-a8b0-cf2b39e65cce",
      "templateType": "cedge_global"
    }
  ],
  "templateClass": "cedge",
  "templateId": "930d3495-b140-4ac6-b2d4-23057cd780bf",
  "deviceRole": "sdwan-edge",
  "draftMode": false
}