{
  "templateName": "Default_BOOTSTRAP_DHCP_8000V_Template_V01",
  "templateDescription": "Default device template for onboarding C8000V devices with dhcp configurations",
  "deviceType": "vedge-C8000V",
  "configType": "template",
  "factoryDefault": true,
  "policyId": "",
  "featureTemplateUidRange": [],
  "connectionPreference": true,
  "connectionPreferenceRequired": true,
  "generalTemplates": [
    {
      "templateId": "e72ce08f-deec-494b-a49a-5a699e387ec7",
      "templateType": "cedge_aaa"
    },
    {
      "templateId": "00df6b2a-5a11-46e8-a31d-d5441ac1fe80",
      "templateType": "cisco_bfd"
    },
    {
      "templateId": "3678bf2a-1f4c-47be-b23b-2996e9d6d718",
      "templateType": "cisco_omp"
    },
    {
      "templateId": "39b7acc1-9945-41b5-bc9f-3fcfabf26c26",
      "templateType": "cisco_security"
    },
    {
      "templateId": "1ba4eccc-16c7-49f8-9380-dedf9bfeffe5",
      "templateType": "cisco_system",
      "subTemplates": [
        {
          "templateId": "35895912-143d-4591-94e1-2cd9b4a8731e",
          "templateType": "cisco_logging"
        }
      ]
    },
    {
      "templateId": "57b0c38c-2c81-4d87-8e3d-45ac9af0c6f0",
      "templateType": "cisco_vpn",
      "subTemplates": [
        {
          "templateId": "9db0cc91-9f3a-4631-9484-65a905c0ef3d",
          "templateType": "cisco_vpn_interface"
        }
      ]
    },
    {
      "templateId": "12da547f-b526-4c00-a9d9-7ab77fbff658",
      "templateType": "cisco_vpn"
    },
    {
      "templateId": "1ba4eccc-16c7-49f8-9380-dedf9bfeffe5",
      "templateType": "cedge_global"
    }
  ],
  "templateClass": "cedge",
  "templateId": "a0685e8c-4e49-49c6-8d5f-67ddd3ff1017",
  "deviceRole": "sdwan-edge",
  "draftMode": false
}