{
  "templateName": "Factory_Default_DC1_HUB",
  "templateDescription": "Factory Default DC1 HUB for CSR C8000V",
  "deviceType": "vedge-C8000V",
  "configType": "template",
  "factoryDefault": true,
  "policyId": "",
  "featureTemplateUidRange": [],
  "connectionPreferenceRequired": true,
  "connectionPreference": true,
  "generalTemplates": [
    {
      "templateId": "e72ce08f-deec-494b-a49a-5a699e387ec7",
      "templateType": "cedge_aaa"
    },
    {
      "templateId": "5cc2d132-10db-444a-9033-10d5742bce63",
      "templateType": "cisco_bfd"
    },
    {
      "templateId": "34e61b32-226e-4e68-9abd-b9d43f2d26aa",
      "templateType": "cisco_omp"
    },
    {
      "templateId": "39b7acc1-9945-41b5-bc9f-3fcfabf26c26",
      "templateType": "cisco_security"
    },
    {
      "templateId": "f8ea8937-2813-4880-aad9-b05e136e02e6",
      "templateType": "cisco_system",
      "subTemplates": [
        {
          "templateId": "35895912-143d-4591-94e1-2cd9b4a8731e",
          "templateType": "cisco_logging"
        }
      ]
    },
    {
      "templateId": "659fb968-ddba-44e3-9c78-f4101b3f6e56",
      "templateType": "cisco_vpn",
      "subTemplates": [
        {
          "templateId": "97306a45-64a3-4638-8ccd-1aa3b1d9e8a0",
          "templateType": "cisco_vpn_interface"
        },
        {
          "templateId": "1c64fe9f-7fe6-4b19-a942-265e55ffdff3",
          "templateType": "cisco_vpn_interface"
        }
      ]
    },
    {
      "templateId": "12da547f-b526-4c00-a9d9-7ab77fbff658",
      "templateType": "cisco_vpn"
    },
    {
      "templateId": "1c83c22c-fe59-487c-9b97-aa9ac15dfad9",
      "templateType": "cisco_vpn",
      "subTemplates": [
        {
          "templateId": "affb8856-357f-4569-aad1-c986307f7f4e",
          "templateType": "cisco_vpn_interface",
          "subTemplates": [
            {
              "templateId": "bcc03706-2410-4590-926b-65f4ee5aa3ba",
              "templateType": "cisco_dhcp_server"
            }
          ]
        }
      ]
    },
    {
      "templateId": "b3664d54-d64a-4b1a-97a6-49caf64ecded",
      "templateType": "cisco_vpn",
      "subTemplates": [
        {
          "templateId": "168df545-8889-4737-ba6b-74ceffd1721c",
          "templateType": "cisco_vpn_interface"
        }
      ]
    },
    {
      "templateId": "b309ffce-1595-4816-8b7f-1585d60c6ac5",
      "templateType": "cisco_vpn",
      "subTemplates": [
        {
          "templateId": "81bce4db-9289-443a-a9e0-128a136a7153",
          "templateType": "cisco_vpn_interface"
        }
      ]
    },
    {
      "templateId": "9ab2fd48-4adc-4711-a8b0-cf2b39e65cce",
      "templateType": "cedge_global"
    },
    {
      "templateId": "530dc7cb-7ae0-42f8-9b9b-e622ca5a6850",
      "templateType": "cisco_banner"
    }
  ],
  "templateClass": "cedge",
  "deviceRole": "sdwan-edge",
  "templateId": "f7bf134a-57f5-4e31-beaa-be7c8d562ce9",
  "draftMode": false
}