{
  "templateName": "Factory_Default_C1111_8PLTELA_V01",
  "templateDescription": "Factory Default template for C1111-8PLTELA",
  "deviceType": "vedge-C1111-8PLTELA",
  "configType": "template",
  "factoryDefault": true,
  "policyId": "",
  "featureTemplateUidRange": [],
  "connectionPreferenceRequired": true,
  "connectionPreference": true,
  "generalTemplates": [
    {
      "templateId": "e72ce08f-deec-494b-a49a-5a699e387ec7",
      "templateType": "cedge_aaa"
    },
    {
      "templateId": "00df6b2a-5a11-46e8-a31d-d5441ac1fe80",
      "templateType": "cisco_bfd"
    },
    {
      "templateId": "99d0f38e-64d6-4fb1-8e18-107ab88823f4",
      "templateType": "cisco_omp"
    },
    {
      "templateId": "39b7acc1-9945-41b5-bc9f-3fcfabf26c26",
      "templateType": "cisco_security"
    },
    {
      "templateId": "814d193f-36cb-47a7-b387-91329c6e1d1f",
      "templateType": "cisco_system",
      "subTemplates": [
        {
          "templateId": "35895912-143d-4591-94e1-2cd9b4a8731e",
          "templateType": "cisco_logging"
        }
      ]
    },
    {
      "templateId": "0b3bd764-69a9-47f7-858e-3ea174defde5",
      "templateType": "cisco_vpn",
      "subTemplates": [
        {
          "templateId": "7800a5a3-d47b-4be7-a738-b8e60056d6ec",
          "templateType": "cisco_vpn_interface"
        }
      ]
    },
    {
      "templateId": "eaf8d3a9-aa69-4552-8eaf-4789821480e8",
      "templateType": "cisco_vpn",
      "subTemplates": [
        {
          "templateId": "3fa203e3-16b8-4e1e-a938-6af551e10963",
          "templateType": "vpn-interface-svi"
        }
      ]
    },
    {
      "templateId": "a503d8fa-8bf9-43d0-aa5e-7f28579693d7",
      "templateType": "cisco_vpn",
      "subTemplates": [
        {
          "templateId": "9004320a-7ba1-4a67-ac7c-1e2f38977c3d",
          "templateType": "cisco_vpn_interface"
        }
      ]
    },
    {
      "templateId": "9ab2fd48-4adc-4711-a8b0-cf2b39e65cce",
      "templateType": "cedge_global"
    },
    {
      "templateId": "4d992a16-85fc-444f-ab0b-f6ba059e1ca7",
      "templateType": "cellular-cedge-controller"
    },
    {
      "templateId": "280ed737-869b-4ddc-82d2-22148e9413a3",
      "templateType": "switchport"
    }
  ],
  "templateClass": "cedge",
  "templateId": "8d8c5c30-d866-4121-90ac-f24472fc25b8",
  "deviceRole": "sdwan-edge",
  "draftMode": false
}