{
  "templateName": "Factory_Default_ISR_4331_V01",
  "templateDescription": "Factory Default template for ISR4331 device",
  "deviceType": "vedge-ISR-4331",
  "configType": "template",
  "factoryDefault": true,
  "policyId": "",
  "featureTemplateUidRange": [],
  "connectionPreferenceRequired": true,
  "connectionPreference": true,
  "generalTemplates": [
    {
      "templateId": "e72ce08f-deec-494b-a49a-5a699e387ec7",
      "templateType": "cedge_aaa"
    },
    {
      "templateId": "00df6b2a-5a11-46e8-a31d-d5441ac1fe80",
      "templateType": "cisco_bfd"
    },
    {
      "templateId": "99d0f38e-64d6-4fb1-8e18-107ab88823f4",
      "templateType": "cisco_omp"
    },
    {
      "templateId": "39b7acc1-9945-41b5-bc9f-3fcfabf26c26",
      "templateType": "cisco_security"
    },
    {
      "templateId": "814d193f-36cb-47a7-b387-91329c6e1d1f",
      "templateType": "cisco_system",
      "subTemplates": [
        {
          "templateId": "35895912-143d-4591-94e1-2cd9b4a8731e",
          "templateType": "cisco_logging"
        }
      ]
    },
    {
      "templateId": "eaf8d3a9-aa69-4552-8eaf-4789821480e8",
      "templateType": "cisco_vpn",
      "subTemplates": [
        {
          "templateId": "544be1c5-5c50-45fc-9f74-b3bebc104611",
          "templateType": "cisco_vpn_interface"
        },
        {
          "templateId": "4b97080a-176d-41a1-8a4e-46d676ec9b71",
          "templateType": "cisco_vpn_interface"
        }
      ]
    },
    {
      "templateId": "0b3bd764-69a9-47f7-858e-3ea174defde5",
      "templateType": "cisco_vpn",
      "subTemplates": [
        {
          "templateId": "a5d8a588-463e-4bdd-b6bf-d093995eeace",
          "templateType": "cisco_vpn_interface"
        }
      ]
    },
    {
      "templateId": "a503d8fa-8bf9-43d0-aa5e-7f28579693d7",
      "templateType": "cisco_vpn",
      "subTemplates": [
        {
          "templateId": "9eadcf3f-38a2-47e5-9b32-5fe922f6f2f5",
          "templateType": "cisco_vpn_interface"
        }
      ]
    },
    {
      "templateId": "9ab2fd48-4adc-4711-a8b0-cf2b39e65cce",
      "templateType": "cedge_global"
    }
  ],
  "templateClass": "cedge",
  "templateId": "422dbfe5-7fbb-422b-a0e1-0792cb346f13",
  "deviceRole": "sdwan-edge",
  "draftMode": false
}