{
  "templateName": "Factory_Default_C8000V_V01",
  "templateDescription": "Factory Default template for  C8000V",
  "deviceType": "vedge-C8000V",
  "configType": "template",
  "factoryDefault": true,
  "policyId": "",
  "featureTemplateUidRange": [],
  "connectionPreference": true,
  "connectionPreferenceRequired": true,
  "generalTemplates": [
    {
      "templateType": "cedge_aaa",
      "templateId": "e72ce08f-deec-494b-a49a-5a699e387ec7"
    },
    {
      "templateType": "cisco_system",
      "subTemplates": [
        {
          "templateType": "cisco_logging",
          "templateId": "35895912-143d-4591-94e1-2cd9b4a8731e"
        }
      ],
      "templateId": "814d193f-36cb-47a7-b387-91329c6e1d1f"
    },
    {
      "templateType": "cedge_aaa",
      "templateId": "e72ce08f-deec-494b-a49a-5a699e387ec7"
    },
    {
      "templateType": "cisco_ntp",
      "templateId": "4e102be2-6516-4d3d-a987-312885791f5c"
    },
    {
      "templateType": "cisco_logging",
      "templateId": "35895912-143d-4591-94e1-2cd9b4a8731e"
    },
    {
      "templateType": "cedge_global",
      "templateId": "9ab2fd48-4adc-4711-a8b0-cf2b39e65cce"
    },
    {
      "templateType": "cisco_bfd",
      "templateId": "00df6b2a-5a11-46e8-a31d-d5441ac1fe80"
    },
    {
      "templateType": "cisco_omp",
      "templateId": "99d0f38e-64d6-4fb1-8e18-107ab88823f4"
    },
    {
      "templateType": "cisco_security",
      "templateId": "39b7acc1-9945-41b5-bc9f-3fcfabf26c26"
    },
    {
      "templateType": "cisco_vpn",
      "subTemplates": [
        {
          "templateType": "cisco_vpn_interface",
          "templateId": "1d808786-6293-46a7-a83e-97d173e816d0"
        },
        {
          "templateType": "cisco_vpn_interface",
          "templateId": "54085fa2-e476-4de7-bf5e-2b50053f4d1d"
        },
        {
          "templateType": "cisco_vpn_interface",
          "templateId": "8489ce26-035a-42f5-8a15-4293506ce21c"
        },
        {
          "templateType": "cisco_vpn_interface",
          "templateId": "d5a93188-fd2c-4135-ba41-63cf3925a704"
        },
        {
          "templateType": "cisco_vpn_interface",
          "templateId": "acd18edf-6696-4bf3-ba34-04fbdb165abe"
        },
        {
          "templateType": "cisco_vpn_interface",
          "templateId": "bfe38ec2-3d62-49c4-bf43-cf2491de27ef"
        }
      ],
      "templateId": "eaf8d3a9-aa69-4552-8eaf-4789821480e8"
    },
    {
      "templateType": "cisco_vpn",
      "subTemplates": [
        {
          "templateType": "cisco_vpn_interface",
          "templateId": "9eadcf3f-38a2-47e5-9b32-5fe922f6f2f5"
        },
        {
          "templateType": "cisco_vpn_interface",
          "templateId": "5b0582b8-8538-489c-b130-b00677cb3522"
        },
        {
          "templateType": "cisco_vpn_interface",
          "templateId": "4e5a694d-8459-419d-b58c-38ecfcc29dee"
        }
      ],
      "templateId": "a503d8fa-8bf9-43d0-aa5e-7f28579693d7"
    },
    {
      "templateType": "cisco_vpn",
      "templateId": "0b3bd764-69a9-47f7-858e-3ea174defde5"
    }
  ],
  "templateClass": "cedge",
  "templateId": "48e56ea1-5d69-42aa-9954-d95ee3da6f10",
  "deviceRole": "sdwan-edge",
  "draftMode": false
}