{
  "templateId": "0f96084b-b229-4fc1-9377-4c4b4e0f49d7",
  "templateName": "LAS",
  "templateDescription": "Las Vegas",
  "deviceType": "vedge-C1111X-8P",
  "deviceRole": "sdwan-edge",
  "configType": "template",
  "factoryDefault": false,
  "policyId": "",
  "featureTemplateUidRange": [],
  "connectionPreferenceRequired": true,
  "connectionPreference": true,
  "generalTemplates": [
    {
      "templateId": "95f5ef93-2f92-4bbf-800d-0215cdcf7d21",
      "templateType": "cedge_aaa"
    },
    {
      "templateId": "331bc20a-d356-4d43-acb5-bfb598cb8d29",
      "templateType": "cisco_bfd"
    },
    {
      "templateId": "3f2d7b8f-d155-4faa-9b29-e55cd9830e96",
      "templateType": "cisco_omp"
    },
    {
      "templateId": "154ac3ff-34e9-4c2f-ba22-bb3d03b98ee7",
      "templateType": "cisco_security"
    },
    {
      "templateId": "cd477e62-0c0e-41ae-9d7e-db570a9681d8",
      "templateType": "cisco_system",
      "subTemplates": [
        {
          "templateId": "973ea612-8375-4ca8-b63e-b1b308614d8f",
          "templateType": "cisco_logging"
        }
      ]
    },
    {
      "templateId": "19a51d15-59e9-4a11-b186-040e4715450f",
      "templateType": "cisco_vpn",
      "subTemplates": [
        {
          "templateId": "c4d67da5-292e-45ed-aba3-52cca0d9918a",
          "templateType": "cisco_vpn_interface"
        },
        {
          "templateId": "f9843a77-08b0-43c2-8e7a-7abf7daee20a",
          "templateType": "cisco_vpn_interface"
        }
      ]
    },
    {
      "templateId": "09d483e1-2020-45a6-9252-f90dff2381b5",
      "templateType": "cisco_vpn"
    },
    {
      "templateId": "4a119fc1-d384-4266-ad2c-61a7d9d7b259",
      "templateType": "cisco_vpn",
      "subTemplates": [
        {
          "templateId": "62c8f546-74d7-49a9-aae5-d991bfa88f4b",
          "templateType": "vpn-interface-svi"
        }
      ]
    },
    {
      "templateId": "9ab2fd48-4adc-4711-a8b0-cf2b39e65cce",
      "templateType": "cedge_global"
    },
    {
      "templateId": "10de3820-2cab-4711-8bb6-7208d630bc0f",
      "templateType": "switchport"
    }
  ],
  "templateClass": "cedge",
  "draftMode": false
}