{
  "templateId": "7bb8711c-d477-4575-b8df-a907a42cb889",
  "templateName": "MEX",
  "templateDescription": "Mexico City 4331 Edges",
  "deviceType": "vedge-ISR-4331",
  "configType": "template",
  "factoryDefault": false,
  "policyId": "",
  "featureTemplateUidRange": [],
  "connectionPreferenceRequired": true,
  "connectionPreference": true,
  "generalTemplates": [
    {
      "templateId": "c9b784e3-b2f3-46e4-9feb-013c011509b1",
      "templateType": "cedge_aaa"
    },
    {
      "templateId": "00df6b2a-5a11-46e8-a31d-d5441ac1fe80",
      "templateType": "cisco_bfd"
    },
    {
      "templateId": "3f2d7b8f-d155-4faa-9b29-e55cd9830e96",
      "templateType": "cisco_omp"
    },
    {
      "templateId": "39b7acc1-9945-41b5-bc9f-3fcfabf26c26",
      "templateType": "cisco_security"
    },
    {
      "templateId": "8adf28c9-e4ab-4b6d-b9ff-6ef635671557",
      "templateType": "cisco_system",
      "subTemplates": [
        {
          "templateId": "35895912-143d-4591-94e1-2cd9b4a8731e",
          "templateType": "cisco_logging"
        }
      ]
    },
    {
      "templateId": "7523a080-b1f6-45d4-89d0-502a7d30cc9c",
      "templateType": "cisco_vpn",
      "subTemplates": [
        {
          "templateId": "3ad0df94-f075-44d5-a5ba-addd3cf38f8a",
          "templateType": "cisco_vpn_interface"
        },
        {
          "templateId": "dafd14c7-59c1-4f32-b986-0913e057f001",
          "templateType": "cisco_vpn_interface"
        }
      ]
    },
    {
      "templateId": "32668723-7703-42c8-85b6-09c8d6096bd0",
      "templateType": "cisco_vpn",
      "subTemplates": [
        {
          "templateId": "943f95dd-0925-48ae-9e63-99f2e5440d20",
          "templateType": "cisco_vpn_interface"
        }
      ]
    },
    {
      "templateId": "664054be-33a6-4ae4-bc7f-be540e36c50f",
      "templateType": "cisco_vpn",
      "subTemplates": [
        {
          "templateId": "7f8ff204-4844-455e-8643-4567fe7cf870",
          "templateType": "cisco_bgp"
        },
        {
          "templateId": "df5b1ed0-a53f-4aa0-b4f4-435d4dc64d85",
          "templateType": "cisco_vpn_interface"
        }
      ]
    },
    {
      "templateId": "9ab2fd48-4adc-4711-a8b0-cf2b39e65cce",
      "templateType": "cedge_global"
    }
  ],
  "templateClass": "cedge",
  "deviceRole": "sdwan-edge",
  "draftMode": false
}