{
  "templateId": "8e765610-1c63-4994-84dc-3c2ed53b281f",
  "templateName": "MIA2",
  "templateDescription": "MIami Edge 2",
  "deviceType": "vedge-C1111X-8P",
  "deviceRole": "sdwan-edge",
  "configType": "template",
  "factoryDefault": false,
  "policyId": "",
  "featureTemplateUidRange": [],
  "connectionPreferenceRequired": true,
  "connectionPreference": true,
  "generalTemplates": [
    {
      "templateId": "95f5ef93-2f92-4bbf-800d-0215cdcf7d21",
      "templateType": "cedge_aaa"
    },
    {
      "templateId": "331bc20a-d356-4d43-acb5-bfb598cb8d29",
      "templateType": "cisco_bfd"
    },
    {
      "templateId": "3f2d7b8f-d155-4faa-9b29-e55cd9830e96",
      "templateType": "cisco_omp"
    },
    {
      "templateId": "154ac3ff-34e9-4c2f-ba22-bb3d03b98ee7",
      "templateType": "cisco_security"
    },
    {
      "templateId": "cd477e62-0c0e-41ae-9d7e-db570a9681d8",
      "templateType": "cisco_system",
      "subTemplates": [
        {
          "templateId": "973ea612-8375-4ca8-b63e-b1b308614d8f",
          "templateType": "cisco_logging"
        }
      ]
    },
    {
      "templateId": "19a51d15-59e9-4a11-b186-040e4715450f",
      "templateType": "cisco_vpn",
      "subTemplates": [
        {
          "templateId": "00750c5a-37d3-4fe8-a0f8-dcdb386abfaa",
          "templateType": "cisco_vpn_interface"
        },
        {
          "templateId": "a190d4a2-46c8-4051-b7d6-4089d112800b",
          "templateType": "cisco_vpn_interface"
        },
        {
          "templateId": "6733667a-e36d-4282-b8ae-252d9cad2653",
          "templateType": "cisco_vpn_interface"
        }
      ]
    },
    {
      "templateId": "09d483e1-2020-45a6-9252-f90dff2381b5",
      "templateType": "cisco_vpn"
    },
    {
      "templateId": "4a119fc1-d384-4266-ad2c-61a7d9d7b259",
      "templateType": "cisco_vpn",
      "subTemplates": [
        {
          "templateId": "36806be4-2a32-4b79-9fa6-91eea339cffe",
          "templateType": "vpn-interface-svi"
        }
      ]
    },
    {
      "templateId": "9ab2fd48-4adc-4711-a8b0-cf2b39e65cce",
      "templateType": "cedge_global"
    },
    {
      "templateId": "10de3820-2cab-4711-8bb6-7208d630bc0f",
      "templateType": "switchport"
    }
  ],
  "templateClass": "cedge",
  "draftMode": false
}