{
  "templateId": "fa939e68-2287-4dfc-b400-98a1099809c7",
  "templateName": "PHL-8000v-Edge-1",
  "templateDescription": "PHL-8000v-Edge-1",
  "deviceType": "vedge-C8000V",
  "deviceRole": "sdwan-edge",
  "configType": "template",
  "factoryDefault": false,
  "policyId": "",
  "featureTemplateUidRange": [],
  "connectionPreferenceRequired": true,
  "connectionPreference": true,
  "generalTemplates": [
    {
      "templateId": "d5b6fda6-a9e1-4d01-ad36-727feee5b2bc",
      "templateType": "cedge_aaa"
    },
    {
      "templateId": "00df6b2a-5a11-46e8-a31d-d5441ac1fe80",
      "templateType": "cisco_bfd"
    },
    {
      "templateId": "3678bf2a-1f4c-47be-b23b-2996e9d6d718",
      "templateType": "cisco_omp"
    },
    {
      "templateId": "39b7acc1-9945-41b5-bc9f-3fcfabf26c26",
      "templateType": "cisco_security"
    },
    {
      "templateId": "f0cf0b0c-8aa1-451b-9038-031ebcdee8fd",
      "templateType": "cisco_system",
      "subTemplates": [
        {
          "templateId": "35895912-143d-4591-94e1-2cd9b4a8731e",
          "templateType": "cisco_logging"
        },
        {
          "templateId": "475b2a0d-d41d-448d-902f-87fd92294ab8",
          "templateType": "cisco_ntp"
        }
      ]
    },
    {
      "templateId": "3c3adfca-f2db-41a2-a565-2532ae8905c7",
      "templateType": "cisco_vpn",
      "subTemplates": [
        {
          "templateId": "c7bb35d2-f392-4944-8f0e-d423518d237a",
          "templateType": "cisco_vpn_interface"
        },
        {
          "templateId": "859f7b02-81af-4f98-8c8e-9d0e96437dcf",
          "templateType": "cisco_vpn_interface"
        }
      ]
    },
    {
      "templateId": "68e8adae-2bd5-4357-8e78-85502a7636f8",
      "templateType": "cisco_vpn"
    },
    {
      "templateId": "d11b6d14-df52-4d55-ac11-fe4f4c31d865",
      "templateType": "cisco_vpn",
      "subTemplates": [
        {
          "templateId": "eed24857-bf27-411f-9e4f-130da7d36774",
          "templateType": "cisco_bgp"
        },
        {
          "templateId": "4b25d5b9-339d-4bed-b134-eed27b88c3c9",
          "templateType": "cisco_vpn_interface"
        }
      ]
    },
    {
      "templateId": "9ab2fd48-4adc-4711-a8b0-cf2b39e65cce",
      "templateType": "cedge_global"
    },
    {
      "templateId": "530dc7cb-7ae0-42f8-9b9b-e622ca5a6850",
      "templateType": "cisco_banner"
    }
  ],
  "templateClass": "cedge",
  "draftMode": false
}