{
  "templateId": "8535fdc3-061e-4e81-97d1-d40414e516d3",
  "templateName": "Stage1_1k_Single_DHCP_Transport1_with_TLOC",
  "templateDescription": "Single transport template for 1k devices - TLOC extension and DHCP WAN",
  "deviceType": "vedge-C1111X-8P",
  "deviceRole": "sdwan-edge",
  "configType": "template",
  "factoryDefault": false,
  "policyId": "",
  "featureTemplateUidRange": [],
  "connectionPreferenceRequired": true,
  "connectionPreference": true,
  "generalTemplates": [
    {
      "templateId": "e72ce08f-deec-494b-a49a-5a699e387ec7",
      "templateType": "cedge_aaa"
    },
    {
      "templateId": "331bc20a-d356-4d43-acb5-bfb598cb8d29",
      "templateType": "cisco_bfd"
    },
    {
      "templateId": "3f2d7b8f-d155-4faa-9b29-e55cd9830e96",
      "templateType": "cisco_omp"
    },
    {
      "templateId": "154ac3ff-34e9-4c2f-ba22-bb3d03b98ee7",
      "templateType": "cisco_security"
    },
    {
      "templateId": "306166f2-9020-42e5-b018-594e2e8b20e4",
      "templateType": "cisco_system",
      "subTemplates": [
        {
          "templateId": "973ea612-8375-4ca8-b63e-b1b308614d8f",
          "templateType": "cisco_logging"
        }
      ]
    },
    {
      "templateId": "0eeccba1-f166-44cb-a926-c9debdb5fde3",
      "templateType": "cisco_vpn",
      "subTemplates": [
        {
          "templateId": "cdd0d8f7-e68b-45c2-90db-9195b37799c9",
          "templateType": "cisco_vpn_interface"
        },
        {
          "templateId": "92242308-547f-4755-a607-258e137469c2",
          "templateType": "cisco_vpn_interface"
        },
        {
          "templateId": "2c1616f6-eb02-4023-a6d9-1983f45ed9ca",
          "templateType": "cisco_vpn_interface"
        }
      ]
    },
    {
      "templateId": "09d483e1-2020-45a6-9252-f90dff2381b5",
      "templateType": "cisco_vpn"
    },
    {
      "templateId": "de27f31c-50fa-4f2e-9066-2075e97caff5",
      "templateType": "cisco_vpn",
      "subTemplates": [
        {
          "templateId": "3e123950-1cdd-4db8-b554-2cd597c78d9f",
          "templateType": "vpn-interface-svi",
          "subTemplates": [
            {
              "templateId": "801bf562-68b4-4fef-b013-a1c1b5ceb308",
              "templateType": "cisco_dhcp_server"
            }
          ]
        }
      ]
    },
    {
      "templateId": "9ab2fd48-4adc-4711-a8b0-cf2b39e65cce",
      "templateType": "cedge_global"
    },
    {
      "templateId": "b67151e3-0e73-44ab-8946-25c9f68866f0",
      "templateType": "switchport"
    }
  ],
  "templateClass": "cedge",
  "draftMode": false
}