{
  "templateId": "abd358d5-9ba6-4b33-ad22-5005386e5400",
  "templateName": "Stage1_4k_Dual_Transport_Static_and_Static",
  "templateDescription": "Dual transport template for 4k devices - 2 Static WAN",
  "deviceType": "vedge-ISR-4331",
  "deviceRole": "sdwan-edge",
  "configType": "template",
  "factoryDefault": false,
  "policyId": "",
  "featureTemplateUidRange": [],
  "connectionPreferenceRequired": true,
  "connectionPreference": true,
  "generalTemplates": [
    {
      "templateId": "e72ce08f-deec-494b-a49a-5a699e387ec7",
      "templateType": "cedge_aaa"
    },
    {
      "templateId": "00df6b2a-5a11-46e8-a31d-d5441ac1fe80",
      "templateType": "cisco_bfd"
    },
    {
      "templateId": "3f2d7b8f-d155-4faa-9b29-e55cd9830e96",
      "templateType": "cisco_omp"
    },
    {
      "templateId": "39b7acc1-9945-41b5-bc9f-3fcfabf26c26",
      "templateType": "cisco_security"
    },
    {
      "templateId": "22f05046-eb65-47b9-a1a8-1ca29762f0c1",
      "templateType": "cisco_system",
      "subTemplates": [
        {
          "templateId": "35895912-143d-4591-94e1-2cd9b4a8731e",
          "templateType": "cisco_logging"
        }
      ]
    },
    {
      "templateId": "0eeccba1-f166-44cb-a926-c9debdb5fde3",
      "templateType": "cisco_vpn",
      "subTemplates": [
        {
          "templateId": "fe2e9204-0481-4087-af32-1bf382c2ec92",
          "templateType": "cisco_vpn_interface"
        },
        {
          "templateId": "aa2faf87-aa6a-4a94-a207-cdcfb5d29e49",
          "templateType": "cisco_vpn_interface"
        }
      ]
    },
    {
      "templateId": "09d483e1-2020-45a6-9252-f90dff2381b5",
      "templateType": "cisco_vpn",
      "subTemplates": [
        {
          "templateId": "19789a31-c200-4b0f-88ed-deecea623bec",
          "templateType": "cisco_vpn_interface"
        }
      ]
    },
    {
      "templateId": "de27f31c-50fa-4f2e-9066-2075e97caff5",
      "templateType": "cisco_vpn",
      "subTemplates": [
        {
          "templateId": "939e44fd-9ab4-4e5c-9956-a6389632c448",
          "templateType": "cisco_vpn_interface"
        }
      ]
    },
    {
      "templateId": "9ab2fd48-4adc-4711-a8b0-cf2b39e65cce",
      "templateType": "cedge_global"
    }
  ],
  "templateClass": "cedge",
  "draftMode": false
}