{
  "listId": "aa460f47-5cd0-4d78-a5cb-c7f1d408ec05",
  "name": "amazon_aws_apps",
  "type": "app",
  "description": "SaaS App List for Amazon AWS",
  "entries": [
    {
      "app": "amazon"
    },
    {
      "app": "amazon-web-services"
    },
    {
      "app": "amazon-instant-video"
    },
    {
      "app": "amazon-cloudfront"
    },
    {
      "app": "amazon-ec2"
    },
    {
      "app": "amazon-s3"
    }
  ],
  "lastUpdated": 1605914009940,
  "owner": "system",
  "readOnly": true,
  "version": "3.0",
  "infoTag": "",
  "referenceCount": 0,
  "references": [],
  "isActivatedByVsmart": false
}