{
  "listId": "a1c69500-3d20-4eee-ae6b-7dbfc5eae3a1",
  "name": "APP_Scavengers",
  "type": "app",
  "description": "Scavengers Applications List",
  "entries": [
    {
      "app": "apple-updates"
    },
    {
      "app": "apple-services"
    },
    {
      "app": "twitter"
    },
    {
      "app": "instagram"
    },
    {
      "app": "youtube"
    },
    {
      "app": "amazon-instant-video"
    }
  ],
  "lastUpdated": 1620836775901,
  "owner": "system",
  "readOnly": true,
  "version": "1.0",
  "infoTag": "",
  "referenceCount": 0,
  "references": [],
  "isActivatedByVsmart": false
}