{
  "listId": "7f1918c7-c532-45ea-a2c4-a0f4c4d64254",
  "name": "oracle_apps",
  "type": "app",
  "description": "SaaS App List for Oracle",
  "entries": [
    {
      "app": "oracle"
    },
    {
      "app": "oracle-bi"
    },
    {
      "app": "oracle-ebsuite-unsecured"
    },
    {
      "app": "oracle-sqlnet"
    },
    {
      "app": "oraclenames"
    },
    {
      "app": "oraclenet8cman"
    }
  ],
  "lastUpdated": 1605914009760,
  "owner": "system",
  "readOnly": true,
  "version": "3.1",
  "infoTag": "",
  "referenceCount": 0,
  "references": [],
  "isActivatedByVsmart": false
}