[
  {
    "deviceType": "vedge",
    "serialNumber": "018EAC45",
    "ncsDeviceName": "vedge-C1111X-8P-FGL231690JC",
    "configStatusMessage": "In Sync",
    "templateApplyLog": [
      "[28-Jun-2021 12:46:51 EDT] Sync-from successful"
    ],
    "uuid": "C1111X-8P-FGL231690JC",
    "managementSystemIP": "0.0.0.0",
    "templateStatus": "Success",
    "chasisNumber": "C1111X-8P-FGL231690JC",
    "configStatusMessageDetails": "",
    "configOperationMode": "cli",
    "deviceModel": "vedge-C1111X-8P",
    "deviceState": "READY",
    "validity": "valid",
    "platformFamily": "c1100",
    "vedgeCertificateState": "certinstalled",
    "deviceIP": "100.64.255.6",
    "personality": "vedge",
    "uploadSource": "Smart Account",
    "subjectSerialNumber": "FGL231690JC",
    "local-system-ip": "100.64.255.6",
    "system-ip": "100.64.255.6",
    "model_sku": "None",
    "site-id": "400",
    "host-name": "Training-DFW-1",
    "version": "17.04.01b.0.237",
    "vbond": "100.64.1.141",
    "vmanageConnectionState": "connected",
    "lastupdated": 1624899126148,
    "reachability": "unreachable",
    "uptime-date": 1624853100000,
    "defaultVersion": "17.04.01b.0.237",
    "availableVersions": [],
    "lifeCycleRequired": false,
    "expirationDate": "NA",
    "hardwareCertSerialNumber": "NA"
  },
  {
    "deviceType": "vedge",
    "serialNumber": "010F6856",
    "ncsDeviceName": "vedge-ISR4331/K9-FDO203918BK",
    "configStatusMessage": "In Sync",
    "templateApplyLog": [
      "[28-Jun-2021 15:00:31 EDT] Sync-from successful"
    ],
    "uuid": "ISR4331/K9-FDO203918BK",
    "managementSystemIP": "0.0.0.0",
    "templateStatus": "Success",
    "chasisNumber": "ISR4331/K9-FDO203918BK",
    "configStatusMessageDetails": "",
    "configOperationMode": "cli",
    "deviceModel": "vedge-ISR-4331",
    "deviceState": "READY",
    "validity": "valid",
    "platformFamily": "isr4300",
    "vedgeCertificateState": "certinstalled",
    "rootCertHash": "e86e240d6f5162ce6f10424bc21f0fb64525ee1d",
    "deviceIP": "100.64.255.2",
    "personality": "vedge",
    "uploadSource": "Smart Account",
    "subjectSerialNumber": "FDO203918BK",
    "local-system-ip": "100.64.255.2",
    "system-ip": "100.64.255.2",
    "model_sku": "None",
    "site-id": "100",
    "host-name": "MEX-Edge-2",
    "version": "17.04.01b.0.237",
    "vbond": "64.102.247.137",
    "vmanageConnectionState": "connected",
    "lastupdated": 1624909529675,
    "reachability": "reachable",
    "uptime-date": 1624890720000,
    "defaultVersion": "17.04.01b.0.237",
    "availableVersions": [],
    "lifeCycleRequired": false,
    "expirationDate": "NA",
    "hardwareCertSerialNumber": "NA"
  },
  {
    "deviceType": "vedge",
    "serialNumber": "010F7580",
    "ncsDeviceName": "vedge-ISR4331/K9-FDO203918BC",
    "configStatusMessage": "In Sync",
    "templateApplyLog": [
      "[28-Jun-2021 15:00:28 EDT] Sync-from successful"
    ],
    "uuid": "ISR4331/K9-FDO203918BC",
    "managementSystemIP": "0.0.0.0",
    "templateStatus": "Success",
    "chasisNumber": "ISR4331/K9-FDO203918BC",
    "configStatusMessageDetails": "",
    "configOperationMode": "cli",
    "deviceModel": "vedge-ISR-4331",
    "deviceState": "READY",
    "validity": "valid",
    "platformFamily": "isr4300",
    "vedgeCertificateState": "certinstalled",
    "rootCertHash": "e86e240d6f5162ce6f10424bc21f0fb64525ee1d",
    "deviceIP": "100.64.255.1",
    "personality": "vedge",
    "uploadSource": "Smart Account",
    "subjectSerialNumber": "FDO203918BC",
    "local-system-ip": "100.64.255.1",
    "system-ip": "100.64.255.1",
    "model_sku": "None",
    "site-id": "100",
    "host-name": "MEX-Edge-1",
    "version": "17.04.01b.0.237",
    "vbond": "64.102.247.137",
    "vmanageConnectionState": "connected",
    "lastupdated": 1624909525837,
    "reachability": "reachable",
    "uptime-date": 1624894560000,
    "defaultVersion": "17.04.01b.0.237",
    "availableVersions": [],
    "lifeCycleRequired": false,
    "expirationDate": "NA",
    "hardwareCertSerialNumber": "NA"
  },
  {
    "deviceType": "vedge",
    "serialNumber": "018EA70B",
    "ncsDeviceName": "vedge-C1111X-8P-FGL231690JL",
    "configStatusMessage": "In Sync",
    "templateApplyLog": [
      "[28-Jun-2021 12:47:09 EDT] Sync-from successful"
    ],
    "uuid": "C1111X-8P-FGL231690JL",
    "managementSystemIP": "0.0.0.0",
    "templateStatus": "Success",
    "chasisNumber": "C1111X-8P-FGL231690JL",
    "configStatusMessageDetails": "",
    "configOperationMode": "cli",
    "deviceModel": "vedge-C1111X-8P",
    "deviceState": "READY",
    "validity": "valid",
    "platformFamily": "c1100",
    "vedgeCertificateState": "certinstalled",
    "deviceIP": "100.64.255.7",
    "personality": "vedge",
    "uploadSource": "Smart Account",
    "subjectSerialNumber": "FGL231690JL",
    "local-system-ip": "100.64.255.7",
    "system-ip": "100.64.255.7",
    "model_sku": "None",
    "site-id": "300",
    "host-name": "Training-MIA-1",
    "version": "17.04.01b.0.237",
    "vbond": "100.64.1.141",
    "vmanageConnectionState": "connected",
    "lastupdated": 1624905796173,
    "reachability": "unreachable",
    "uptime-date": 1624853100000,
    "defaultVersion": "17.04.01b.0.237",
    "availableVersions": [],
    "lifeCycleRequired": false,
    "expirationDate": "NA",
    "hardwareCertSerialNumber": "NA"
  },
  {
    "deviceType": "vedge",
    "serialNumber": "018E6D53",
    "uuid": "C1111X-8P-FGL231690JD",
    "managementSystemIP": "0.0.0.0",
    "chasisNumber": "C1111X-8P-FGL231690JD",
    "configOperationMode": "cli",
    "deviceModel": "vedge-C1111X-8P",
    "deviceState": "READY",
    "validity": "valid",
    "vedgeCertificateState": "certinstalled",
    "personality": "vedge",
    "uploadSource": "Smart Account",
    "subjectSerialNumber": "FGL231690JD",
    "lifeCycleRequired": false,
    "expirationDate": "NA",
    "hardwareCertSerialNumber": "NA"
  },
  {
    "deviceType": "vedge",
    "serialNumber": "018EA517",
    "ncsDeviceName": "vedge-C1111X-8P-FGL231690JK",
    "configStatusMessage": "In Sync",
    "templateApplyLog": [
      "[28-Jun-2021 12:47:06 EDT] Sync-from successful"
    ],
    "uuid": "C1111X-8P-FGL231690JK",
    "managementSystemIP": "0.0.0.0",
    "templateStatus": "Success",
    "chasisNumber": "C1111X-8P-FGL231690JK",
    "configStatusMessageDetails": "",
    "configOperationMode": "cli",
    "deviceModel": "vedge-C1111X-8P",
    "deviceState": "READY",
    "validity": "valid",
    "platformFamily": "c1100",
    "vedgeCertificateState": "certinstalled",
    "deviceIP": "100.64.255.8",
    "personality": "vedge",
    "uploadSource": "Smart Account",
    "subjectSerialNumber": "FGL231690JK",
    "local-system-ip": "100.64.255.8",
    "system-ip": "100.64.255.8",
    "model_sku": "None",
    "site-id": "300",
    "host-name": "Training-MIA-2",
    "version": "17.04.01b.0.237",
    "vbond": "100.64.1.141",
    "vmanageConnectionState": "connected",
    "lastupdated": 1624905796208,
    "reachability": "unreachable",
    "uptime-date": 1624853100000,
    "defaultVersion": "17.04.01b.0.237",
    "availableVersions": [],
    "lifeCycleRequired": false,
    "expirationDate": "NA",
    "hardwareCertSerialNumber": "NA"
  },
  {
    "deviceType": "vedge",
    "serialNumber": "a91c6d62e40c4b3185cbf29343bacc65",
    "uuid": "C8K-00EBFE58-C21B-4B40-FBBF-7703F9ECBC8B",
    "managementSystemIP": "0.0.0.0",
    "chasisNumber": "C8K-00EBFE58-C21B-4B40-FBBF-7703F9ECBC8B",
    "configOperationMode": "cli",
    "deviceModel": "vedge-C8000V",
    "deviceState": "READY",
    "validity": "valid",
    "vedgeCertificateState": "tokengenerated",
    "personality": "vedge",
    "uploadSource": "Smart Account",
    "subjectSerialNumber": "C8K-00EBFE58-C21B-4B40-FBBF-7703F9ECBC8B",
    "lifeCycleRequired": true,
    "expirationDate": "NA",
    "hardwareCertSerialNumber": "NA"
  },
  {
    "deviceType": "vedge",
    "serialNumber": "c09fb981faf44c64a3b091958a629be3",
    "uuid": "C8K-DFA7EBBC-8D9D-BCE5-4B5F-76F1B7BD811B",
    "managementSystemIP": "0.0.0.0",
    "chasisNumber": "C8K-DFA7EBBC-8D9D-BCE5-4B5F-76F1B7BD811B",
    "configOperationMode": "cli",
    "deviceModel": "vedge-C8000V",
    "deviceState": "READY",
    "validity": "valid",
    "vedgeCertificateState": "tokengenerated",
    "personality": "vedge",
    "uploadSource": "Smart Account",
    "subjectSerialNumber": "C8K-DFA7EBBC-8D9D-BCE5-4B5F-76F1B7BD811B",
    "lifeCycleRequired": true,
    "expirationDate": "NA",
    "hardwareCertSerialNumber": "NA"
  }
]