{
  "listId": "e2d0c684-37d6-48d3-9fe6-9cd8945bab05",
  "name": "amazon_aws_apps",
  "type": "app",
  "description": "SaaS App List for Amazon AWS",
  "entries": [
    {
      "app": "amazon"
    },
    {
      "app": "amazon-web-services"
    },
    {
      "app": "amazon-instant-video"
    },
    {
      "app": "amazon-cloudfront"
    },
    {
      "app": "amazon-ec2"
    },
    {
      "app": "amazon-s3"
    }
  ],
  "lastUpdated": 1631909917583,
  "owner": "system",
  "readOnly": true,
  "version": "3.0",
  "infoTag": "",
  "referenceCount": 0,
  "references": [],
  "isActivatedByVsmart": false
}