{
  "listId": "452dc657-4caf-4608-bfb6-12e6919fb8fd",
  "name": "APP_BULK_DATA",
  "type": "app",
  "description": "Bulk Data Applications List",
  "entries": [
    {
      "app": "ftp"
    },
    {
      "app": "ftp-data"
    },
    {
      "app": "cisco-jabber-im"
    },
    {
      "app": "netblt"
    },
    {
      "app": "rsync"
    }
  ],
  "lastUpdated": 1631909917143,
  "owner": "system",
  "readOnly": true,
  "version": "1.0",
  "infoTag": "",
  "referenceCount": 0,
  "references": [],
  "isActivatedByVsmart": false
}