{
  "listId": "60ef22a4-52c0-4fbf-bf72-1a8ac091f523",
  "name": "APP_Scavengers",
  "type": "app",
  "description": "Scavengers Applications List",
  "entries": [
    {
      "app": "apple-updates"
    },
    {
      "app": "apple-services"
    },
    {
      "app": "twitter"
    },
    {
      "app": "instagram"
    },
    {
      "app": "youtube"
    },
    {
      "app": "amazon-instant-video"
    }
  ],
  "lastUpdated": 1631909916765,
  "owner": "system",
  "readOnly": true,
  "version": "1.0",
  "infoTag": "",
  "referenceCount": 0,
  "references": [],
  "isActivatedByVsmart": false
}