{
  "listId": "1a7bd610-a166-4273-bad5-9458ce659cf8",
  "name": "Microsoft_Apps",
  "type": "app",
  "description": "Microsoft Applications List",
  "entries": [
    {
      "app": "bing"
    },
    {
      "app": "hockeyapp"
    },
    {
      "app": "live_hotmail"
    },
    {
      "app": "lync"
    },
    {
      "app": "lync_online"
    },
    {
      "app": "ms-services"
    },
    {
      "app": "ms_translator"
    },
    {
      "app": "ms-office-365"
    },
    {
      "app": "share-point"
    },
    {
      "app": "skydrive"
    },
    {
      "app": "skype"
    },
    {
      "app": "windows_azure"
    },
    {
      "app": "windows-azure"
    },
    {
      "app": "windows_update"
    },
    {
      "app": "windows_marketplace"
    },
    {
      "app": "windowslive"
    },
    {
      "app": "windowslivespace"
    },
    {
      "app": "windowsmedia"
    },
    {
      "app": "xbox"
    },
    {
      "app": "xbox_music"
    },
    {
      "app": "xbox_video"
    },
    {
      "app": "xboxlive"
    },
    {
      "app": "xboxlive_marketplace"
    },
    {
      "app": "word_online"
    },
    {
      "app": "powerpoint_online"
    },
    {
      "app": "ms-lync"
    },
    {
      "app": "ms-lync-audio"
    },
    {
      "app": "ms-lync-control"
    },
    {
      "app": "ms-lync-video"
    },
    {
      "app": "ms-update"
    },
    {
      "app": "outlook-web-service"
    }
  ],
  "lastUpdated": 1631909917697,
  "owner": "system",
  "readOnly": true,
  "version": "4.2",
  "infoTag": "",
  "referenceCount": 0,
  "references": [],
  "isActivatedByVsmart": false
}