{
  "listId": "72dad360-2b1a-43af-8571-bdf14508de51",
  "name": "oracle_apps",
  "type": "app",
  "description": "SaaS App List for Oracle",
  "entries": [
    {
      "app": "oracle"
    },
    {
      "app": "oracle-bi"
    },
    {
      "app": "oracle-ebsuite-unsecured"
    },
    {
      "app": "oracle-sqlnet"
    },
    {
      "app": "oraclenames"
    },
    {
      "app": "oraclenet8cman"
    }
  ],
  "lastUpdated": 1631909917495,
  "owner": "system",
  "readOnly": true,
  "version": "3.1",
  "infoTag": "",
  "referenceCount": 0,
  "references": [],
  "isActivatedByVsmart": false
}