{
  "listId": "420b1aa2-c470-4f22-a1b4-e99f44ce3ffe",
  "name": "webex_apps",
  "type": "app",
  "description": "SaaS App List for Webex",
  "entries": [
    {
      "app": "cisco-collab-audio"
    },
    {
      "app": "cisco-collab-video"
    },
    {
      "app": "cisco-collaboration"
    },
    {
      "app": "cisco-collab-control"
    },
    {
      "app": "cisco-spark"
    },
    {
      "app": "cisco-spark-audio"
    },
    {
      "app": "cisco-spark-media"
    },
    {
      "app": "cisco-spark-video"
    },
    {
      "app": "webex-app-sharing"
    },
    {
      "app": "webex-audio"
    },
    {
      "app": "webex-control"
    },
    {
      "app": "webex-media"
    },
    {
      "app": "webex-meeting"
    },
    {
      "app": "webex-video"
    }
  ],
  "lastUpdated": 1664471377445,
  "owner": "system",
  "readOnly": true,
  "version": "1.1",
  "infoTag": "",
  "referenceCount": 0,
  "references": [],
  "isActivatedByVsmart": false
}