[
  {
    "deviceType": "vedge-C1111X-8P",
    "lastUpdatedBy": "netadmin",
    "resourceGroup": "global",
    "deviceRole": "sdwan-edge",
    "templateClass": "cedge",
    "configType": "template",
    "templateId": "0f96084b-b229-4fc1-9377-4c4b4e0f49d7",
    "factoryDefault": false,
    "templateName": "LAS",
    "devicesAttached": 0,
    "templateDescription": "Las Vegas",
    "lastUpdatedOn": 1666715242536,
    "templateAttached": 14,
    "draftMode": "Disabled"
  },
  {
    "deviceType": "vedge-CSR-1000v",
    "lastUpdatedBy": "system",
    "resourceGroup": "global",
    "deviceRole": "sdwan-edge",
    "templateClass": "cedge",
    "configType": "template",
    "templateId": "1387afe7-5801-446c-8b15-59b1d3637432",
    "factoryDefault": true,
    "templateName": "Default_EQUINIX_DHCP_DNS_ICGW_CSR1000V_Template_V02",
    "devicesAttached": 0,
    "templateDescription": "Default DHCP DNS device template for Equinix Interconnect Gateway CSR1000V",
    "lastUpdatedOn": 1631909934859,
    "templateAttached": 11,
    "draftMode": "Disabled"
  },
  {
    "deviceType": "vedge-ISR-4331",
    "lastUpdatedBy": "netadmin",
    "resourceGroup": "global",
    "deviceRole": "sdwan-edge",
    "templateClass": "cedge",
    "configType": "template",
    "templateId": "14e1650b-8570-47c0-b3e9-ef3bc95bb076",
    "factoryDefault": false,
    "templateName": "Stage1_4k_Dual_Transport_DHCP_and_DHCP",
    "devicesAttached": 0,
    "templateDescription": "Dual transport template for 4k devices - 2 DHCP WAN",
    "lastUpdatedOn": 1666716826720,
    "templateAttached": 14,
    "draftMode": "Disabled"
  },
  {
    "deviceType": "vedge-CSR-1000v",
    "lastUpdatedBy": "system",
    "resourceGroup": "global",
    "deviceRole": "sdwan-edge",
    "templateClass": "cedge",
    "configType": "template",
    "templateId": "15e3ec20-9bd7-4fc8-b821-585ce030392d",
    "factoryDefault": true,
    "templateName": "Factory_Default_CSR_1000V_V01",
    "devicesAttached": 0,
    "templateDescription": "Factory Default template for CSR 1000V",
    "lastUpdatedOn": 1631909926924,
    "templateAttached": 22,
    "draftMode": "Disabled"
  },
  {
    "deviceType": "vedge-C1111X-8P",
    "lastUpdatedBy": "netadmin",
    "resourceGroup": "global",
    "deviceRole": "sdwan-edge",
    "templateClass": "cedge",
    "configType": "template",
    "templateId": "26826229-0daf-41bd-baa8-6d827db73c6e",
    "factoryDefault": false,
    "templateName": "Stage1_1k_Dual_Transport_Static_and_DHCP",
    "devicesAttached": 0,
    "templateDescription": "Dual transport template for 1k devices - 1 Static and 1 DHCP WAN",
    "lastUpdatedOn": 1666716820159,
    "templateAttached": 15,
    "draftMode": "Disabled"
  },
  {
    "deviceType": "vedge-C8000V",
    "lastUpdatedBy": "system",
    "resourceGroup": "global",
    "deviceRole": "sdwan-edge",
    "templateClass": "cedge",
    "configType": "template",
    "templateId": "3b6c4ad0-24b3-4bce-9874-bd69e82678c6",
    "factoryDefault": true,
    "templateName": "Default_GCP_C8000V_Template_V01",
    "devicesAttached": 0,
    "templateDescription": "Default device template for GCP C8000V",
    "lastUpdatedOn": 1631909928406,
    "templateAttached": 10,
    "draftMode": "Disabled"
  },
  {
    "deviceType": "vedge-cloud",
    "lastUpdatedBy": "netadmin",
    "resourceGroup": "global",
    "deviceRole": "sdwan-edge",
    "templateClass": "vedge",
    "configType": "template",
    "templateId": "41a161b0-d2d2-4d99-b274-b82e31ad99ad",
    "factoryDefault": false,
    "templateName": "vBond",
    "devicesAttached": 1,
    "templateDescription": "vBond",
    "lastUpdatedOn": 1631911100771,
    "templateAttached": 11,
    "draftMode": "Disabled"
  },
  {
    "deviceType": "vedge-ISR-4331",
    "lastUpdatedBy": "system",
    "resourceGroup": "global",
    "deviceRole": "sdwan-edge",
    "templateClass": "cedge",
    "configType": "template",
    "templateId": "422dbfe5-7fbb-422b-a0e1-0792cb346f13",
    "factoryDefault": true,
    "templateName": "Factory_Default_ISR_4331_V01",
    "devicesAttached": 0,
    "templateDescription": "Factory Default template for ISR4331 device",
    "lastUpdatedOn": 1631909919087,
    "templateAttached": 14,
    "draftMode": "Disabled"
  },
  {
    "deviceType": "vedge-C8000V",
    "lastUpdatedBy": "system",
    "resourceGroup": "global",
    "deviceRole": "sdwan-edge",
    "templateClass": "cedge",
    "configType": "template",
    "templateId": "48e56ea1-5d69-42aa-9954-d95ee3da6f10",
    "factoryDefault": true,
    "templateName": "Factory_Default_C8000V_V01",
    "devicesAttached": 0,
    "templateDescription": "Factory Default template for  C8000V",
    "lastUpdatedOn": 1664471377960,
    "templateAttached": 22,
    "draftMode": "Disabled"
  },
  {
    "deviceType": "vedge-ISR-4331",
    "lastUpdatedBy": "netadmin",
    "resourceGroup": "global",
    "deviceRole": "sdwan-edge",
    "templateClass": "cedge",
    "configType": "template",
    "templateId": "57186b5c-7772-4f53-9420-044da8a4db34",
    "factoryDefault": false,
    "templateName": "Stage1_4k_Single_Static_Transport_with_TLOC",
    "devicesAttached": 0,
    "templateDescription": "Single transport template for 4k devices - TLOC extension and Static WAN",
    "lastUpdatedOn": 1666716830918,
    "templateAttached": 11,
    "draftMode": "Disabled"
  },
  {
    "deviceType": "vedge-C8000V",
    "lastUpdatedBy": "netadmin",
    "resourceGroup": "global",
    "deviceRole": "sdwan-edge",
    "templateClass": "cedge",
    "configType": "template",
    "templateId": "63c3d827-9670-4c26-9460-1da73940a2b9",
    "factoryDefault": false,
    "templateName": "PHL-8000v-Edge-2",
    "devicesAttached": 0,
    "templateDescription": "PHL-8000v-Edge-2",
    "lastUpdatedOn": 1666715237919,
    "templateAttached": 16,
    "draftMode": "Disabled"
  },
  {
    "deviceType": "vedge-C1111X-8P",
    "lastUpdatedBy": "netadmin",
    "resourceGroup": "global",
    "deviceRole": "sdwan-edge",
    "templateClass": "cedge",
    "configType": "template",
    "templateId": "69b0fa36-1935-4025-b150-36175a31b8d8",
    "factoryDefault": false,
    "templateName": "Stage1_1k_Dual_Transport_DHCP_and_DHCP",
    "devicesAttached": 0,
    "templateDescription": "Dual transport template for 1k devices - 2 DHCP WAN",
    "lastUpdatedOn": 1666716819009,
    "templateAttached": 15,
    "draftMode": "Disabled"
  },
  {
    "deviceType": "vedge-C1111X-8P",
    "lastUpdatedBy": "netadmin",
    "resourceGroup": "global",
    "deviceRole": "sdwan-edge",
    "templateClass": "cedge",
    "configType": "template",
    "templateId": "6d3ce8b1-dc90-46a0-b37c-1ef976c12f6f",
    "factoryDefault": false,
    "templateName": "Stage1_1k_Single_Static_Transport1_with_TLOC",
    "devicesAttached": 0,
    "templateDescription": "Single transport template for 1k devices - TLOC extension and Static WAN",
    "lastUpdatedOn": 1666716824496,
    "templateAttached": 16,
    "draftMode": "Disabled"
  },
  {
    "deviceType": "vedge-ISR-4331",
    "lastUpdatedBy": "netadmin",
    "resourceGroup": "global",
    "deviceRole": "sdwan-edge",
    "templateClass": "cedge",
    "configType": "template",
    "templateId": "7bb8711c-d477-4575-b8df-a907a42cb889",
    "factoryDefault": false,
    "templateName": "MEX",
    "devicesAttached": 0,
    "templateDescription": "Mexico City 4331 Edges",
    "lastUpdatedOn": 1666715241330,
    "templateAttached": 15,
    "draftMode": "Disabled"
  },
  {
    "deviceType": "vedge-cloud",
    "lastUpdatedBy": "netadmin",
    "resourceGroup": "global",
    "deviceRole": "sdwan-edge",
    "templateClass": "vedge",
    "configType": "template",
    "templateId": "7eff431f-0bfc-45ea-a139-a7edbc017108",
    "factoryDefault": false,
    "templateName": "Stage1_Virtual_Edge_Single_Static_Transport_with_TLOC",
    "devicesAttached": 0,
    "templateDescription": "Single transport template for virtual edge platforms - TLOC extension and Static WAN",
    "lastUpdatedOn": 1666716835891,
    "templateAttached": 13,
    "draftMode": "Disabled"
  },
  {
    "deviceType": "vedge-C1111X-8P",
    "lastUpdatedBy": "netadmin",
    "resourceGroup": "global",
    "deviceRole": "sdwan-edge",
    "templateClass": "cedge",
    "configType": "template",
    "templateId": "7fb65d2a-c649-4ca4-90ee-ad75e8dd2e19",
    "factoryDefault": false,
    "templateName": "Stage1_1k_Single_Static_Transport2_with_TLOC",
    "devicesAttached": 0,
    "templateDescription": "Single transport template for 1k devices - TLOC extension and Static WAN",
    "lastUpdatedOn": 1666716825656,
    "templateAttached": 15,
    "draftMode": "Disabled"
  },
  {
    "deviceType": "vedge-cloud",
    "lastUpdatedBy": "netadmin",
    "resourceGroup": "global",
    "deviceRole": "sdwan-edge",
    "templateClass": "vedge",
    "configType": "template",
    "templateId": "838b8d5b-8d35-44c1-bbcb-4a0b44a566a6",
    "factoryDefault": false,
    "templateName": "Stage1_Virtual_Edge_Dual_Transport_DHCP_and_DHCP",
    "devicesAttached": 0,
    "templateDescription": "Dual transport template for virtual edge platforms - 2 DHCP WAN",
    "lastUpdatedOn": 1666716831881,
    "templateAttached": 13,
    "draftMode": "Disabled"
  },
  {
    "deviceType": "vedge-C1111X-8P",
    "lastUpdatedBy": "netadmin",
    "resourceGroup": "global",
    "deviceRole": "sdwan-edge",
    "templateClass": "cedge",
    "configType": "template",
    "templateId": "8535fdc3-061e-4e81-97d1-d40414e516d3",
    "factoryDefault": false,
    "templateName": "Stage1_1k_Single_DHCP_Transport1_with_TLOC",
    "devicesAttached": 0,
    "templateDescription": "Single transport template for 1k devices - TLOC extension and DHCP WAN",
    "lastUpdatedOn": 1666716822273,
    "templateAttached": 16,
    "draftMode": "Disabled"
  },
  {
    "deviceType": "vedge-cloud",
    "lastUpdatedBy": "netadmin",
    "resourceGroup": "global",
    "deviceRole": "sdwan-edge",
    "templateClass": "vedge",
    "configType": "template",
    "templateId": "8ccc22ba-c9f5-4b0e-be40-32b751862c96",
    "factoryDefault": false,
    "templateName": "Stage1_Virtual_Edge_Single_DHCP_Transport_with_TLOC",
    "devicesAttached": 0,
    "templateDescription": "Single transport template for virtual edge platforms - TLOC extension and DHCP WAN",
    "lastUpdatedOn": 1666716834878,
    "templateAttached": 13,
    "draftMode": "Disabled"
  },
  {
    "deviceType": "vedge-C1111-8PLTELA",
    "lastUpdatedBy": "system",
    "resourceGroup": "global",
    "deviceRole": "sdwan-edge",
    "templateClass": "cedge",
    "configType": "template",
    "templateId": "8d8c5c30-d866-4121-90ac-f24472fc25b8",
    "factoryDefault": true,
    "templateName": "Factory_Default_C1111_8PLTELA_V01",
    "devicesAttached": 0,
    "templateDescription": "Factory Default template for C1111-8PLTELA",
    "lastUpdatedOn": 1631909922603,
    "templateAttached": 15,
    "draftMode": "Disabled"
  },
  {
    "deviceType": "vedge-C1111X-8P",
    "lastUpdatedBy": "netadmin",
    "resourceGroup": "global",
    "deviceRole": "sdwan-edge",
    "templateClass": "cedge",
    "configType": "template",
    "templateId": "8e765610-1c63-4994-84dc-3c2ed53b281f",
    "factoryDefault": false,
    "templateName": "MIA2",
    "devicesAttached": 0,
    "templateDescription": "MIami Edge 2",
    "lastUpdatedOn": 1666715240225,
    "templateAttached": 15,
    "draftMode": "Disabled"
  },
  {
    "deviceType": "vedge-cloud",
    "lastUpdatedBy": "netadmin",
    "resourceGroup": "global",
    "deviceRole": "sdwan-edge",
    "templateClass": "vedge",
    "configType": "template",
    "templateId": "9192ee13-f948-4740-be9c-74b9234b6caf",
    "factoryDefault": false,
    "templateName": "Stage1_Virtual_Edge_Dual_Transport_Static_and_DHCP",
    "devicesAttached": 0,
    "templateDescription": "Dual transport template for virtual edge platforms - 1 Static and 1 DHCP WAN",
    "lastUpdatedOn": 1666716832878,
    "templateAttached": 13,
    "draftMode": "Disabled"
  },
  {
    "deviceType": "vedge-C8000V",
    "lastUpdatedBy": "system",
    "resourceGroup": "global",
    "deviceRole": "sdwan-edge",
    "templateClass": "cedge",
    "configType": "template",
    "templateId": "930d3495-b140-4ac6-b2d4-23057cd780bf",
    "factoryDefault": true,
    "templateName": "Default_BOOTSTRAP_STATIC_8000V_Template_V01",
    "devicesAttached": 0,
    "templateDescription": "Default device template for AWS TGW C8000V",
    "lastUpdatedOn": 1631909934030,
    "templateAttached": 10,
    "draftMode": "Disabled"
  },
  {
    "deviceType": "vedge-cloud",
    "lastUpdatedBy": "system",
    "resourceGroup": "global",
    "deviceRole": "sdwan-edge",
    "templateClass": "vedge",
    "configType": "template",
    "templateId": "94d3cbe2-9bed-4c76-831a-fc6b240f608d",
    "factoryDefault": true,
    "templateName": "Default_SDBranch_vEdge_cloud_Template_V01",
    "devicesAttached": 0,
    "templateDescription": "Default device template for SD Branch vedge cloud",
    "lastUpdatedOn": 1631909925052,
    "templateAttached": 14,
    "draftMode": "Disabled"
  },
  {
    "deviceType": "vedge-CSR-1000v",
    "lastUpdatedBy": "system",
    "resourceGroup": "global",
    "deviceRole": "sdwan-edge",
    "templateClass": "cedge",
    "configType": "template",
    "templateId": "96f7889d-10ef-40c8-b67c-37af0ffd37bd",
    "factoryDefault": true,
    "templateName": "Default_AWS_TGW_CSR1000V_Template_V01",
    "devicesAttached": 0,
    "templateDescription": "Default device template for AWS TGW CSR1000V",
    "lastUpdatedOn": 1631909926002,
    "templateAttached": 11,
    "draftMode": "Disabled"
  },
  {
    "deviceType": "vedge-ISR-4331",
    "lastUpdatedBy": "netadmin",
    "resourceGroup": "global",
    "deviceRole": "sdwan-edge",
    "templateClass": "cedge",
    "configType": "template",
    "templateId": "9855452d-c3e1-48df-aaad-14d1400dd821",
    "factoryDefault": false,
    "templateName": "Stage1_4k_Single_DHCP_Transport_with_TLOC",
    "devicesAttached": 0,
    "templateDescription": "Single transport template for 4k devices - TLOC extension and DHCP WAN",
    "lastUpdatedOn": 1666716829908,
    "templateAttached": 11,
    "draftMode": "Disabled"
  },
  {
    "deviceType": "vedge-C8000V",
    "lastUpdatedBy": "system",
    "resourceGroup": "global",
    "deviceRole": "sdwan-edge",
    "templateClass": "cedge",
    "configType": "template",
    "templateId": "996c7f49-0b94-4762-bedf-2afc7d243c53",
    "factoryDefault": true,
    "templateName": "Default_AWS_TGW_C8000V_Template_V01",
    "devicesAttached": 0,
    "templateDescription": "Default device template for AWS TGW C8000V",
    "lastUpdatedOn": 1631909921627,
    "templateAttached": 11,
    "draftMode": "Disabled"
  },
  {
    "deviceType": "vedge-C8000V",
    "lastUpdatedBy": "system",
    "resourceGroup": "global",
    "deviceRole": "sdwan-edge",
    "templateClass": "cedge",
    "configType": "template",
    "templateId": "a0685e8c-4e49-49c6-8d5f-67ddd3ff1017",
    "factoryDefault": true,
    "templateName": "Default_BOOTSTRAP_DHCP_8000V_Template_V01",
    "devicesAttached": 0,
    "templateDescription": "Default device template for onboarding C8000V devices with dhcp configurations",
    "lastUpdatedOn": 1631909931261,
    "templateAttached": 11,
    "draftMode": "Disabled"
  },
  {
    "deviceType": "vedge-C8000V",
    "lastUpdatedBy": "system",
    "resourceGroup": "global",
    "deviceRole": "sdwan-edge",
    "templateClass": "cedge",
    "configType": "template",
    "templateId": "a73128f3-ac5b-4115-82ae-4b47b9300a86",
    "factoryDefault": true,
    "templateName": "Default_Azure_vWAN_C8000V_Template_V01",
    "devicesAttached": 0,
    "templateDescription": "Default device template for Azure vWAN C8000V",
    "lastUpdatedOn": 1631909930399,
    "templateAttached": 11,
    "draftMode": "Disabled"
  },
  {
    "deviceType": "vedge-ISRv",
    "lastUpdatedBy": "system",
    "resourceGroup": "global",
    "deviceRole": "sdwan-edge",
    "templateClass": "cedge",
    "configType": "template",
    "templateId": "aa477a14-3ca0-4b27-a46e-9fb6568b1a88",
    "factoryDefault": true,
    "templateName": "Default_SDBranch_ISRv_Template_V01",
    "devicesAttached": 0,
    "templateDescription": "Default device template for SD Branch ISRv",
    "lastUpdatedOn": 1631909932070,
    "templateAttached": 16,
    "draftMode": "Disabled"
  },
  {
    "deviceType": "vedge-ISR-4331",
    "lastUpdatedBy": "netadmin",
    "resourceGroup": "global",
    "deviceRole": "sdwan-edge",
    "templateClass": "cedge",
    "configType": "template",
    "templateId": "abd358d5-9ba6-4b33-ad22-5005386e5400",
    "factoryDefault": false,
    "templateName": "Stage1_4k_Dual_Transport_Static_and_Static",
    "devicesAttached": 0,
    "templateDescription": "Dual transport template for 4k devices - 2 Static WAN",
    "lastUpdatedOn": 1666716828872,
    "templateAttached": 14,
    "draftMode": "Disabled"
  },
  {
    "deviceType": "vedge-ISR-4331",
    "lastUpdatedBy": "netadmin",
    "resourceGroup": "global",
    "deviceRole": "sdwan-edge",
    "templateClass": "cedge",
    "configType": "template",
    "templateId": "b4981bf6-eaf8-4620-badc-d785386868ab",
    "factoryDefault": false,
    "templateName": "Stage1_4k_Dual_Transport_Static_and_DHCP",
    "devicesAttached": 0,
    "templateDescription": "Dual transport template for 4k devices - 1 Static and 1 DHCP WAN",
    "lastUpdatedOn": 1666716827803,
    "templateAttached": 14,
    "draftMode": "Disabled"
  },
  {
    "deviceType": "vedge-C1111X-8P",
    "lastUpdatedBy": "netadmin",
    "resourceGroup": "global",
    "deviceRole": "sdwan-edge",
    "templateClass": "cedge",
    "configType": "template",
    "templateId": "b5b1a766-cd42-4149-a0eb-924ac5152199",
    "factoryDefault": false,
    "templateName": "Stage1_1k_Single_DHCP_Transport2_with_TLOC",
    "devicesAttached": 0,
    "templateDescription": "Single transport template for 1k devices - TLOC extension and DHCP WAN",
    "lastUpdatedOn": 1666716823408,
    "templateAttached": 15,
    "draftMode": "Disabled"
  },
  {
    "deviceType": "vedge-C1111X-8P",
    "lastUpdatedBy": "netadmin",
    "resourceGroup": "global",
    "deviceRole": "sdwan-edge",
    "templateClass": "cedge",
    "configType": "template",
    "templateId": "c3f61df4-d205-425b-a669-3c8ad9a4f602",
    "factoryDefault": false,
    "templateName": "MIA1",
    "devicesAttached": 0,
    "templateDescription": "MIami Edge 1",
    "lastUpdatedOn": 1666715239131,
    "templateAttached": 15,
    "draftMode": "Disabled"
  },
  {
    "deviceType": "vedge-C8000V",
    "lastUpdatedBy": "system",
    "resourceGroup": "global",
    "deviceRole": "sdwan-edge",
    "templateClass": "cedge",
    "configType": "template",
    "templateId": "c57b1577-133f-4562-a3d1-8c556d2b219e",
    "factoryDefault": true,
    "templateName": "Default_MEGAPORT_ICGW_C8000V_Template_V01",
    "devicesAttached": 0,
    "templateDescription": "Default device template for Megaport Interconnect Gateway C8000V",
    "lastUpdatedOn": 1631909933218,
    "templateAttached": 9,
    "draftMode": "Disabled"
  },
  {
    "deviceType": "vedge-C1111X-8P",
    "lastUpdatedBy": "netadmin",
    "resourceGroup": "global",
    "deviceRole": "sdwan-edge",
    "templateClass": "cedge",
    "configType": "template",
    "templateId": "d3907b35-9898-43ef-a08e-bac41b696a0e",
    "factoryDefault": false,
    "templateName": "DFW",
    "devicesAttached": 0,
    "templateDescription": "Dallas",
    "lastUpdatedOn": 1666715243658,
    "templateAttached": 14,
    "draftMode": "Disabled"
  },
  {
    "deviceType": "vedge-C8000V",
    "lastUpdatedBy": "system",
    "resourceGroup": "global",
    "deviceRole": "sdwan-edge",
    "templateClass": "cedge",
    "configType": "template",
    "templateId": "dc48c4e7-9ef6-4192-a5f9-abe2db959caa",
    "factoryDefault": true,
    "templateName": "Default_SDBranch_C8000V_Template_V01",
    "devicesAttached": 0,
    "templateDescription": "Default device template for SD Branch C8000V",
    "lastUpdatedOn": 1631909920421,
    "templateAttached": 16,
    "draftMode": "Disabled"
  },
  {
    "deviceType": "vedge-cloud",
    "lastUpdatedBy": "netadmin",
    "resourceGroup": "global",
    "deviceRole": "sdwan-edge",
    "templateClass": "vedge",
    "configType": "template",
    "templateId": "de7fcb67-5056-40d8-af84-7858557307b2",
    "factoryDefault": false,
    "templateName": "Stage1_Virtual_Edge_Dual_Transport_Static_and_Static",
    "devicesAttached": 0,
    "templateDescription": "Dual transport template for virtual edge platforms - 2 Static WAN",
    "lastUpdatedOn": 1666716833832,
    "templateAttached": 13,
    "draftMode": "Disabled"
  },
  {
    "deviceType": "vedge-C8000V",
    "lastUpdatedBy": "system",
    "resourceGroup": "global",
    "deviceRole": "sdwan-edge",
    "templateClass": "cedge",
    "configType": "template",
    "templateId": "e5b00f12-11e6-4c6b-bef1-cd4e644ba3fb",
    "factoryDefault": true,
    "templateName": "Factory_Default_1_TLOC_Branch_Template",
    "devicesAttached": 0,
    "templateDescription": "Factory Default 1 TLOC Branch Template for CSR C8000V",
    "lastUpdatedOn": 1631909929196,
    "templateAttached": 17,
    "draftMode": "Disabled"
  },
  {
    "deviceType": "vsmart",
    "lastUpdatedBy": "netadmin",
    "resourceGroup": "global",
    "deviceRole": "sdwan-edge",
    "templateClass": "vedge",
    "configType": "template",
    "templateId": "eb48b28d-e023-48b4-92bd-07622a1d73f3",
    "factoryDefault": false,
    "templateName": "vSmart",
    "devicesAttached": 1,
    "templateDescription": "vSmart",
    "lastUpdatedOn": 1631911103541,
    "templateAttached": 10,
    "draftMode": "Disabled"
  },
  {
    "deviceType": "vedge-C1111X-8P",
    "lastUpdatedBy": "netadmin",
    "resourceGroup": "global",
    "deviceRole": "sdwan-edge",
    "templateClass": "cedge",
    "configType": "template",
    "templateId": "edb8b47b-b1fa-4fa4-99e3-5948ff20c68e",
    "factoryDefault": false,
    "templateName": "Stage1_1k_Dual_Transport_Static_and_Static",
    "devicesAttached": 0,
    "templateDescription": "Dual transport template for 1k devices - 2 Static WAN",
    "lastUpdatedOn": 1666716821206,
    "templateAttached": 15,
    "draftMode": "Disabled"
  },
  {
    "deviceType": "vedge-C8000V",
    "lastUpdatedBy": "system",
    "resourceGroup": "global",
    "deviceRole": "sdwan-edge",
    "templateClass": "cedge",
    "configType": "template",
    "templateId": "f7bf134a-57f5-4e31-beaa-be7c8d562ce9",
    "factoryDefault": true,
    "templateName": "Factory_Default_DC1_HUB",
    "devicesAttached": 0,
    "templateDescription": "Factory Default DC1 HUB for CSR C8000V",
    "lastUpdatedOn": 1631909923724,
    "templateAttached": 19,
    "draftMode": "Disabled"
  },
  {
    "deviceType": "vedge-C8000V",
    "lastUpdatedBy": "netadmin",
    "resourceGroup": "global",
    "deviceRole": "sdwan-edge",
    "templateClass": "cedge",
    "configType": "template",
    "templateId": "fa939e68-2287-4dfc-b400-98a1099809c7",
    "factoryDefault": false,
    "templateName": "PHL-8000v-Edge-1",
    "devicesAttached": 0,
    "templateDescription": "PHL-8000v-Edge-1",
    "lastUpdatedOn": 1666715236357,
    "templateAttached": 16,
    "draftMode": "Disabled"
  }
]