[
  {
    "listId": "fba6baa2-44dd-4c2a-91ce-18098a35b854",
    "name": "Default",
    "type": "sla",
    "description": "ACI Default SLA",
    "entries": [
      {
        "jitter": "100",
        "latency": "300",
        "loss": "25"
      }
    ],
    "lastUpdated": 1631909916124,
    "owner": "system",
    "readOnly": false,
    "version": "1.0",
    "infoTag": "aci",
    "referenceCount": 0,
    "references": [],
    "isActivatedByVsmart": false
  },
  {
    "listId": "96312ee4-b4e8-4112-b8a3-ceb2ac4eeeb4",
    "name": "Transactional-Data",
    "type": "sla",
    "description": "ACI Transactional Data SLA",
    "entries": [
      {
        "jitter": "100",
        "latency": "50",
        "loss": "5"
      }
    ],
    "lastUpdated": 1631909916363,
    "owner": "system",
    "readOnly": false,
    "version": "1.0",
    "infoTag": "aci",
    "referenceCount": 0,
    "references": [],
    "isActivatedByVsmart": false
  },
  {
    "listId": "5953ff5d-8127-42b1-a88b-b18a74044edc",
    "name": "Business-Data",
    "type": "sla",
    "description": "Business Data SLA",
    "entries": [
      {
        "jitter": "200",
        "latency": "350",
        "loss": "3"
      }
    ],
    "lastUpdated": 1631909916568,
    "owner": "system",
    "readOnly": false,
    "version": "1.0",
    "infoTag": "",
    "referenceCount": 0,
    "references": [],
    "isActivatedByVsmart": false
  },
  {
    "listId": "1e7b71a1-dc06-4803-abf0-227f0f2352e6",
    "name": "Bulk-Data",
    "type": "sla",
    "description": "ACI Bulk Data SLA",
    "entries": [
      {
        "jitter": "100",
        "latency": "300",
        "loss": "10"
      }
    ],
    "lastUpdated": 1631909916823,
    "owner": "system",
    "readOnly": false,
    "version": "1.0",
    "infoTag": "aci",
    "referenceCount": 0,
    "references": [],
    "isActivatedByVsmart": false
  },
  {
    "listId": "be99ba93-e669-4766-8f0b-d7837468a551",
    "name": "Business-Critical",
    "type": "sla",
    "description": "Business Critical SLA",
    "entries": [
      {
        "jitter": "100",
        "latency": "250",
        "loss": "1"
      }
    ],
    "lastUpdated": 1631909917034,
    "owner": "system",
    "readOnly": false,
    "version": "1.0",
    "infoTag": "",
    "referenceCount": 0,
    "references": [],
    "isActivatedByVsmart": false
  },
  {
    "listId": "dbb9b1f2-20b3-4294-ba66-40e9f567f629",
    "name": "Voice-And-Video",
    "type": "sla",
    "description": "ACI Voice And Video SLA",
    "entries": [
      {
        "jitter": "30",
        "latency": "45",
        "loss": "2"
      }
    ],
    "lastUpdated": 1631909917425,
    "owner": "system",
    "readOnly": false,
    "version": "1.0",
    "infoTag": "aci",
    "referenceCount": 0,
    "references": [],
    "isActivatedByVsmart": false
  },
  {
    "listId": "e5385c59-eee2-4dd0-bb1f-d943db1eeefc",
    "name": "Realtime",
    "type": "sla",
    "description": "Realtime SLA",
    "entries": [
      {
        "jitter": "30",
        "latency": "150",
        "loss": "1"
      }
    ],
    "lastUpdated": 1631909917638,
    "owner": "system",
    "readOnly": false,
    "version": "1.0",
    "infoTag": "",
    "referenceCount": 0,
    "references": [],
    "isActivatedByVsmart": false
  },
  {
    "listId": "a06dd787-33d4-4352-b5d1-4cc7730e092a",
    "name": "Best-Effort",
    "type": "sla",
    "description": "Best Effort SLA",
    "entries": [
      {
        "jitter": "500",
        "latency": "500",
        "loss": "5"
      }
    ],
    "lastUpdated": 1631909917827,
    "owner": "system",
    "readOnly": false,
    "version": "1.0",
    "infoTag": "",
    "referenceCount": 0,
    "references": [],
    "isActivatedByVsmart": false
  }
]