[
  {
    "deviceType": "vedge",
    "serialNumber": "04942c70a77a49daa0918226dbbdd937",
    "uuid": "C8K-DA467EFA-AC06-44ED-A03E-CAB0821E6A95",
    "managementSystemIP": "0.0.0.0",
    "chasisNumber": "C8K-DA467EFA-AC06-44ED-A03E-CAB0821E6A95",
    "configOperationMode": "cli",
    "deviceModel": "vedge-C8000V",
    "deviceState": "READY",
    "validity": "valid",
    "vedgeCertificateState": "tokengenerated",
    "personality": "vedge",
    "uploadSource": "Smart Account",
    "subjectSerialNumber": "C8K-DA467EFA-AC06-44ED-A03E-CAB0821E6A95",
    "lifeCycleRequired": true,
    "expirationDate": "NA",
    "hardwareCertSerialNumber": "NA",
    "resourceGroup": "global",
    "id": "NA",
    "tags": [],
    "draftMode": "Disabled"
  },
  {
    "deviceType": "vedge",
    "serialNumber": "df64c4ae91c94d0a8800e3bf0a16564a",
    "uuid": "C8K-54C159A8-D17E-7FD1-7FCE-76585C5C968E",
    "managementSystemIP": "0.0.0.0",
    "chasisNumber": "C8K-54C159A8-D17E-7FD1-7FCE-76585C5C968E",
    "configOperationMode": "cli",
    "deviceModel": "vedge-C8000V",
    "deviceState": "READY",
    "validity": "valid",
    "vedgeCertificateState": "tokengenerated",
    "personality": "vedge",
    "uploadSource": "Smart Account",
    "subjectSerialNumber": "C8K-54C159A8-D17E-7FD1-7FCE-76585C5C968E",
    "lifeCycleRequired": true,
    "expirationDate": "NA",
    "hardwareCertSerialNumber": "NA",
    "resourceGroup": "global",
    "id": "NA",
    "tags": [],
    "draftMode": "Disabled"
  },
  {
    "deviceType": "vedge",
    "serialNumber": "0190D501",
    "ncsDeviceName": "vedge-C1111X-8P-FGL2317928Q",
    "configStatusMessage": "In Sync",
    "templateApplyLog": [
      "[26-Oct-2022 1:20:32 UTC] Configuring device with feature template: Stage2_1k_Dual_Transport_DHCP_and_DHCP",
      "[26-Oct-2022 1:20:33 UTC] Checking and creating device in vManage",
      "[26-Oct-2022 1:20:34 UTC] Generating configuration from template",
      "[26-Oct-2022 1:20:39 UTC] Device is online",
      "[26-Oct-2022 1:20:39 UTC] Updating device configuration in vManage",
      "[26-Oct-2022 1:20:40 UTC] Sending configuration to device",
      "[26-Oct-2022 1:20:48 UTC] Successfully notified device to pull configuration",
      "[26-Oct-2022 1:20:51 UTC] Device has pulled the configuration",
      "[26-Oct-2022 1:20:54 UTC] Device: Config applied successfully",
      "[26-Oct-2022 1:20:54 UTC] Template successfully attached to device"
    ],
    "uuid": "C1111X-8P-FGL2317928Q",
    "managementSystemIP": "0.0.0.0",
    "templateStatus": "Success",
    "chasisNumber": "C1111X-8P-FGL2317928Q",
    "configStatusMessageDetails": "",
    "configOperationMode": "vmanage",
    "deviceModel": "vedge-C1111X-8P",
    "deviceState": "READY",
    "validity": "valid",
    "platformFamily": "c1100",
    "vedgeCertificateState": "certinstalled",
    "rootCertHash": "1df8c862185fd33c65a8d471839bc2a66660f567",
    "deviceIP": "100.64.255.6",
    "personality": "vedge",
    "uploadSource": "Smart Account",
    "subjectSerialNumber": "FGL2317928Q",
    "region-id": [],
    "domain-id": "1",
    "local-system-ip": "100.64.255.6",
    "system-ip": "100.64.255.6",
    "model_sku": "None",
    "site-id": "400",
    "host-name": "FP-DFW-1",
    "sp-organization-name": "SSL_SD-WAN_PoV_POD14",
    "version": "17.09.01a.0.240",
    "vbond": "64.102.247.181",
    "vmanage-system-ip": "100.64.255.6",
    "vmanageConnectionState": "connected",
    "lastupdated": 1666816306874,
    "reachability": "reachable",
    "uptime-date": 1666719960000,
    "defaultVersion": "17.09.01a.0.240",
    "organization-name": "SSL_SD-WAN_PoV_POD14",
    "availableVersions": [
      "17.06.01a.0.298"
    ],
    "template": "Stage2_1k_Dual_Transport_DHCP_and_DHCP",
    "templateId": "49e49dda-bf7e-4ee7-85a2-3c123278a01b",
    "draftMode": "Disabled",
    "lifeCycleRequired": false,
    "expirationDate": "NA",
    "hardwareCertSerialNumber": "NA",
    "resourceGroup": "global",
    "id": "NA",
    "tags": []
  },
  {
    "deviceType": "vedge",
    "serialNumber": "0190DDC5",
    "ncsDeviceName": "vedge-C1111X-8P-FGL23179299",
    "configStatusMessage": "In Sync",
    "templateApplyLog": [
      "[26-Oct-2022 1:20:32 UTC] Configuring device with feature template: Stage2_1k_Dual_Transport_DHCP_and_DHCP",
      "[26-Oct-2022 1:20:33 UTC] Checking and creating device in vManage",
      "[26-Oct-2022 1:20:34 UTC] Generating configuration from template",
      "[26-Oct-2022 1:20:39 UTC] Device is online",
      "[26-Oct-2022 1:20:39 UTC] Updating device configuration in vManage",
      "[26-Oct-2022 1:20:40 UTC] Sending configuration to device",
      "[26-Oct-2022 1:20:48 UTC] Successfully notified device to pull configuration",
      "[26-Oct-2022 1:20:51 UTC] Device has pulled the configuration",
      "[26-Oct-2022 1:20:54 UTC] Device: Config applied successfully",
      "[26-Oct-2022 1:20:54 UTC] Template successfully attached to device"
    ],
    "uuid": "C1111X-8P-FGL23179299",
    "managementSystemIP": "0.0.0.0",
    "templateStatus": "Success",
    "chasisNumber": "C1111X-8P-FGL23179299",
    "configStatusMessageDetails": "",
    "configOperationMode": "vmanage",
    "deviceModel": "vedge-C1111X-8P",
    "deviceState": "READY",
    "validity": "valid",
    "platformFamily": "c1100",
    "vedgeCertificateState": "certinstalled",
    "rootCertHash": "1df8c862185fd33c65a8d471839bc2a66660f567",
    "deviceIP": "100.64.255.5",
    "personality": "vedge",
    "uploadSource": "Smart Account",
    "subjectSerialNumber": "FGL23179299",
    "region-id": [],
    "domain-id": "1",
    "local-system-ip": "100.64.255.5",
    "system-ip": "100.64.255.5",
    "model_sku": "None",
    "site-id": "200",
    "host-name": "FP-LAS-1",
    "sp-organization-name": "SSL_SD-WAN_PoV_POD14",
    "version": "17.09.01a.0.240",
    "vbond": "64.102.247.181",
    "vmanage-system-ip": "100.64.255.5",
    "vmanageConnectionState": "connected",
    "lastupdated": 1666816449233,
    "reachability": "reachable",
    "uptime-date": 1666719960000,
    "defaultVersion": "17.09.01a.0.240",
    "organization-name": "SSL_SD-WAN_PoV_POD14",
    "availableVersions": [
      "17.06.01a.0.298"
    ],
    "template": "Stage2_1k_Dual_Transport_DHCP_and_DHCP",
    "templateId": "49e49dda-bf7e-4ee7-85a2-3c123278a01b",
    "draftMode": "Disabled",
    "lifeCycleRequired": false,
    "expirationDate": "NA",
    "hardwareCertSerialNumber": "NA",
    "resourceGroup": "global",
    "id": "NA",
    "tags": []
  },
  {
    "deviceType": "vedge",
    "serialNumber": "019090E3",
    "ncsDeviceName": "vedge-C1111X-8P-FGL2317921T",
    "configStatusMessage": "In Sync",
    "templateApplyLog": [
      "[26-Oct-2022 1:35:06 UTC] Configuring device with feature template: Stage2_1k_Single_DHCP_Transport1_with_TLOC",
      "[26-Oct-2022 1:35:07 UTC] Checking and creating device in vManage",
      "[26-Oct-2022 1:35:08 UTC] Generating configuration from template",
      "[26-Oct-2022 1:35:13 UTC] Device is online",
      "[26-Oct-2022 1:35:13 UTC] Updating device configuration in vManage",
      "[26-Oct-2022 1:35:13 UTC] Sending configuration to device",
      "[26-Oct-2022 1:35:22 UTC] Successfully notified device to pull configuration",
      "[26-Oct-2022 1:35:25 UTC] Device has pulled the configuration",
      "[26-Oct-2022 1:35:28 UTC] Device: Config applied successfully",
      "[26-Oct-2022 1:35:28 UTC] Template successfully attached to device"
    ],
    "uuid": "C1111X-8P-FGL2317921T",
    "managementSystemIP": "0.0.0.0",
    "templateStatus": "Success",
    "chasisNumber": "C1111X-8P-FGL2317921T",
    "configStatusMessageDetails": "",
    "configOperationMode": "vmanage",
    "deviceModel": "vedge-C1111X-8P",
    "deviceState": "READY",
    "validity": "valid",
    "platformFamily": "c1100",
    "vedgeCertificateState": "certinstalled",
    "rootCertHash": "1df8c862185fd33c65a8d471839bc2a66660f567",
    "deviceIP": "100.64.255.8",
    "personality": "vedge",
    "uploadSource": "Smart Account",
    "subjectSerialNumber": "FGL2317921T",
    "region-id": [],
    "domain-id": "1",
    "local-system-ip": "100.64.255.8",
    "system-ip": "100.64.255.8",
    "model_sku": "None",
    "site-id": "300",
    "host-name": "FP-MIA-2",
    "sp-organization-name": "SSL_SD-WAN_PoV_POD14",
    "version": "17.09.01a.0.240",
    "vbond": "64.102.247.181",
    "vmanage-system-ip": "100.64.255.8",
    "vmanageConnectionState": "connected",
    "lastupdated": 1666791693973,
    "reachability": "reachable",
    "uptime-date": 1666720980000,
    "defaultVersion": "17.09.01a.0.240",
    "organization-name": "SSL_SD-WAN_PoV_POD14",
    "availableVersions": [
      "17.06.01a.0.298"
    ],
    "template": "Stage2_1k_Single_DHCP_Transport1_with_TLOC",
    "templateId": "1ff7ca4c-362c-4d8d-a48d-f5f08fcc2a3d",
    "draftMode": "Disabled",
    "lifeCycleRequired": false,
    "expirationDate": "NA",
    "hardwareCertSerialNumber": "NA",
    "resourceGroup": "global",
    "id": "NA",
    "tags": []
  },
  {
    "deviceType": "vedge",
    "serialNumber": "0190E0F7",
    "ncsDeviceName": "vedge-C1111X-8P-FGL231791MJ",
    "configStatusMessage": "In Sync",
    "templateApplyLog": [
      "[26-Oct-2022 1:35:06 UTC] Configuring device with feature template: Stage2_1k_Single_DHCP_Transport2_with_TLOC",
      "[26-Oct-2022 1:35:07 UTC] Checking and creating device in vManage",
      "[26-Oct-2022 1:35:09 UTC] Generating configuration from template",
      "[26-Oct-2022 1:35:13 UTC] Device is online",
      "[26-Oct-2022 1:35:13 UTC] Updating device configuration in vManage",
      "[26-Oct-2022 1:35:13 UTC] Sending configuration to device",
      "[26-Oct-2022 1:35:22 UTC] Successfully notified device to pull configuration",
      "[26-Oct-2022 1:35:25 UTC] Device has pulled the configuration",
      "[26-Oct-2022 1:35:28 UTC] Device: Config applied successfully",
      "[26-Oct-2022 1:35:28 UTC] Template successfully attached to device"
    ],
    "uuid": "C1111X-8P-FGL231791MJ",
    "managementSystemIP": "0.0.0.0",
    "templateStatus": "Success",
    "chasisNumber": "C1111X-8P-FGL231791MJ",
    "configStatusMessageDetails": "",
    "configOperationMode": "vmanage",
    "deviceModel": "vedge-C1111X-8P",
    "deviceState": "READY",
    "validity": "valid",
    "platformFamily": "c1100",
    "vedgeCertificateState": "certinstalled",
    "rootCertHash": "1df8c862185fd33c65a8d471839bc2a66660f567",
    "deviceIP": "100.64.255.7",
    "personality": "vedge",
    "uploadSource": "Smart Account",
    "subjectSerialNumber": "FGL231791MJ",
    "region-id": [],
    "domain-id": "1",
    "local-system-ip": "100.64.255.7",
    "system-ip": "100.64.255.7",
    "model_sku": "None",
    "site-id": "300",
    "host-name": "FP-MIA-1",
    "sp-organization-name": "SSL_SD-WAN_PoV_POD14",
    "version": "17.09.01a.0.240",
    "vbond": "64.102.247.181",
    "vmanage-system-ip": "100.64.255.7",
    "vmanageConnectionState": "connected",
    "lastupdated": 1666816448625,
    "reachability": "reachable",
    "uptime-date": 1666719960000,
    "defaultVersion": "17.09.01a.0.240",
    "organization-name": "SSL_SD-WAN_PoV_POD14",
    "availableVersions": [
      "17.06.01a.0.298"
    ],
    "template": "Stage2_1k_Single_DHCP_Transport2_with_TLOC",
    "templateId": "9c68a461-cfa4-4690-89ac-5d3ea00b4480",
    "lifeCycleRequired": false,
    "expirationDate": "NA",
    "hardwareCertSerialNumber": "NA",
    "resourceGroup": "global",
    "id": "NA",
    "tags": [],
    "draftMode": "Disabled"
  },
  {
    "deviceType": "vedge",
    "serialNumber": "02B4C00B",
    "ncsDeviceName": "vedge-ISR4331/K9-FDO22262V8F",
    "configStatusMessage": "In Sync",
    "templateApplyLog": [
      "[25-Oct-2022 20:50:18 UTC] Configuring device with feature template: Stage2_4k_Dual_Transport_Static_and_DHCP",
      "[25-Oct-2022 20:50:19 UTC] Checking and creating device in vManage",
      "[25-Oct-2022 20:50:20 UTC] Generating configuration from template",
      "[25-Oct-2022 20:50:26 UTC] Device is online",
      "[25-Oct-2022 20:50:26 UTC] Updating device configuration in vManage",
      "[25-Oct-2022 20:50:26 UTC] Sending configuration to device",
      "[25-Oct-2022 20:50:36 UTC] Successfully notified device to pull configuration",
      "[25-Oct-2022 20:50:39 UTC] Device has pulled the configuration",
      "[25-Oct-2022 20:50:46 UTC] Device: Config applied successfully",
      "[25-Oct-2022 20:50:46 UTC] Template successfully attached to device"
    ],
    "uuid": "ISR4331/K9-FDO22262V8F",
    "managementSystemIP": "0.0.0.0",
    "templateStatus": "Success",
    "chasisNumber": "ISR4331/K9-FDO22262V8F",
    "configStatusMessageDetails": "",
    "configOperationMode": "vmanage",
    "deviceModel": "vedge-ISR-4331",
    "deviceState": "READY",
    "validity": "valid",
    "platformFamily": "isr4300",
    "vedgeCertificateState": "certinstalled",
    "rootCertHash": "1df8c862185fd33c65a8d471839bc2a66660f567",
    "deviceIP": "100.64.255.1",
    "personality": "vedge",
    "uploadSource": "Smart Account",
    "subjectSerialNumber": "FDO22262V8F",
    "region-id": [],
    "domain-id": "1",
    "local-system-ip": "100.64.255.1",
    "system-ip": "100.64.255.1",
    "model_sku": "None",
    "site-id": "100",
    "host-name": "FP-MEX-1",
    "sp-organization-name": "SSL_SD-WAN_PoV_POD14",
    "version": "17.09.01a.0.240",
    "vbond": "64.102.247.181",
    "vmanage-system-ip": "100.64.255.1",
    "vmanageConnectionState": "connected",
    "lastupdated": 1666816448953,
    "reachability": "reachable",
    "uptime-date": 1666720020000,
    "defaultVersion": "17.09.01a.0.240",
    "organization-name": "SSL_SD-WAN_PoV_POD14",
    "availableVersions": [
      "17.02.01r.0.32"
    ],
    "template": "Stage2_4k_Dual_Transport_Static_and_DHCP",
    "templateId": "b2515910-9cce-4707-ab49-171eecbf8367",
    "lifeCycleRequired": false,
    "expirationDate": "NA",
    "hardwareCertSerialNumber": "NA",
    "resourceGroup": "global",
    "id": "NA",
    "tags": [],
    "draftMode": "Disabled"
  },
  {
    "deviceType": "vedge",
    "serialNumber": "02D1217D",
    "ncsDeviceName": "vedge-ISR4331/K9-FDO22301VC8",
    "configStatusMessage": "In Sync",
    "templateApplyLog": [
      "[25-Oct-2022 20:16:08 UTC] Configuring device with feature template: Stage2_4k_Dual_Transport_DHCP_and_DHCP",
      "[25-Oct-2022 20:16:09 UTC] Checking and creating device in vManage",
      "[25-Oct-2022 20:16:10 UTC] Generating configuration from template",
      "[25-Oct-2022 20:16:16 UTC] Device is online",
      "[25-Oct-2022 20:16:16 UTC] Updating device configuration in vManage",
      "[25-Oct-2022 20:16:16 UTC] Sending configuration to device",
      "[25-Oct-2022 20:16:26 UTC] Successfully notified device to pull configuration",
      "[25-Oct-2022 20:16:29 UTC] Device has pulled the configuration",
      "[25-Oct-2022 20:16:35 UTC] Device: Config applied successfully",
      "[25-Oct-2022 20:16:35 UTC] Template successfully attached to device"
    ],
    "uuid": "ISR4331/K9-FDO22301VC8",
    "managementSystemIP": "0.0.0.0",
    "templateStatus": "Success",
    "chasisNumber": "ISR4331/K9-FDO22301VC8",
    "configStatusMessageDetails": "",
    "configOperationMode": "vmanage",
    "deviceModel": "vedge-ISR-4331",
    "deviceState": "READY",
    "validity": "valid",
    "platformFamily": "isr4300",
    "vedgeCertificateState": "certinstalled",
    "rootCertHash": "1df8c862185fd33c65a8d471839bc2a66660f567",
    "deviceIP": "100.64.255.2",
    "personality": "vedge",
    "uploadSource": "Smart Account",
    "subjectSerialNumber": "FDO22301VC8",
    "region-id": [],
    "domain-id": "1",
    "local-system-ip": "100.64.255.2",
    "system-ip": "100.64.255.2",
    "model_sku": "None",
    "site-id": "100",
    "host-name": "FP-MEX-2",
    "sp-organization-name": "SSL_SD-WAN_PoV_POD14",
    "version": "17.09.01a.0.240",
    "vbond": "64.102.247.181",
    "vmanage-system-ip": "100.64.255.2",
    "vmanageConnectionState": "connected",
    "lastupdated": 1666816448958,
    "reachability": "reachable",
    "uptime-date": 1666721040000,
    "defaultVersion": "17.09.01a.0.240",
    "organization-name": "SSL_SD-WAN_PoV_POD14",
    "availableVersions": [
      "17.02.01r.0.32"
    ],
    "template": "Stage2_4k_Dual_Transport_DHCP_and_DHCP",
    "templateId": "d2a88b39-2cc0-4421-9456-660c692196ec",
    "lifeCycleRequired": false,
    "expirationDate": "NA",
    "hardwareCertSerialNumber": "NA",
    "resourceGroup": "global",
    "id": "NA",
    "tags": [],
    "draftMode": "Disabled"
  },
  {
    "deviceType": "vedge",
    "serialNumber": "8f81af5d6f5040eab9becbb5fa90ee13",
    "uuid": "C8K-E33E5401-7D19-6BA6-2E8F-36D7CEF458FE",
    "managementSystemIP": "0.0.0.0",
    "chasisNumber": "C8K-E33E5401-7D19-6BA6-2E8F-36D7CEF458FE",
    "configOperationMode": "cli",
    "deviceModel": "vedge-C8000V",
    "deviceState": "READY",
    "validity": "valid",
    "vedgeCertificateState": "tokengenerated",
    "personality": "vedge",
    "uploadSource": "Smart Account",
    "subjectSerialNumber": "C8K-E33E5401-7D19-6BA6-2E8F-36D7CEF458FE",
    "lifeCycleRequired": true,
    "expirationDate": "NA",
    "hardwareCertSerialNumber": "NA",
    "resourceGroup": "global",
    "id": "NA",
    "tags": [],
    "draftMode": "Disabled"
  },
  {
    "deviceType": "vedge",
    "serialNumber": "2887902d6f4c4946b9501f3682b41b2f",
    "uuid": "C8K-4E5C1789-A714-B456-EB8B-E8CF0DB7E510",
    "managementSystemIP": "0.0.0.0",
    "chasisNumber": "C8K-4E5C1789-A714-B456-EB8B-E8CF0DB7E510",
    "configOperationMode": "cli",
    "deviceModel": "vedge-C8000V",
    "deviceState": "READY",
    "validity": "valid",
    "vedgeCertificateState": "tokengenerated",
    "personality": "vedge",
    "uploadSource": "Smart Account",
    "subjectSerialNumber": "C8K-4E5C1789-A714-B456-EB8B-E8CF0DB7E510",
    "lifeCycleRequired": true,
    "expirationDate": "NA",
    "hardwareCertSerialNumber": "NA",
    "resourceGroup": "global",
    "id": "NA",
    "tags": [],
    "draftMode": "Disabled"
  }
]