[
  {
    "deviceType": "vedge",
    "serialNumber": "04942c70a77a49daa0918226dbbdd937",
    "uuid": "C8K-DA467EFA-AC06-44ED-A03E-CAB0821E6A95",
    "managementSystemIP": "0.0.0.0",
    "chasisNumber": "C8K-DA467EFA-AC06-44ED-A03E-CAB0821E6A95",
    "configOperationMode": "cli",
    "deviceModel": "vedge-C8000V",
    "deviceState": "READY",
    "validity": "valid",
    "vedgeCertificateState": "tokengenerated",
    "personality": "vedge",
    "uploadSource": "Smart Account",
    "subjectSerialNumber": "C8K-DA467EFA-AC06-44ED-A03E-CAB0821E6A95",
    "lifeCycleRequired": true,
    "expirationDate": "NA",
    "hardwareCertSerialNumber": "NA",
    "resourceGroup": "global",
    "id": "NA",
    "tags": [],
    "draftMode": "Disabled"
  },
  {
    "deviceType": "vedge",
    "serialNumber": "df64c4ae91c94d0a8800e3bf0a16564a",
    "uuid": "C8K-54C159A8-D17E-7FD1-7FCE-76585C5C968E",
    "managementSystemIP": "0.0.0.0",
    "chasisNumber": "C8K-54C159A8-D17E-7FD1-7FCE-76585C5C968E",
    "configOperationMode": "cli",
    "deviceModel": "vedge-C8000V",
    "deviceState": "READY",
    "validity": "valid",
    "vedgeCertificateState": "tokengenerated",
    "personality": "vedge",
    "uploadSource": "Smart Account",
    "subjectSerialNumber": "C8K-54C159A8-D17E-7FD1-7FCE-76585C5C968E",
    "lifeCycleRequired": true,
    "expirationDate": "NA",
    "hardwareCertSerialNumber": "NA",
    "resourceGroup": "global",
    "id": "NA",
    "tags": [],
    "draftMode": "Disabled"
  },
  {
    "deviceType": "vedge",
    "serialNumber": "0190D501",
    "ncsDeviceName": "vedge-C1111X-8P-FGL2317928Q",
    "configStatusMessage": "In Sync",
    "templateApplyLog": [
      "[26-Jan-2022 18:33:19 UTC] Sync-from successful"
    ],
    "uuid": "C1111X-8P-FGL2317928Q",
    "managementSystemIP": "0.0.0.0",
    "templateStatus": "Success",
    "chasisNumber": "C1111X-8P-FGL2317928Q",
    "configStatusMessageDetails": "",
    "configOperationMode": "cli",
    "deviceModel": "vedge-C1111X-8P",
    "deviceState": "READY",
    "validity": "valid",
    "platformFamily": "c1100",
    "vedgeCertificateState": "certinstalled",
    "rootCertHash": "1df8c862185fd33c65a8d471839bc2a66660f567",
    "deviceIP": "100.64.255.6",
    "personality": "vedge",
    "uploadSource": "Smart Account",
    "subjectSerialNumber": "FGL2317928Q",
    "region-id": [],
    "domain-id": "1",
    "local-system-ip": "100.64.255.6",
    "system-ip": "100.64.255.6",
    "model_sku": "None",
    "site-id": "400",
    "host-name": "Router",
    "sp-organization-name": "SSL_SD-WAN_PoV_POD14",
    "version": "17.09.01a.0.240",
    "vbond": "64.102.247.181",
    "vmanage-system-ip": "100.64.255.6",
    "vmanageConnectionState": "connected",
    "lastupdated": 1666722037981,
    "reachability": "reachable",
    "uptime-date": 1666719960000,
    "defaultVersion": "17.09.01a.0.240",
    "organization-name": "SSL_SD-WAN_PoV_POD14",
    "availableVersions": [
      "17.06.01a.0.298"
    ],
    "lifeCycleRequired": false,
    "expirationDate": "NA",
    "hardwareCertSerialNumber": "NA",
    "resourceGroup": "global",
    "id": "NA",
    "tags": [],
    "draftMode": "Disabled"
  },
  {
    "deviceType": "vedge",
    "serialNumber": "0190DDC5",
    "ncsDeviceName": "vedge-C1111X-8P-FGL23179299",
    "configStatusMessage": "In Sync",
    "templateApplyLog": [
      "[26-Jan-2022 18:33:19 UTC] Sync-from successful"
    ],
    "uuid": "C1111X-8P-FGL23179299",
    "managementSystemIP": "0.0.0.0",
    "templateStatus": "Success",
    "chasisNumber": "C1111X-8P-FGL23179299",
    "configStatusMessageDetails": "",
    "configOperationMode": "cli",
    "deviceModel": "vedge-C1111X-8P",
    "deviceState": "READY",
    "validity": "valid",
    "platformFamily": "c1100",
    "vedgeCertificateState": "certinstalled",
    "rootCertHash": "1df8c862185fd33c65a8d471839bc2a66660f567",
    "deviceIP": "100.64.255.5",
    "personality": "vedge",
    "uploadSource": "Smart Account",
    "subjectSerialNumber": "FGL23179299",
    "region-id": [],
    "domain-id": "1",
    "local-system-ip": "100.64.255.5",
    "system-ip": "100.64.255.5",
    "model_sku": "None",
    "site-id": "200",
    "host-name": "Router",
    "sp-organization-name": "SSL_SD-WAN_PoV_POD14",
    "version": "17.09.01a.0.240",
    "vbond": "64.102.247.181",
    "vmanage-system-ip": "100.64.255.5",
    "vmanageConnectionState": "connected",
    "lastupdated": 1666722037872,
    "reachability": "reachable",
    "uptime-date": 1666719960000,
    "defaultVersion": "17.09.01a.0.240",
    "organization-name": "SSL_SD-WAN_PoV_POD14",
    "availableVersions": [
      "17.06.01a.0.298"
    ],
    "lifeCycleRequired": false,
    "expirationDate": "NA",
    "hardwareCertSerialNumber": "NA",
    "resourceGroup": "global",
    "id": "NA",
    "tags": [],
    "draftMode": "Disabled"
  },
  {
    "deviceType": "vedge",
    "serialNumber": "019090E3",
    "ncsDeviceName": "vedge-C1111X-8P-FGL2317921T",
    "configStatusMessage": "In Sync",
    "templateApplyLog": [
      "[26-Jan-2022 18:33:19 UTC] Sync-from successful"
    ],
    "uuid": "C1111X-8P-FGL2317921T",
    "managementSystemIP": "0.0.0.0",
    "templateStatus": "Success",
    "chasisNumber": "C1111X-8P-FGL2317921T",
    "configStatusMessageDetails": "",
    "configOperationMode": "cli",
    "deviceModel": "vedge-C1111X-8P",
    "deviceState": "READY",
    "validity": "valid",
    "platformFamily": "c1100",
    "vedgeCertificateState": "certinstalled",
    "rootCertHash": "1df8c862185fd33c65a8d471839bc2a66660f567",
    "deviceIP": "100.64.255.8",
    "personality": "vedge",
    "uploadSource": "Smart Account",
    "subjectSerialNumber": "FGL2317921T",
    "region-id": [],
    "domain-id": "1",
    "local-system-ip": "100.64.255.8",
    "system-ip": "100.64.255.8",
    "model_sku": "None",
    "site-id": "300",
    "host-name": "Router",
    "sp-organization-name": "SSL_SD-WAN_PoV_POD14",
    "version": "17.09.01a.0.240",
    "vbond": "64.102.247.181",
    "vmanage-system-ip": "100.64.255.8",
    "vmanageConnectionState": "connected",
    "lastupdated": 1666722037470,
    "reachability": "reachable",
    "uptime-date": 1666720980000,
    "defaultVersion": "17.09.01a.0.240",
    "organization-name": "SSL_SD-WAN_PoV_POD14",
    "availableVersions": [
      "17.06.01a.0.298"
    ],
    "lifeCycleRequired": false,
    "expirationDate": "NA",
    "hardwareCertSerialNumber": "NA",
    "resourceGroup": "global",
    "id": "NA",
    "tags": [],
    "draftMode": "Disabled"
  },
  {
    "deviceType": "vedge",
    "serialNumber": "0190E0F7",
    "ncsDeviceName": "vedge-C1111X-8P-FGL231791MJ",
    "configStatusMessage": "In Sync",
    "templateApplyLog": [
      "[26-Jan-2022 18:33:20 UTC] Sync-from successful"
    ],
    "uuid": "C1111X-8P-FGL231791MJ",
    "managementSystemIP": "0.0.0.0",
    "templateStatus": "Success",
    "chasisNumber": "C1111X-8P-FGL231791MJ",
    "configStatusMessageDetails": "",
    "configOperationMode": "cli",
    "deviceModel": "vedge-C1111X-8P",
    "deviceState": "READY",
    "validity": "valid",
    "platformFamily": "c1100",
    "vedgeCertificateState": "certinstalled",
    "rootCertHash": "1df8c862185fd33c65a8d471839bc2a66660f567",
    "deviceIP": "100.64.255.7",
    "personality": "vedge",
    "uploadSource": "Smart Account",
    "subjectSerialNumber": "FGL231791MJ",
    "region-id": [],
    "domain-id": "1",
    "local-system-ip": "100.64.255.7",
    "system-ip": "100.64.255.7",
    "model_sku": "None",
    "site-id": "300",
    "host-name": "Router",
    "sp-organization-name": "SSL_SD-WAN_PoV_POD14",
    "version": "17.09.01a.0.240",
    "vbond": "64.102.247.181",
    "vmanage-system-ip": "100.64.255.7",
    "vmanageConnectionState": "connected",
    "lastupdated": 1666722037470,
    "reachability": "reachable",
    "uptime-date": 1666719960000,
    "defaultVersion": "17.09.01a.0.240",
    "organization-name": "SSL_SD-WAN_PoV_POD14",
    "availableVersions": [
      "17.06.01a.0.298"
    ],
    "lifeCycleRequired": false,
    "expirationDate": "NA",
    "hardwareCertSerialNumber": "NA",
    "resourceGroup": "global",
    "id": "NA",
    "tags": [],
    "draftMode": "Disabled"
  },
  {
    "deviceType": "vedge",
    "serialNumber": "02B4C00B",
    "ncsDeviceName": "vedge-ISR4331/K9-FDO22262V8F",
    "configStatusMessage": "Out of Sync",
    "templateApplyLog": [
      "[25-Oct-2022 17:49:26 UTC] Failed to Sync-from vedge-ISR4331/K9-FDO22262V8F: invalid value for: dns in /ncs:devices/ncs:device[ncs:name='vedge-ISR4331/K9-FDO22262V8F']/ncs:config/ios:native/ios:ip/ios-igmp:igmp/ios-igmp:ssm-map/ios-igmp:query/ios-igmp:dns"
    ],
    "uuid": "ISR4331/K9-FDO22262V8F",
    "managementSystemIP": "0.0.0.0",
    "templateStatus": "Failed",
    "chasisNumber": "ISR4331/K9-FDO22262V8F",
    "configStatusMessageDetails": "Failed to Sync-from vedge-ISR4331/K9-FDO22262V8F: invalid value for: dns in /ncs:devices/ncs:device[ncs:name='vedge-ISR4331/K9-FDO22262V8F']/ncs:config/ios:native/ios:ip/ios-igmp:igmp/ios-igmp:ssm-map/ios-igmp:query/ios-igmp:dns",
    "configOperationMode": "cli",
    "deviceModel": "vedge-ISR-4331",
    "deviceState": "READY",
    "validity": "valid",
    "platformFamily": "isr4300",
    "vedgeCertificateState": "certinstalled",
    "rootCertHash": "1df8c862185fd33c65a8d471839bc2a66660f567",
    "deviceIP": "100.64.255.1",
    "personality": "vedge",
    "uploadSource": "Smart Account",
    "subjectSerialNumber": "FDO22262V8F",
    "region-id": [],
    "domain-id": "1",
    "local-system-ip": "100.64.255.1",
    "system-ip": "100.64.255.1",
    "model_sku": "None",
    "site-id": "100",
    "host-name": "Training-MEX-1",
    "sp-organization-name": "SSL_SD-WAN_PoV_POD14",
    "version": "17.09.01a.0.240",
    "vbond": "64.102.247.181",
    "vmanage-system-ip": "100.64.255.1",
    "vmanageConnectionState": "connected",
    "lastupdated": 1666725057088,
    "reachability": "reachable",
    "uptime-date": 1666720020000,
    "defaultVersion": "17.09.01a.0.240",
    "organization-name": "SSL_SD-WAN_PoV_POD14",
    "availableVersions": [
      "17.02.01r.0.32"
    ],
    "lifeCycleRequired": false,
    "expirationDate": "NA",
    "hardwareCertSerialNumber": "NA",
    "resourceGroup": "global",
    "id": "NA",
    "tags": [],
    "draftMode": "Disabled"
  },
  {
    "deviceType": "vedge",
    "serialNumber": "02D1217D",
    "ncsDeviceName": "vedge-ISR4331/K9-FDO22301VC8",
    "configStatusMessage": "Out of Sync",
    "templateApplyLog": [
      "[25-Oct-2022 18:06:59 UTC] Failed to Sync-from vedge-ISR4331/K9-FDO22301VC8: invalid value for: dns in /ncs:devices/ncs:device[ncs:name='vedge-ISR4331/K9-FDO22301VC8']/ncs:config/ios:native/ios:ip/ios-igmp:igmp/ios-igmp:ssm-map/ios-igmp:query/ios-igmp:dns"
    ],
    "uuid": "ISR4331/K9-FDO22301VC8",
    "managementSystemIP": "0.0.0.0",
    "templateStatus": "Failed",
    "chasisNumber": "ISR4331/K9-FDO22301VC8",
    "configStatusMessageDetails": "Failed to Sync-from vedge-ISR4331/K9-FDO22301VC8: invalid value for: dns in /ncs:devices/ncs:device[ncs:name='vedge-ISR4331/K9-FDO22301VC8']/ncs:config/ios:native/ios:ip/ios-igmp:igmp/ios-igmp:ssm-map/ios-igmp:query/ios-igmp:dns",
    "configOperationMode": "cli",
    "deviceModel": "vedge-ISR-4331",
    "deviceState": "READY",
    "validity": "valid",
    "platformFamily": "isr4300",
    "vedgeCertificateState": "certinstalled",
    "rootCertHash": "1df8c862185fd33c65a8d471839bc2a66660f567",
    "deviceIP": "100.64.255.2",
    "personality": "vedge",
    "uploadSource": "Smart Account",
    "subjectSerialNumber": "FDO22301VC8",
    "region-id": [],
    "domain-id": "1",
    "local-system-ip": "100.64.255.2",
    "system-ip": "100.64.255.2",
    "model_sku": "None",
    "site-id": "100",
    "host-name": "Training-MEX-2",
    "sp-organization-name": "SSL_SD-WAN_PoV_POD14",
    "version": "17.09.01a.0.240",
    "vbond": "64.102.247.181",
    "vmanage-system-ip": "100.64.255.2",
    "vmanageConnectionState": "connected",
    "lastupdated": 1666725057005,
    "reachability": "reachable",
    "uptime-date": 1666721040000,
    "defaultVersion": "17.09.01a.0.240",
    "organization-name": "SSL_SD-WAN_PoV_POD14",
    "availableVersions": [
      "17.02.01r.0.32"
    ],
    "lifeCycleRequired": false,
    "expirationDate": "NA",
    "hardwareCertSerialNumber": "NA",
    "resourceGroup": "global",
    "id": "NA",
    "tags": [],
    "draftMode": "Disabled"
  },
  {
    "deviceType": "vedge",
    "serialNumber": "8f81af5d6f5040eab9becbb5fa90ee13",
    "uuid": "C8K-E33E5401-7D19-6BA6-2E8F-36D7CEF458FE",
    "managementSystemIP": "0.0.0.0",
    "chasisNumber": "C8K-E33E5401-7D19-6BA6-2E8F-36D7CEF458FE",
    "configOperationMode": "cli",
    "deviceModel": "vedge-C8000V",
    "deviceState": "READY",
    "validity": "valid",
    "vedgeCertificateState": "tokengenerated",
    "personality": "vedge",
    "uploadSource": "Smart Account",
    "subjectSerialNumber": "C8K-E33E5401-7D19-6BA6-2E8F-36D7CEF458FE",
    "lifeCycleRequired": true,
    "expirationDate": "NA",
    "hardwareCertSerialNumber": "NA",
    "resourceGroup": "global",
    "id": "NA",
    "tags": [],
    "draftMode": "Disabled"
  },
  {
    "deviceType": "vedge",
    "serialNumber": "2887902d6f4c4946b9501f3682b41b2f",
    "uuid": "C8K-4E5C1789-A714-B456-EB8B-E8CF0DB7E510",
    "managementSystemIP": "0.0.0.0",
    "chasisNumber": "C8K-4E5C1789-A714-B456-EB8B-E8CF0DB7E510",
    "configOperationMode": "cli",
    "deviceModel": "vedge-C8000V",
    "deviceState": "READY",
    "validity": "valid",
    "vedgeCertificateState": "tokengenerated",
    "personality": "vedge",
    "uploadSource": "Smart Account",
    "subjectSerialNumber": "C8K-4E5C1789-A714-B456-EB8B-E8CF0DB7E510",
    "lifeCycleRequired": true,
    "expirationDate": "NA",
    "hardwareCertSerialNumber": "NA",
    "resourceGroup": "global",
    "id": "NA",
    "tags": [],
    "draftMode": "Disabled"
  }
]