{
  "header": {
    "generatedOn": 1624912680552,
    "columns": [
      {
        "property": "csv-status",
        "title": "Status",
        "toolTip": "Input status",
        "hideable": false,
        "dataType": "string",
        "editable": false,
        "isDisplay": true,
        "isLeftPinned": true,
        "minWidth": 30,
        "width": 30,
        "display": "icon",
        "iconProperty": "csv-status",
        "icon": [
          {
            "key": "complete",
            "value": "images/template_complete.png"
          },
          {
            "key": "in_complete",
            "value": "images/template_in_complete.png"
          }
        ]
      },
      {
        "property": "csv-deviceId",
        "title": "Chassis Number",
        "toolTip": "UUID: csv-deviceId",
        "hideable": false,
        "dataType": "string",
        "editable": false,
        "isDisplay": true,
        "isLeftPinned": true,
        "objectType": "object",
        "templateType": "None",
        "values": false,
        "optional": false,
        "width": 280
      },
      {
        "property": "csv-deviceIP",
        "title": "System IP",
        "toolTip": "Device IP: csv-deviceIP",
        "hideable": false,
        "dataType": "string",
        "editable": false,
        "isDisplay": true,
        "isLeftPinned": true,
        "objectType": "object",
        "templateType": "None",
        "values": false,
        "optional": false,
        "width": 100
      },
      {
        "property": "csv-host-name",
        "title": "Hostname",
        "toolTip": "Host name: csv-host-name",
        "hideable": false,
        "dataType": "string",
        "editable": false,
        "isDisplay": true,
        "isLeftPinned": true,
        "objectType": "object",
        "templateType": "None",
        "values": false,
        "optional": false,
        "width": 180
      },
      {
        "property": "/512/vpn-instance/dns/vpn512_dns_primary/dns-addr",
        "title": "DNS Address(vpn512_dns_primary)",
        "toolTip": "DNS Address: /512/vpn-instance/dns/vpn512_dns_primary/dns-addr",
        "hideable": false,
        "dataType": "ipv4",
        "editable": true,
        "isDisplay": true,
        "isLeftPinned": false,
        "objectType": "object",
        "templateType": "vpn-vedge",
        "values": false,
        "optional": false,
        "width": 100
      },
      {
        "property": "/512/eth0/interface/ip/address",
        "title": "IPv4 Address(vpn512_if_ipv4_address)",
        "toolTip": "Assign IPv4 address: /512/eth0/interface/ip/address",
        "hideable": false,
        "dataType": "ipv4-prefix",
        "editable": true,
        "isDisplay": true,
        "isLeftPinned": false,
        "objectType": "object",
        "templateType": "vpn-vedge-interface",
        "values": false,
        "optional": false,
        "width": 100
      },
      {
        "property": "/0/vpn-instance/dns/vpn0_dns_primary/dns-addr",
        "title": "DNS Address(vpn0_dns_primary)",
        "toolTip": "DNS Address: /0/vpn-instance/dns/vpn0_dns_primary/dns-addr",
        "hideable": false,
        "dataType": "ipv4",
        "editable": true,
        "isDisplay": true,
        "isLeftPinned": false,
        "objectType": "object",
        "templateType": "vpn-vedge",
        "values": false,
        "optional": false,
        "width": 100
      },
      {
        "property": "/0/vpn-instance/ip/route/vpn0_ipv4_ip_prefix/prefix",
        "title": "Prefix(vpn0_ipv4_ip_prefix)",
        "toolTip": "Prefix: /0/vpn-instance/ip/route/vpn0_ipv4_ip_prefix/prefix",
        "hideable": false,
        "dataType": "ipv4-prefix",
        "editable": true,
        "isDisplay": true,
        "isLeftPinned": false,
        "objectType": "object",
        "templateType": "vpn-vedge",
        "values": false,
        "optional": false,
        "width": 100
      },
      {
        "property": "/0/vpn-instance/ip/route/vpn0_ipv4_ip_prefix/next-hop/vpn0_next_hop_ip_address_0/address",
        "title": "Address(vpn0_next_hop_ip_address_0)",
        "toolTip": "IP Address: /0/vpn-instance/ip/route/vpn0_ipv4_ip_prefix/next-hop/vpn0_next_hop_ip_address_0/address",
        "hideable": false,
        "dataType": "string",
        "editable": true,
        "isDisplay": true,
        "isLeftPinned": false,
        "objectType": "object",
        "templateType": "vpn-vedge",
        "values": false,
        "optional": false,
        "width": 100
      },
      {
        "property": "/0/ge0/0/interface/ip/address",
        "title": "IPv4 Address(vpn0_if_ipv4_address)",
        "toolTip": "Assign IPv4 address: /0/ge0/0/interface/ip/address",
        "hideable": false,
        "dataType": "ipv4-prefix",
        "editable": true,
        "isDisplay": true,
        "isLeftPinned": false,
        "objectType": "object",
        "templateType": "vpn-vedge-interface",
        "values": false,
        "optional": false,
        "width": 100
      },
      {
        "property": "//system/host-name",
        "title": "Hostname(system_host_name)",
        "toolTip": "Set the hostname: //system/host-name",
        "hideable": false,
        "dataType": "string",
        "editable": true,
        "isDisplay": true,
        "isLeftPinned": false,
        "objectType": "object",
        "templateType": "system-vedge",
        "values": false,
        "optional": false,
        "width": 100
      },
      {
        "property": "//system/system-ip",
        "title": "System IP(system_system_ip)",
        "toolTip": "Set the system IP address: //system/system-ip",
        "hideable": false,
        "dataType": "string",
        "editable": true,
        "isDisplay": true,
        "isLeftPinned": false,
        "objectType": "object",
        "templateType": "system-vedge",
        "values": false,
        "optional": false,
        "width": 100
      },
      {
        "property": "///ntp/server/ntp_server_host/name",
        "title": "Hostname/IP Address(ntp_server_host)",
        "toolTip": "Set hostname or IP address of server: ///ntp/server/ntp_server_host/name",
        "hideable": false,
        "dataType": "string",
        "editable": true,
        "isDisplay": true,
        "isLeftPinned": false,
        "objectType": "object",
        "templateType": "ntp",
        "values": false,
        "optional": false,
        "width": 100
      }
    ],
    "templateVariableCount": 9,
    "fields": {}
  },
  "data": [
    {
      "csv-status": "complete",
      "csv-deviceId": "cb09102f-432d-4237-a6cc-82181fef6db5",
      "csv-deviceIP": "100.64.255.141",
      "csv-host-name": "vBond-Pod8",
      "/512/vpn-instance/dns/vpn512_dns_primary/dns-addr": "208.67.222.222",
      "/512/eth0/interface/ip/address": "100.64.254.141/24",
      "/0/vpn-instance/dns/vpn0_dns_primary/dns-addr": "208.67.222.222",
      "/0/vpn-instance/ip/route/vpn0_ipv4_ip_prefix/prefix": "0.0.0.0/0",
      "/0/vpn-instance/ip/route/vpn0_ipv4_ip_prefix/next-hop/vpn0_next_hop_ip_address_0/address": "64.102.247.129",
      "/0/ge0/0/interface/ip/address": "64.102.247.137/25",
      "//system/host-name": "vBond-Pod8",
      "//system/system-ip": "100.64.255.141",
      "///ntp/server/ntp_server_host/name": "100.64.1.1"
    }
  ]
}