{
  "header": {
    "generatedOn": 1624912681239,
    "columns": [
      {
        "property": "csv-status",
        "title": "Status",
        "toolTip": "Input status",
        "hideable": false,
        "dataType": "string",
        "editable": false,
        "isDisplay": true,
        "isLeftPinned": true,
        "minWidth": 30,
        "width": 30,
        "display": "icon",
        "iconProperty": "csv-status",
        "icon": [
          {
            "key": "complete",
            "value": "images/template_complete.png"
          },
          {
            "key": "in_complete",
            "value": "images/template_in_complete.png"
          }
        ]
      },
      {
        "property": "csv-deviceId",
        "title": "Chassis Number",
        "toolTip": "UUID: csv-deviceId",
        "hideable": false,
        "dataType": "string",
        "editable": false,
        "isDisplay": true,
        "isLeftPinned": true,
        "objectType": "object",
        "templateType": "None",
        "values": false,
        "optional": false,
        "width": 280
      },
      {
        "property": "csv-deviceIP",
        "title": "System IP",
        "toolTip": "Device IP: csv-deviceIP",
        "hideable": false,
        "dataType": "string",
        "editable": false,
        "isDisplay": true,
        "isLeftPinned": true,
        "objectType": "object",
        "templateType": "None",
        "values": false,
        "optional": false,
        "width": 100
      },
      {
        "property": "csv-host-name",
        "title": "Hostname",
        "toolTip": "Host name: csv-host-name",
        "hideable": false,
        "dataType": "string",
        "editable": false,
        "isDisplay": true,
        "isLeftPinned": true,
        "objectType": "object",
        "templateType": "None",
        "values": false,
        "optional": false,
        "width": 180
      },
      {
        "property": "/512/eth1/interface/ip/address",
        "title": "IPv4 Address(vpn512_if_ip_address)",
        "toolTip": "Assign IPv4 address: /512/eth1/interface/ip/address",
        "hideable": false,
        "dataType": "ipv4-prefix",
        "editable": true,
        "isDisplay": true,
        "isLeftPinned": false,
        "objectType": "object",
        "templateType": "vpn-vsmart-interface",
        "values": false,
        "optional": false,
        "width": 100
      },
      {
        "property": "/0/eth0/interface/ip/address",
        "title": "IPv4 Address(vpn0_if_ip_address)",
        "toolTip": "Assign IPv4 address: /0/eth0/interface/ip/address",
        "hideable": false,
        "dataType": "ipv4-prefix",
        "editable": true,
        "isDisplay": true,
        "isLeftPinned": false,
        "objectType": "object",
        "templateType": "vpn-vsmart-interface",
        "values": false,
        "optional": false,
        "width": 100
      },
      {
        "property": "//system/host-name",
        "title": "Hostname(system_host_name)",
        "toolTip": "Set the hostname: //system/host-name",
        "hideable": false,
        "dataType": "string",
        "editable": true,
        "isDisplay": true,
        "isLeftPinned": false,
        "objectType": "object",
        "templateType": "system-vsmart",
        "values": false,
        "optional": false,
        "width": 100
      },
      {
        "property": "//system/system-ip",
        "title": "System IP(system_system_ip)",
        "toolTip": "Set the system IP address: //system/system-ip",
        "hideable": false,
        "dataType": "string",
        "editable": true,
        "isDisplay": true,
        "isLeftPinned": false,
        "objectType": "object",
        "templateType": "system-vsmart",
        "values": false,
        "optional": false,
        "width": 100
      },
      {
        "property": "//system/site-id",
        "title": "Site ID(system_site_id)",
        "toolTip": "Set the site ID: //system/site-id",
        "hideable": false,
        "dataType": "number",
        "editable": true,
        "isDisplay": true,
        "isLeftPinned": false,
        "objectType": "object",
        "templateType": "system-vsmart",
        "values": false,
        "optional": false,
        "width": 100
      }
    ],
    "templateVariableCount": 5,
    "fields": {}
  },
  "data": [
    {
      "csv-status": "complete",
      "csv-deviceId": "20d584f2-12ed-40e7-a7d2-9e2bcbfa96fc",
      "csv-deviceIP": "100.64.255.140",
      "csv-host-name": "vSmart-Pod8",
      "/512/eth1/interface/ip/address": "100.64.254.140/24",
      "/0/eth0/interface/ip/address": "64.102.247.138/25",
      "//system/host-name": "vSmart-Pod8",
      "//system/system-ip": "100.64.255.140",
      "//system/site-id": "1"
    }
  ]
}